corpus	app	file	module_outcome	n_exports	n_compiled	n_skipped
FIXTURES	-	/Users/tom/Developer/ablative/stack/beamr/crates/beamr/tests/fixtures/bignum.beam	loaded	7	3	4
FIXTURES	-	/Users/tom/Developer/ablative/stack/beamr/crates/beamr/tests/fixtures/bs_create_bin_fixture.beam	loaded	19	2	17
FIXTURES	-	/Users/tom/Developer/ablative/stack/beamr/crates/beamr/tests/fixtures/caught_exception_exit.beam	loaded	4	2	2
FIXTURES	-	/Users/tom/Developer/ablative/stack/beamr/crates/beamr/tests/fixtures/fc_probe.beam	loaded	4	3	1
FIXTURES	-	/Users/tom/Developer/ablative/stack/beamr/crates/beamr/tests/fixtures/frameless.beam	loaded	4	4	0
FIXTURES	gleam_gate	/Users/tom/Developer/ablative/stack/beamr/crates/beamr/tests/fixtures/gleam_gate/beamr_gate.beam	loaded	3	2	1
FIXTURES	gleam_gate	/Users/tom/Developer/ablative/stack/beamr/crates/beamr/tests/fixtures/gleam_gate/beamr_probe.beam	loaded	3	2	1
FIXTURES	gleam_gate	/Users/tom/Developer/ablative/stack/beamr/crates/beamr/tests/fixtures/gleam_gate/gleam@bit_array.beam	loaded	20	10	10
FIXTURES	gleam_gate	/Users/tom/Developer/ablative/stack/beamr/crates/beamr/tests/fixtures/gleam_gate/gleam@bool.beam	loaded	12	6	6
FIXTURES	gleam_gate	/Users/tom/Developer/ablative/stack/beamr/crates/beamr/tests/fixtures/gleam_gate/gleam@bytes_tree.beam	loaded	16	10	6
FIXTURES	gleam_gate	/Users/tom/Developer/ablative/stack/beamr/crates/beamr/tests/fixtures/gleam_gate/gleam@dict.beam	loaded	23	13	10
FIXTURES	gleam_gate	/Users/tom/Developer/ablative/stack/beamr/crates/beamr/tests/fixtures/gleam_gate/gleam@dynamic.beam	loaded	12	11	1
FIXTURES	gleam_gate	/Users/tom/Developer/ablative/stack/beamr/crates/beamr/tests/fixtures/gleam_gate/gleam@dynamic@decode.beam	loaded	27	3	24
FIXTURES	gleam_gate	/Users/tom/Developer/ablative/stack/beamr/crates/beamr/tests/fixtures/gleam_gate/gleam@float.beam	loaded	29	13	16
FIXTURES	gleam_gate	/Users/tom/Developer/ablative/stack/beamr/crates/beamr/tests/fixtures/gleam_gate/gleam@function.beam	loaded	3	3	0
FIXTURES	gleam_gate	/Users/tom/Developer/ablative/stack/beamr/crates/beamr/tests/fixtures/gleam_gate/gleam@int.beam	loaded	38	15	23
FIXTURES	gleam_gate	/Users/tom/Developer/ablative/stack/beamr/crates/beamr/tests/fixtures/gleam_gate/gleam@io.beam	loaded	6	6	0
FIXTURES	gleam_gate	/Users/tom/Developer/ablative/stack/beamr/crates/beamr/tests/fixtures/gleam_gate/gleam@json.beam	loaded	16	11	5
FIXTURES	gleam_gate	/Users/tom/Developer/ablative/stack/beamr/crates/beamr/tests/fixtures/gleam_gate/gleam@list.beam	loaded	67	10	57
FIXTURES	gleam_gate	/Users/tom/Developer/ablative/stack/beamr/crates/beamr/tests/fixtures/gleam_gate/gleam@option.beam	loaded	15	4	11
FIXTURES	gleam_gate	/Users/tom/Developer/ablative/stack/beamr/crates/beamr/tests/fixtures/gleam_gate/gleam@order.beam	loaded	8	3	5
FIXTURES	gleam_gate	/Users/tom/Developer/ablative/stack/beamr/crates/beamr/tests/fixtures/gleam_gate/gleam@pair.beam	loaded	8	3	5
FIXTURES	gleam_gate	/Users/tom/Developer/ablative/stack/beamr/crates/beamr/tests/fixtures/gleam_gate/gleam@result.beam	loaded	19	2	17
FIXTURES	gleam_gate	/Users/tom/Developer/ablative/stack/beamr/crates/beamr/tests/fixtures/gleam_gate/gleam@set.beam	loaded	22	3	19
FIXTURES	gleam_gate	/Users/tom/Developer/ablative/stack/beamr/crates/beamr/tests/fixtures/gleam_gate/gleam@string.beam	loaded	41	17	24
FIXTURES	gleam_gate	/Users/tom/Developer/ablative/stack/beamr/crates/beamr/tests/fixtures/gleam_gate/gleam@string_tree.beam	loaded	20	17	3
FIXTURES	gleam_gate	/Users/tom/Developer/ablative/stack/beamr/crates/beamr/tests/fixtures/gleam_gate/gleam@uri.beam	loaded	11	6	5
FIXTURES	gleam_gate	/Users/tom/Developer/ablative/stack/beamr/crates/beamr/tests/fixtures/gleam_gate/gleam_json_ffi.beam	loaded	12	7	5
FIXTURES	gleam_gate	/Users/tom/Developer/ablative/stack/beamr/crates/beamr/tests/fixtures/gleam_gate/gleam_stdlib.beam	loaded	49	7	42
FIXTURES	gleam_otp_spike/beams	/Users/tom/Developer/ablative/stack/beamr/crates/beamr/tests/fixtures/gleam_otp_spike/beams/actor_spike.beam	loaded	5	2	3
FIXTURES	gleam_otp_spike/beams	/Users/tom/Developer/ablative/stack/beamr/crates/beamr/tests/fixtures/gleam_otp_spike/beams/gleam@bit_array.beam	loaded	20	10	10
FIXTURES	gleam_otp_spike/beams	/Users/tom/Developer/ablative/stack/beamr/crates/beamr/tests/fixtures/gleam_otp_spike/beams/gleam@dict.beam	loaded	23	13	10
FIXTURES	gleam_otp_spike/beams	/Users/tom/Developer/ablative/stack/beamr/crates/beamr/tests/fixtures/gleam_otp_spike/beams/gleam@dynamic.beam	loaded	12	11	1
FIXTURES	gleam_otp_spike/beams	/Users/tom/Developer/ablative/stack/beamr/crates/beamr/tests/fixtures/gleam_otp_spike/beams/gleam@dynamic@decode.beam	loaded	27	3	24
FIXTURES	gleam_otp_spike/beams	/Users/tom/Developer/ablative/stack/beamr/crates/beamr/tests/fixtures/gleam_otp_spike/beams/gleam@erlang@process.beam	loaded	47	26	21
FIXTURES	gleam_otp_spike/beams	/Users/tom/Developer/ablative/stack/beamr/crates/beamr/tests/fixtures/gleam_otp_spike/beams/gleam@float.beam	loaded	29	13	16
FIXTURES	gleam_otp_spike/beams	/Users/tom/Developer/ablative/stack/beamr/crates/beamr/tests/fixtures/gleam_otp_spike/beams/gleam@int.beam	loaded	38	15	23
FIXTURES	gleam_otp_spike/beams	/Users/tom/Developer/ablative/stack/beamr/crates/beamr/tests/fixtures/gleam_otp_spike/beams/gleam@list.beam	loaded	67	10	57
FIXTURES	gleam_otp_spike/beams	/Users/tom/Developer/ablative/stack/beamr/crates/beamr/tests/fixtures/gleam_otp_spike/beams/gleam@otp@actor.beam	loaded	16	10	6
FIXTURES	gleam_otp_spike/beams	/Users/tom/Developer/ablative/stack/beamr/crates/beamr/tests/fixtures/gleam_otp_spike/beams/gleam@result.beam	loaded	19	2	17
FIXTURES	gleam_otp_spike/beams	/Users/tom/Developer/ablative/stack/beamr/crates/beamr/tests/fixtures/gleam_otp_spike/beams/gleam@string.beam	loaded	41	17	24
FIXTURES	gleam_otp_spike/beams	/Users/tom/Developer/ablative/stack/beamr/crates/beamr/tests/fixtures/gleam_otp_spike/beams/gleam@string_tree.beam	loaded	20	17	3
FIXTURES	gleam_otp_spike/beams	/Users/tom/Developer/ablative/stack/beamr/crates/beamr/tests/fixtures/gleam_otp_spike/beams/gleam_erlang_ffi.beam	loaded	27	4	23
FIXTURES	gleam_otp_spike/beams	/Users/tom/Developer/ablative/stack/beamr/crates/beamr/tests/fixtures/gleam_otp_spike/beams/gleam_otp_external.beam	loaded	7	5	2
FIXTURES	gleam_otp_spike/beams	/Users/tom/Developer/ablative/stack/beamr/crates/beamr/tests/fixtures/gleam_otp_spike/beams/gleam_stdlib.beam	loaded	49	7	42
FIXTURES	-	/Users/tom/Developer/ablative/stack/beamr/crates/beamr/tests/fixtures/guard_bif_probe.beam	loaded	3	2	1
FIXTURES	-	/Users/tom/Developer/ablative/stack/beamr/crates/beamr/tests/fixtures/hello.beam	loaded	4	3	1
FIXTURES	hot_code	/Users/tom/Developer/ablative/stack/beamr/crates/beamr/tests/fixtures/hot_code/closure_test_v1.beam	loaded	5	3	2
FIXTURES	hot_code	/Users/tom/Developer/ablative/stack/beamr/crates/beamr/tests/fixtures/hot_code/closure_test_v2.beam	loaded	5	3	2
FIXTURES	hot_code	/Users/tom/Developer/ablative/stack/beamr/crates/beamr/tests/fixtures/hot_code/counter_v1.beam	loaded	4	3	1
FIXTURES	hot_code	/Users/tom/Developer/ablative/stack/beamr/crates/beamr/tests/fixtures/hot_code/counter_v2.beam	loaded	4	3	1
FIXTURES	hot_code	/Users/tom/Developer/ablative/stack/beamr/crates/beamr/tests/fixtures/hot_code/deferred_caller.beam	loaded	3	3	0
FIXTURES	hot_code	/Users/tom/Developer/ablative/stack/beamr/crates/beamr/tests/fixtures/hot_code/on_load_crash.beam	loaded	4	3	1
FIXTURES	hot_code	/Users/tom/Developer/ablative/stack/beamr/crates/beamr/tests/fixtures/hot_code/on_load_ok.beam	loaded	4	3	1
FIXTURES	hot_code	/Users/tom/Developer/ablative/stack/beamr/crates/beamr/tests/fixtures/hot_code/spawn_parent.beam	loaded	5	5	0
FIXTURES	-	/Users/tom/Developer/ablative/stack/beamr/crates/beamr/tests/fixtures/if_probe.beam	loaded	5	3	2
FIXTURES	-	/Users/tom/Developer/ablative/stack/beamr/crates/beamr/tests/fixtures/is_function2_guard.beam	loaded	6	2	4
FIXTURES	-	/Users/tom/Developer/ablative/stack/beamr/crates/beamr/tests/fixtures/is_function_bif.beam	loaded	9	4	5
FIXTURES	-	/Users/tom/Developer/ablative/stack/beamr/crates/beamr/tests/fixtures/jit_badarith.beam	loaded	4	4	0
FIXTURES	-	/Users/tom/Developer/ablative/stack/beamr/crates/beamr/tests/fixtures/jit_countdown_loop.beam	loaded	4	4	0
FIXTURES	-	/Users/tom/Developer/ablative/stack/beamr/crates/beamr/tests/fixtures/jit_real_function.beam	loaded	4	3	1
FIXTURES	-	/Users/tom/Developer/ablative/stack/beamr/crates/beamr/tests/fixtures/mfa_provenance.beam	loaded	3	2	1
FIXTURES	-	/Users/tom/Developer/ablative/stack/beamr/crates/beamr/tests/fixtures/monitor_down_probe.beam	loaded	4	3	1
FIXTURES	otp	/Users/tom/Developer/ablative/stack/beamr/crates/beamr/tests/fixtures/otp/gleam@erlang@process.beam	loaded	47	23	24
FIXTURES	otp	/Users/tom/Developer/ablative/stack/beamr/crates/beamr/tests/fixtures/otp/gleam@otp@actor.beam	loaded	9	6	3
FIXTURES	otp	/Users/tom/Developer/ablative/stack/beamr/crates/beamr/tests/fixtures/otp/gleam@otp@supervisor.beam	loaded	10	5	5
FIXTURES	otp	/Users/tom/Developer/ablative/stack/beamr/crates/beamr/tests/fixtures/otp/gleam_erlang_ffi.beam	loaded	34	3	31
FIXTURES	otp	/Users/tom/Developer/ablative/stack/beamr/crates/beamr/tests/fixtures/otp/gleam_otp_external.beam	loaded	5	3	2
FIXTURES	-	/Users/tom/Developer/ablative/stack/beamr/crates/beamr/tests/fixtures/proof.beam	loaded	7	5	2
FIXTURES	-	/Users/tom/Developer/ablative/stack/beamr/crates/beamr/tests/fixtures/recv_after_timer.beam	loaded	4	2	2
FIXTURES	-	/Users/tom/Developer/ablative/stack/beamr/crates/beamr/tests/fixtures/recv_jit.beam	loaded	5	2	3
FIXTURES	-	/Users/tom/Developer/ablative/stack/beamr/crates/beamr/tests/fixtures/recv_marker_fixture.beam	loaded	3	2	1
FIXTURES	-	/Users/tom/Developer/ablative/stack/beamr/crates/beamr/tests/fixtures/recv_marker_timeout_fixture.beam	loaded	3	2	1
FIXTURES	stdlib	/Users/tom/Developer/ablative/stack/beamr/crates/beamr/tests/fixtures/stdlib/lists.beam	loaded	6	2	4
FIXTURES	stdlib	/Users/tom/Developer/ablative/stack/beamr/crates/beamr/tests/fixtures/stdlib/maps_hof.beam	loaded	4	2	2
FIXTURES	-	/Users/tom/Developer/ablative/stack/beamr/crates/beamr/tests/fixtures/suspend_binary_fixture.beam	loaded	3	2	1
FIXTURES	-	/Users/tom/Developer/ablative/stack/beamr/crates/beamr/tests/fixtures/suspend_reexec_fixture.beam	loaded	4	2	2
FIXTURES	-	/Users/tom/Developer/ablative/stack/beamr/crates/beamr/tests/fixtures/suspend_reexec_helper.beam	loaded	3	3	0
FIXTURES	-	/Users/tom/Developer/ablative/stack/beamr/crates/beamr/tests/fixtures/tagged_tuple_patterns.beam	loaded	4	2	2
OTP_STDLIB	asn1-5.5	/opt/homebrew/Cellar/erlang/29.0.3/lib/erlang/lib/asn1-5.5/ebin/asn1_db.beam	loaded	11	2	9
OTP_STDLIB	asn1-5.5	/opt/homebrew/Cellar/erlang/29.0.3/lib/erlang/lib/asn1-5.5/ebin/asn1ct.beam	loaded	45	2	43
OTP_STDLIB	asn1-5.5	/opt/homebrew/Cellar/erlang/29.0.3/lib/erlang/lib/asn1-5.5/ebin/asn1ct_check.beam	loaded	5	2	3
OTP_STDLIB	asn1-5.5	/opt/homebrew/Cellar/erlang/29.0.3/lib/erlang/lib/asn1-5.5/ebin/asn1ct_constructed_ber_bin_v2.beam	loaded	10	2	8
OTP_STDLIB	asn1-5.5	/opt/homebrew/Cellar/erlang/29.0.3/lib/erlang/lib/asn1-5.5/ebin/asn1ct_constructed_per.beam	loaded	10	2	8
OTP_STDLIB	asn1-5.5	/opt/homebrew/Cellar/erlang/29.0.3/lib/erlang/lib/asn1-5.5/ebin/asn1ct_eval_ext.beam	loaded	4	3	1
OTP_STDLIB	asn1-5.5	/opt/homebrew/Cellar/erlang/29.0.3/lib/erlang/lib/asn1-5.5/ebin/asn1ct_func.beam	loaded	13	3	10
OTP_STDLIB	asn1-5.5	/opt/homebrew/Cellar/erlang/29.0.3/lib/erlang/lib/asn1-5.5/ebin/asn1ct_gen.beam	loaded	26	6	20
OTP_STDLIB	asn1-5.5	/opt/homebrew/Cellar/erlang/29.0.3/lib/erlang/lib/asn1-5.5/ebin/asn1ct_gen_ber_bin_v2.beam	loaded	17	3	14
OTP_STDLIB	asn1-5.5	/opt/homebrew/Cellar/erlang/29.0.3/lib/erlang/lib/asn1-5.5/ebin/asn1ct_gen_check.beam	loaded	3	2	1
OTP_STDLIB	asn1-5.5	/opt/homebrew/Cellar/erlang/29.0.3/lib/erlang/lib/asn1-5.5/ebin/asn1ct_gen_jer.beam	loaded	23	12	11
OTP_STDLIB	asn1-5.5	/opt/homebrew/Cellar/erlang/29.0.3/lib/erlang/lib/asn1-5.5/ebin/asn1ct_gen_per.beam	loaded	14	4	10
OTP_STDLIB	asn1-5.5	/opt/homebrew/Cellar/erlang/29.0.3/lib/erlang/lib/asn1-5.5/ebin/asn1ct_imm.beam	loaded	47	4	43
OTP_STDLIB	asn1-5.5	/opt/homebrew/Cellar/erlang/29.0.3/lib/erlang/lib/asn1-5.5/ebin/asn1ct_name.beam	loaded	9	2	7
OTP_STDLIB	asn1-5.5	/opt/homebrew/Cellar/erlang/29.0.3/lib/erlang/lib/asn1-5.5/ebin/asn1ct_parser2.beam	loaded	4	2	2
OTP_STDLIB	asn1-5.5	/opt/homebrew/Cellar/erlang/29.0.3/lib/erlang/lib/asn1-5.5/ebin/asn1ct_partial_decode.beam	loaded	4	2	2
OTP_STDLIB	asn1-5.5	/opt/homebrew/Cellar/erlang/29.0.3/lib/erlang/lib/asn1-5.5/ebin/asn1ct_pretty_format.beam	loaded	3	2	1
OTP_STDLIB	asn1-5.5	/opt/homebrew/Cellar/erlang/29.0.3/lib/erlang/lib/asn1-5.5/ebin/asn1ct_rtt.beam	loaded	5	3	2
OTP_STDLIB	asn1-5.5	/opt/homebrew/Cellar/erlang/29.0.3/lib/erlang/lib/asn1-5.5/ebin/asn1ct_table.beam	loaded	11	2	9
OTP_STDLIB	asn1-5.5	/opt/homebrew/Cellar/erlang/29.0.3/lib/erlang/lib/asn1-5.5/ebin/asn1ct_tok.beam	loaded	4	2	2
OTP_STDLIB	asn1-5.5	/opt/homebrew/Cellar/erlang/29.0.3/lib/erlang/lib/asn1-5.5/ebin/asn1ct_value.beam	loaded	3	2	1
OTP_STDLIB	asn1-5.5	/opt/homebrew/Cellar/erlang/29.0.3/lib/erlang/lib/asn1-5.5/ebin/asn1rt_nif.beam	loaded	5	2	3
OTP_STDLIB	common_test-1.31.1	/opt/homebrew/Cellar/erlang/29.0.3/lib/erlang/lib/common_test-1.31.1/ebin/ct.beam	loaded	74	42	32
OTP_STDLIB	common_test-1.31.1	/opt/homebrew/Cellar/erlang/29.0.3/lib/erlang/lib/common_test-1.31.1/ebin/ct_config.beam	loaded	30	2	28
OTP_STDLIB	common_test-1.31.1	/opt/homebrew/Cellar/erlang/29.0.3/lib/erlang/lib/common_test-1.31.1/ebin/ct_config_plain.beam	loaded	4	2	2
OTP_STDLIB	common_test-1.31.1	/opt/homebrew/Cellar/erlang/29.0.3/lib/erlang/lib/common_test-1.31.1/ebin/ct_config_xml.beam	loaded	4	2	2
OTP_STDLIB	common_test-1.31.1	/opt/homebrew/Cellar/erlang/29.0.3/lib/erlang/lib/common_test-1.31.1/ebin/ct_conn_log_h.beam	loaded	7	3	4
OTP_STDLIB	common_test-1.31.1	/opt/homebrew/Cellar/erlang/29.0.3/lib/erlang/lib/common_test-1.31.1/ebin/ct_cover.beam	loaded	6	3	3
OTP_STDLIB	common_test-1.31.1	/opt/homebrew/Cellar/erlang/29.0.3/lib/erlang/lib/common_test-1.31.1/ebin/ct_default_gl.beam	loaded	9	5	4
OTP_STDLIB	common_test-1.31.1	/opt/homebrew/Cellar/erlang/29.0.3/lib/erlang/lib/common_test-1.31.1/ebin/ct_doctest.beam	loaded	8	2	6
OTP_STDLIB	common_test-1.31.1	/opt/homebrew/Cellar/erlang/29.0.3/lib/erlang/lib/common_test-1.31.1/ebin/ct_event.beam	loaded	17	8	9
OTP_STDLIB	common_test-1.31.1	/opt/homebrew/Cellar/erlang/29.0.3/lib/erlang/lib/common_test-1.31.1/ebin/ct_framework.beam	loaded	19	6	13
OTP_STDLIB	common_test-1.31.1	/opt/homebrew/Cellar/erlang/29.0.3/lib/erlang/lib/common_test-1.31.1/ebin/ct_ftp.beam	loaded	18	2	16
OTP_STDLIB	common_test-1.31.1	/opt/homebrew/Cellar/erlang/29.0.3/lib/erlang/lib/common_test-1.31.1/ebin/ct_gen_conn.beam	loaded	21	5	16
OTP_STDLIB	common_test-1.31.1	/opt/homebrew/Cellar/erlang/29.0.3/lib/erlang/lib/common_test-1.31.1/ebin/ct_groups.beam	loaded	9	2	7
OTP_STDLIB	common_test-1.31.1	/opt/homebrew/Cellar/erlang/29.0.3/lib/erlang/lib/common_test-1.31.1/ebin/ct_hooks.beam	loaded	11	2	9
OTP_STDLIB	common_test-1.31.1	/opt/homebrew/Cellar/erlang/29.0.3/lib/erlang/lib/common_test-1.31.1/ebin/ct_hooks_lock.beam	loaded	12	5	7
OTP_STDLIB	common_test-1.31.1	/opt/homebrew/Cellar/erlang/29.0.3/lib/erlang/lib/common_test-1.31.1/ebin/ct_logs.beam	loaded	45	2	43
OTP_STDLIB	common_test-1.31.1	/opt/homebrew/Cellar/erlang/29.0.3/lib/erlang/lib/common_test-1.31.1/ebin/ct_make.beam	loaded	6	2	4
OTP_STDLIB	common_test-1.31.1	/opt/homebrew/Cellar/erlang/29.0.3/lib/erlang/lib/common_test-1.31.1/ebin/ct_master.beam	loaded	18	3	15
OTP_STDLIB	common_test-1.31.1	/opt/homebrew/Cellar/erlang/29.0.3/lib/erlang/lib/common_test-1.31.1/ebin/ct_master_event.beam	loaded	14	8	6
OTP_STDLIB	common_test-1.31.1	/opt/homebrew/Cellar/erlang/29.0.3/lib/erlang/lib/common_test-1.31.1/ebin/ct_master_logs.beam	loaded	7	2	5
OTP_STDLIB	common_test-1.31.1	/opt/homebrew/Cellar/erlang/29.0.3/lib/erlang/lib/common_test-1.31.1/ebin/ct_master_status.beam	loaded	8	6	2
OTP_STDLIB	common_test-1.31.1	/opt/homebrew/Cellar/erlang/29.0.3/lib/erlang/lib/common_test-1.31.1/ebin/ct_netconfc.beam	loaded	59	2	57
OTP_STDLIB	common_test-1.31.1	/opt/homebrew/Cellar/erlang/29.0.3/lib/erlang/lib/common_test-1.31.1/ebin/ct_property_test.beam	loaded	14	2	12
OTP_STDLIB	common_test-1.31.1	/opt/homebrew/Cellar/erlang/29.0.3/lib/erlang/lib/common_test-1.31.1/ebin/ct_release_test.beam	loaded	8	2	6
OTP_STDLIB	common_test-1.31.1	/opt/homebrew/Cellar/erlang/29.0.3/lib/erlang/lib/common_test-1.31.1/ebin/ct_repeat.beam	loaded	4	2	2
OTP_STDLIB	common_test-1.31.1	/opt/homebrew/Cellar/erlang/29.0.3/lib/erlang/lib/common_test-1.31.1/ebin/ct_rpc.beam	loaded	10	2	8
OTP_STDLIB	common_test-1.31.1	/opt/homebrew/Cellar/erlang/29.0.3/lib/erlang/lib/common_test-1.31.1/ebin/ct_run.beam	loaded	18	2	16
OTP_STDLIB	common_test-1.31.1	/opt/homebrew/Cellar/erlang/29.0.3/lib/erlang/lib/common_test-1.31.1/ebin/ct_slave.beam	loaded	10	2	8
OTP_STDLIB	common_test-1.31.1	/opt/homebrew/Cellar/erlang/29.0.3/lib/erlang/lib/common_test-1.31.1/ebin/ct_snmp.beam	loaded	20	4	16
OTP_STDLIB	common_test-1.31.1	/opt/homebrew/Cellar/erlang/29.0.3/lib/erlang/lib/common_test-1.31.1/ebin/ct_ssh.beam	loaded	82	2	80
OTP_STDLIB	common_test-1.31.1	/opt/homebrew/Cellar/erlang/29.0.3/lib/erlang/lib/common_test-1.31.1/ebin/ct_suite.beam	loaded	3	2	1
OTP_STDLIB	common_test-1.31.1	/opt/homebrew/Cellar/erlang/29.0.3/lib/erlang/lib/common_test-1.31.1/ebin/ct_telnet.beam	loaded	29	3	26
OTP_STDLIB	common_test-1.31.1	/opt/homebrew/Cellar/erlang/29.0.3/lib/erlang/lib/common_test-1.31.1/ebin/ct_telnet_client.beam	loaded	11	2	9
OTP_STDLIB	common_test-1.31.1	/opt/homebrew/Cellar/erlang/29.0.3/lib/erlang/lib/common_test-1.31.1/ebin/ct_testspec.beam	loaded	11	2	9
OTP_STDLIB	common_test-1.31.1	/opt/homebrew/Cellar/erlang/29.0.3/lib/erlang/lib/common_test-1.31.1/ebin/ct_util.beam	loaded	66	4	62
OTP_STDLIB	common_test-1.31.1	/opt/homebrew/Cellar/erlang/29.0.3/lib/erlang/lib/common_test-1.31.1/ebin/cte_track.beam	loaded	8	5	3
OTP_STDLIB	common_test-1.31.1	/opt/homebrew/Cellar/erlang/29.0.3/lib/erlang/lib/common_test-1.31.1/ebin/cth_conn_log.beam	loaded	5	2	3
OTP_STDLIB	common_test-1.31.1	/opt/homebrew/Cellar/erlang/29.0.3/lib/erlang/lib/common_test-1.31.1/ebin/cth_log_redirect.beam	loaded	22	8	14
OTP_STDLIB	common_test-1.31.1	/opt/homebrew/Cellar/erlang/29.0.3/lib/erlang/lib/common_test-1.31.1/ebin/cth_surefire.beam	loaded	20	3	17
OTP_STDLIB	common_test-1.31.1	/opt/homebrew/Cellar/erlang/29.0.3/lib/erlang/lib/common_test-1.31.1/ebin/erl2html2.beam	loaded	4	2	2
OTP_STDLIB	common_test-1.31.1	/opt/homebrew/Cellar/erlang/29.0.3/lib/erlang/lib/common_test-1.31.1/ebin/test_server.beam	loaded	63	8	55
OTP_STDLIB	common_test-1.31.1	/opt/homebrew/Cellar/erlang/29.0.3/lib/erlang/lib/common_test-1.31.1/ebin/test_server_ctrl.beam	loaded	85	3	82
OTP_STDLIB	common_test-1.31.1	/opt/homebrew/Cellar/erlang/29.0.3/lib/erlang/lib/common_test-1.31.1/ebin/test_server_gl.beam	loaded	16	6	10
OTP_STDLIB	common_test-1.31.1	/opt/homebrew/Cellar/erlang/29.0.3/lib/erlang/lib/common_test-1.31.1/ebin/test_server_io.beam	loaded	20	3	17
OTP_STDLIB	common_test-1.31.1	/opt/homebrew/Cellar/erlang/29.0.3/lib/erlang/lib/common_test-1.31.1/ebin/test_server_node.beam	loaded	9	2	7
OTP_STDLIB	common_test-1.31.1	/opt/homebrew/Cellar/erlang/29.0.3/lib/erlang/lib/common_test-1.31.1/ebin/test_server_sup.beam	loaded	30	2	28
OTP_STDLIB	common_test-1.31.1	/opt/homebrew/Cellar/erlang/29.0.3/lib/erlang/lib/common_test-1.31.1/ebin/unix_telnet.beam	loaded	4	2	2
OTP_STDLIB	compiler-10.0.2	/opt/homebrew/Cellar/erlang/29.0.3/lib/erlang/lib/compiler-10.0.2/ebin/beam_a.beam	loaded	3	2	1
OTP_STDLIB	compiler-10.0.2	/opt/homebrew/Cellar/erlang/29.0.3/lib/erlang/lib/compiler-10.0.2/ebin/beam_asm.beam	loaded	4	2	2
OTP_STDLIB	compiler-10.0.2	/opt/homebrew/Cellar/erlang/29.0.3/lib/erlang/lib/compiler-10.0.2/ebin/beam_block.beam	loaded	3	2	1
OTP_STDLIB	compiler-10.0.2	/opt/homebrew/Cellar/erlang/29.0.3/lib/erlang/lib/compiler-10.0.2/ebin/beam_bounds.beam	loaded	7	2	5
OTP_STDLIB	compiler-10.0.2	/opt/homebrew/Cellar/erlang/29.0.3/lib/erlang/lib/compiler-10.0.2/ebin/beam_call_types.beam	loaded	5	2	3
OTP_STDLIB	compiler-10.0.2	/opt/homebrew/Cellar/erlang/29.0.3/lib/erlang/lib/compiler-10.0.2/ebin/beam_clean.beam	loaded	3	2	1
OTP_STDLIB	compiler-10.0.2	/opt/homebrew/Cellar/erlang/29.0.3/lib/erlang/lib/compiler-10.0.2/ebin/beam_core_to_ssa.beam	loaded	4	2	2
OTP_STDLIB	compiler-10.0.2	/opt/homebrew/Cellar/erlang/29.0.3/lib/erlang/lib/compiler-10.0.2/ebin/beam_dict.beam	loaded	26	5	21
OTP_STDLIB	compiler-10.0.2	/opt/homebrew/Cellar/erlang/29.0.3/lib/erlang/lib/compiler-10.0.2/ebin/beam_disasm.beam	loaded	5	3	2
OTP_STDLIB	compiler-10.0.2	/opt/homebrew/Cellar/erlang/29.0.3/lib/erlang/lib/compiler-10.0.2/ebin/beam_doc.beam	loaded	4	2	2
OTP_STDLIB	compiler-10.0.2	/opt/homebrew/Cellar/erlang/29.0.3/lib/erlang/lib/compiler-10.0.2/ebin/beam_flatten.beam	loaded	3	2	1
OTP_STDLIB	compiler-10.0.2	/opt/homebrew/Cellar/erlang/29.0.3/lib/erlang/lib/compiler-10.0.2/ebin/beam_jump.beam	loaded	4	2	2
OTP_STDLIB	compiler-10.0.2	/opt/homebrew/Cellar/erlang/29.0.3/lib/erlang/lib/compiler-10.0.2/ebin/beam_listing.beam	loaded	3	2	1
OTP_STDLIB	compiler-10.0.2	/opt/homebrew/Cellar/erlang/29.0.3/lib/erlang/lib/compiler-10.0.2/ebin/beam_opcodes.beam	loaded	5	4	1
OTP_STDLIB	compiler-10.0.2	/opt/homebrew/Cellar/erlang/29.0.3/lib/erlang/lib/compiler-10.0.2/ebin/beam_ssa.beam	loaded	38	5	33
OTP_STDLIB	compiler-10.0.2	/opt/homebrew/Cellar/erlang/29.0.3/lib/erlang/lib/compiler-10.0.2/ebin/beam_ssa_alias.beam	loaded	3	2	1
OTP_STDLIB	compiler-10.0.2	/opt/homebrew/Cellar/erlang/29.0.3/lib/erlang/lib/compiler-10.0.2/ebin/beam_ssa_bc_size.beam	loaded	3	2	1
OTP_STDLIB	compiler-10.0.2	/opt/homebrew/Cellar/erlang/29.0.3/lib/erlang/lib/compiler-10.0.2/ebin/beam_ssa_bool.beam	loaded	3	2	1
OTP_STDLIB	compiler-10.0.2	/opt/homebrew/Cellar/erlang/29.0.3/lib/erlang/lib/compiler-10.0.2/ebin/beam_ssa_bsm.beam	loaded	4	2	2
OTP_STDLIB	compiler-10.0.2	/opt/homebrew/Cellar/erlang/29.0.3/lib/erlang/lib/compiler-10.0.2/ebin/beam_ssa_check.beam	loaded	4	2	2
OTP_STDLIB	compiler-10.0.2	/opt/homebrew/Cellar/erlang/29.0.3/lib/erlang/lib/compiler-10.0.2/ebin/beam_ssa_codegen.beam	loaded	5	2	3
OTP_STDLIB	compiler-10.0.2	/opt/homebrew/Cellar/erlang/29.0.3/lib/erlang/lib/compiler-10.0.2/ebin/beam_ssa_dead.beam	loaded	3	2	1
OTP_STDLIB	compiler-10.0.2	/opt/homebrew/Cellar/erlang/29.0.3/lib/erlang/lib/compiler-10.0.2/ebin/beam_ssa_destructive_update.beam	loaded	3	2	1
OTP_STDLIB	compiler-10.0.2	/opt/homebrew/Cellar/erlang/29.0.3/lib/erlang/lib/compiler-10.0.2/ebin/beam_ssa_lint.beam	loaded	4	2	2
OTP_STDLIB	compiler-10.0.2	/opt/homebrew/Cellar/erlang/29.0.3/lib/erlang/lib/compiler-10.0.2/ebin/beam_ssa_opt.beam	loaded	3	2	1
OTP_STDLIB	compiler-10.0.2	/opt/homebrew/Cellar/erlang/29.0.3/lib/erlang/lib/compiler-10.0.2/ebin/beam_ssa_pp.beam	loaded	6	2	4
OTP_STDLIB	compiler-10.0.2	/opt/homebrew/Cellar/erlang/29.0.3/lib/erlang/lib/compiler-10.0.2/ebin/beam_ssa_pre_codegen.beam	loaded	3	2	1
OTP_STDLIB	compiler-10.0.2	/opt/homebrew/Cellar/erlang/29.0.3/lib/erlang/lib/compiler-10.0.2/ebin/beam_ssa_recv.beam	loaded	4	2	2
OTP_STDLIB	compiler-10.0.2	/opt/homebrew/Cellar/erlang/29.0.3/lib/erlang/lib/compiler-10.0.2/ebin/beam_ssa_share.beam	loaded	4	2	2
OTP_STDLIB	compiler-10.0.2	/opt/homebrew/Cellar/erlang/29.0.3/lib/erlang/lib/compiler-10.0.2/ebin/beam_ssa_ss.beam	loaded	21	8	13
OTP_STDLIB	compiler-10.0.2	/opt/homebrew/Cellar/erlang/29.0.3/lib/erlang/lib/compiler-10.0.2/ebin/beam_ssa_throw.beam	loaded	3	2	1
OTP_STDLIB	compiler-10.0.2	/opt/homebrew/Cellar/erlang/29.0.3/lib/erlang/lib/compiler-10.0.2/ebin/beam_ssa_type.beam	loaded	6	2	4
OTP_STDLIB	compiler-10.0.2	/opt/homebrew/Cellar/erlang/29.0.3/lib/erlang/lib/compiler-10.0.2/ebin/beam_trim.beam	loaded	3	2	1
OTP_STDLIB	compiler-10.0.2	/opt/homebrew/Cellar/erlang/29.0.3/lib/erlang/lib/compiler-10.0.2/ebin/beam_types.beam	loaded	30	5	25
OTP_STDLIB	compiler-10.0.2	/opt/homebrew/Cellar/erlang/29.0.3/lib/erlang/lib/compiler-10.0.2/ebin/beam_utils.beam	loaded	4	2	2
OTP_STDLIB	compiler-10.0.2	/opt/homebrew/Cellar/erlang/29.0.3/lib/erlang/lib/compiler-10.0.2/ebin/beam_validator.beam	loaded	4	2	2
OTP_STDLIB	compiler-10.0.2	/opt/homebrew/Cellar/erlang/29.0.3/lib/erlang/lib/compiler-10.0.2/ebin/beam_z.beam	loaded	3	2	1
OTP_STDLIB	compiler-10.0.2	/opt/homebrew/Cellar/erlang/29.0.3/lib/erlang/lib/compiler-10.0.2/ebin/cerl.beam	loaded	269	124	145
OTP_STDLIB	compiler-10.0.2	/opt/homebrew/Cellar/erlang/29.0.3/lib/erlang/lib/compiler-10.0.2/ebin/cerl_clauses.beam	loaded	9	2	7
OTP_STDLIB	compiler-10.0.2	/opt/homebrew/Cellar/erlang/29.0.3/lib/erlang/lib/compiler-10.0.2/ebin/cerl_inline.beam	loaded	5	2	3
OTP_STDLIB	compiler-10.0.2	/opt/homebrew/Cellar/erlang/29.0.3/lib/erlang/lib/compiler-10.0.2/ebin/cerl_trees.beam	loaded	14	2	12
OTP_STDLIB	compiler-10.0.2	/opt/homebrew/Cellar/erlang/29.0.3/lib/erlang/lib/compiler-10.0.2/ebin/compile.beam	loaded	18	2	16
OTP_STDLIB	compiler-10.0.2	/opt/homebrew/Cellar/erlang/29.0.3/lib/erlang/lib/compiler-10.0.2/ebin/core_lib.beam	loaded	4	2	2
OTP_STDLIB	compiler-10.0.2	/opt/homebrew/Cellar/erlang/29.0.3/lib/erlang/lib/compiler-10.0.2/ebin/core_lint.beam	loaded	5	2	3
OTP_STDLIB	compiler-10.0.2	/opt/homebrew/Cellar/erlang/29.0.3/lib/erlang/lib/compiler-10.0.2/ebin/core_parse.beam	loaded	5	2	3
OTP_STDLIB	compiler-10.0.2	/opt/homebrew/Cellar/erlang/29.0.3/lib/erlang/lib/compiler-10.0.2/ebin/core_pp.beam	loaded	4	2	2
OTP_STDLIB	compiler-10.0.2	/opt/homebrew/Cellar/erlang/29.0.3/lib/erlang/lib/compiler-10.0.2/ebin/core_scan.beam	loaded	5	2	3
OTP_STDLIB	compiler-10.0.2	/opt/homebrew/Cellar/erlang/29.0.3/lib/erlang/lib/compiler-10.0.2/ebin/erl_bifs.beam	loaded	5	5	0
OTP_STDLIB	compiler-10.0.2	/opt/homebrew/Cellar/erlang/29.0.3/lib/erlang/lib/compiler-10.0.2/ebin/rec_env.beam	loaded	18	2	16
OTP_STDLIB	compiler-10.0.2	/opt/homebrew/Cellar/erlang/29.0.3/lib/erlang/lib/compiler-10.0.2/ebin/sys_core_alias.beam	loaded	3	2	1
OTP_STDLIB	compiler-10.0.2	/opt/homebrew/Cellar/erlang/29.0.3/lib/erlang/lib/compiler-10.0.2/ebin/sys_core_bsm.beam	loaded	3	2	1
OTP_STDLIB	compiler-10.0.2	/opt/homebrew/Cellar/erlang/29.0.3/lib/erlang/lib/compiler-10.0.2/ebin/sys_core_fold.beam	loaded	4	2	2
OTP_STDLIB	compiler-10.0.2	/opt/homebrew/Cellar/erlang/29.0.3/lib/erlang/lib/compiler-10.0.2/ebin/sys_core_fold_lists.beam	loaded	3	2	1
OTP_STDLIB	compiler-10.0.2	/opt/homebrew/Cellar/erlang/29.0.3/lib/erlang/lib/compiler-10.0.2/ebin/sys_core_inline.beam	loaded	3	2	1
OTP_STDLIB	compiler-10.0.2	/opt/homebrew/Cellar/erlang/29.0.3/lib/erlang/lib/compiler-10.0.2/ebin/sys_core_prepare.beam	loaded	3	2	1
OTP_STDLIB	compiler-10.0.2	/opt/homebrew/Cellar/erlang/29.0.3/lib/erlang/lib/compiler-10.0.2/ebin/sys_coverage.beam	loaded	5	2	3
OTP_STDLIB	compiler-10.0.2	/opt/homebrew/Cellar/erlang/29.0.3/lib/erlang/lib/compiler-10.0.2/ebin/sys_messages.beam	loaded	4	2	2
OTP_STDLIB	compiler-10.0.2	/opt/homebrew/Cellar/erlang/29.0.3/lib/erlang/lib/compiler-10.0.2/ebin/sys_pre_attributes.beam	loaded	3	2	1
OTP_STDLIB	compiler-10.0.2	/opt/homebrew/Cellar/erlang/29.0.3/lib/erlang/lib/compiler-10.0.2/ebin/v3_core.beam	loaded	4	2	2
OTP_STDLIB	crypto-5.9.1	/opt/homebrew/Cellar/erlang/29.0.3/lib/erlang/lib/crypto-5.9.1/ebin/crypto.beam	loaded	105	6	99
OTP_STDLIB	crypto-5.9.1	/opt/homebrew/Cellar/erlang/29.0.3/lib/erlang/lib/crypto-5.9.1/ebin/crypto_ec_curves.beam	loaded	5	2	3
OTP_STDLIB	debugger-7.0	/opt/homebrew/Cellar/erlang/29.0.3/lib/erlang/lib/debugger-7.0/ebin/dbg_debugged.beam	loaded	3	2	1
OTP_STDLIB	debugger-7.0	/opt/homebrew/Cellar/erlang/29.0.3/lib/erlang/lib/debugger-7.0/ebin/dbg_icmd.beam	loaded	16	2	14
OTP_STDLIB	debugger-7.0	/opt/homebrew/Cellar/erlang/29.0.3/lib/erlang/lib/debugger-7.0/ebin/dbg_idb.beam	loaded	5	4	1
OTP_STDLIB	debugger-7.0	/opt/homebrew/Cellar/erlang/29.0.3/lib/erlang/lib/debugger-7.0/ebin/dbg_ieval.beam	load-error(load: failed to decode BEAM data: unsupported opcode 186)	0	0	0
OTP_STDLIB	debugger-7.0	/opt/homebrew/Cellar/erlang/29.0.3/lib/erlang/lib/debugger-7.0/ebin/dbg_iload.beam	loaded	3	2	1
OTP_STDLIB	debugger-7.0	/opt/homebrew/Cellar/erlang/29.0.3/lib/erlang/lib/debugger-7.0/ebin/dbg_iserver.beam	loaded	17	9	8
OTP_STDLIB	debugger-7.0	/opt/homebrew/Cellar/erlang/29.0.3/lib/erlang/lib/debugger-7.0/ebin/dbg_istk.beam	loaded	15	2	13
OTP_STDLIB	debugger-7.0	/opt/homebrew/Cellar/erlang/29.0.3/lib/erlang/lib/debugger-7.0/ebin/dbg_wx_break.beam	loaded	6	2	4
OTP_STDLIB	debugger-7.0	/opt/homebrew/Cellar/erlang/29.0.3/lib/erlang/lib/debugger-7.0/ebin/dbg_wx_break_win.beam	loaded	5	2	3
OTP_STDLIB	debugger-7.0	/opt/homebrew/Cellar/erlang/29.0.3/lib/erlang/lib/debugger-7.0/ebin/dbg_wx_code.beam	loaded	13	5	8
OTP_STDLIB	debugger-7.0	/opt/homebrew/Cellar/erlang/29.0.3/lib/erlang/lib/debugger-7.0/ebin/dbg_wx_filedialog_win.beam	loaded	14	10	4
OTP_STDLIB	debugger-7.0	/opt/homebrew/Cellar/erlang/29.0.3/lib/erlang/lib/debugger-7.0/ebin/dbg_wx_interpret.beam	loaded	3	2	1
OTP_STDLIB	debugger-7.0	/opt/homebrew/Cellar/erlang/29.0.3/lib/erlang/lib/debugger-7.0/ebin/dbg_wx_mon.beam	loaded	4	2	2
OTP_STDLIB	debugger-7.0	/opt/homebrew/Cellar/erlang/29.0.3/lib/erlang/lib/debugger-7.0/ebin/dbg_wx_mon_win.beam	loaded	20	3	17
OTP_STDLIB	debugger-7.0	/opt/homebrew/Cellar/erlang/29.0.3/lib/erlang/lib/debugger-7.0/ebin/dbg_wx_settings.beam	loaded	4	2	2
OTP_STDLIB	debugger-7.0	/opt/homebrew/Cellar/erlang/29.0.3/lib/erlang/lib/debugger-7.0/ebin/dbg_wx_src_view.beam	loaded	3	2	1
OTP_STDLIB	debugger-7.0	/opt/homebrew/Cellar/erlang/29.0.3/lib/erlang/lib/debugger-7.0/ebin/dbg_wx_trace.beam	loaded	6	2	4
OTP_STDLIB	debugger-7.0	/opt/homebrew/Cellar/erlang/29.0.3/lib/erlang/lib/debugger-7.0/ebin/dbg_wx_trace_win.beam	loaded	32	4	28
OTP_STDLIB	debugger-7.0	/opt/homebrew/Cellar/erlang/29.0.3/lib/erlang/lib/debugger-7.0/ebin/dbg_wx_view.beam	loaded	3	2	1
OTP_STDLIB	debugger-7.0	/opt/homebrew/Cellar/erlang/29.0.3/lib/erlang/lib/debugger-7.0/ebin/dbg_wx_win.beam	loaded	15	3	12
OTP_STDLIB	debugger-7.0	/opt/homebrew/Cellar/erlang/29.0.3/lib/erlang/lib/debugger-7.0/ebin/dbg_wx_winman.beam	loaded	14	4	10
OTP_STDLIB	debugger-7.0	/opt/homebrew/Cellar/erlang/29.0.3/lib/erlang/lib/debugger-7.0/ebin/debugger.beam	loaded	8	3	5
OTP_STDLIB	debugger-7.0	/opt/homebrew/Cellar/erlang/29.0.3/lib/erlang/lib/debugger-7.0/ebin/i.beam	loaded	34	19	15
OTP_STDLIB	debugger-7.0	/opt/homebrew/Cellar/erlang/29.0.3/lib/erlang/lib/debugger-7.0/ebin/int.beam	loaded	46	21	25
OTP_STDLIB	dialyzer-6.0.2	/opt/homebrew/Cellar/erlang/29.0.3/lib/erlang/lib/dialyzer-6.0.2/ebin/cerl_prettypr.beam	loaded	5	2	3
OTP_STDLIB	dialyzer-6.0.2	/opt/homebrew/Cellar/erlang/29.0.3/lib/erlang/lib/dialyzer-6.0.2/ebin/dialyzer.beam	loaded	9	2	7
OTP_STDLIB	dialyzer-6.0.2	/opt/homebrew/Cellar/erlang/29.0.3/lib/erlang/lib/dialyzer-6.0.2/ebin/dialyzer_analysis_callgraph.beam	loaded	7	2	5
OTP_STDLIB	dialyzer-6.0.2	/opt/homebrew/Cellar/erlang/29.0.3/lib/erlang/lib/dialyzer-6.0.2/ebin/dialyzer_behaviours.beam	loaded	4	2	2
OTP_STDLIB	dialyzer-6.0.2	/opt/homebrew/Cellar/erlang/29.0.3/lib/erlang/lib/dialyzer-6.0.2/ebin/dialyzer_callgraph.beam	loaded	30	2	28
OTP_STDLIB	dialyzer-6.0.2	/opt/homebrew/Cellar/erlang/29.0.3/lib/erlang/lib/dialyzer-6.0.2/ebin/dialyzer_cl.beam	loaded	5	2	3
OTP_STDLIB	dialyzer-6.0.2	/opt/homebrew/Cellar/erlang/29.0.3/lib/erlang/lib/dialyzer-6.0.2/ebin/dialyzer_cl_parse.beam	loaded	3	2	1
OTP_STDLIB	dialyzer-6.0.2	/opt/homebrew/Cellar/erlang/29.0.3/lib/erlang/lib/dialyzer-6.0.2/ebin/dialyzer_clean_core.beam	loaded	3	2	1
OTP_STDLIB	dialyzer-6.0.2	/opt/homebrew/Cellar/erlang/29.0.3/lib/erlang/lib/dialyzer-6.0.2/ebin/dialyzer_codeserver.beam	load-error(load: failed to decode BEAM data: unsupported opcode 186)	0	0	0
OTP_STDLIB	dialyzer-6.0.2	/opt/homebrew/Cellar/erlang/29.0.3/lib/erlang/lib/dialyzer-6.0.2/ebin/dialyzer_contracts.beam	loaded	15	3	12
OTP_STDLIB	dialyzer-6.0.2	/opt/homebrew/Cellar/erlang/29.0.3/lib/erlang/lib/dialyzer-6.0.2/ebin/dialyzer_coordinator.beam	loaded	9	4	5
OTP_STDLIB	dialyzer-6.0.2	/opt/homebrew/Cellar/erlang/29.0.3/lib/erlang/lib/dialyzer-6.0.2/ebin/dialyzer_cplt.beam	loaded	13	2	11
OTP_STDLIB	dialyzer-6.0.2	/opt/homebrew/Cellar/erlang/29.0.3/lib/erlang/lib/dialyzer-6.0.2/ebin/dialyzer_dataflow.beam	loaded	5	2	3
OTP_STDLIB	dialyzer-6.0.2	/opt/homebrew/Cellar/erlang/29.0.3/lib/erlang/lib/dialyzer-6.0.2/ebin/dialyzer_dep.beam	loaded	3	2	1
OTP_STDLIB	dialyzer-6.0.2	/opt/homebrew/Cellar/erlang/29.0.3/lib/erlang/lib/dialyzer-6.0.2/ebin/dialyzer_dot.beam	loaded	7	2	5
OTP_STDLIB	dialyzer-6.0.2	/opt/homebrew/Cellar/erlang/29.0.3/lib/erlang/lib/dialyzer-6.0.2/ebin/dialyzer_incremental.beam	loaded	5	2	3
OTP_STDLIB	dialyzer-6.0.2	/opt/homebrew/Cellar/erlang/29.0.3/lib/erlang/lib/dialyzer-6.0.2/ebin/dialyzer_iplt.beam	loaded	13	2	11
OTP_STDLIB	dialyzer-6.0.2	/opt/homebrew/Cellar/erlang/29.0.3/lib/erlang/lib/dialyzer-6.0.2/ebin/dialyzer_options.beam	loaded	5	2	3
OTP_STDLIB	dialyzer-6.0.2	/opt/homebrew/Cellar/erlang/29.0.3/lib/erlang/lib/dialyzer-6.0.2/ebin/dialyzer_plt.beam	loaded	25	3	22
OTP_STDLIB	dialyzer-6.0.2	/opt/homebrew/Cellar/erlang/29.0.3/lib/erlang/lib/dialyzer-6.0.2/ebin/dialyzer_succ_typings.beam	loaded	9	3	6
OTP_STDLIB	dialyzer-6.0.2	/opt/homebrew/Cellar/erlang/29.0.3/lib/erlang/lib/dialyzer-6.0.2/ebin/dialyzer_timing.beam	loaded	7	2	5
OTP_STDLIB	dialyzer-6.0.2	/opt/homebrew/Cellar/erlang/29.0.3/lib/erlang/lib/dialyzer-6.0.2/ebin/dialyzer_typegraph.beam	loaded	3	2	1
OTP_STDLIB	dialyzer-6.0.2	/opt/homebrew/Cellar/erlang/29.0.3/lib/erlang/lib/dialyzer-6.0.2/ebin/dialyzer_typesig.beam	loaded	4	2	2
OTP_STDLIB	dialyzer-6.0.2	/opt/homebrew/Cellar/erlang/29.0.3/lib/erlang/lib/dialyzer-6.0.2/ebin/dialyzer_utils.beam	loaded	29	3	26
OTP_STDLIB	dialyzer-6.0.2	/opt/homebrew/Cellar/erlang/29.0.3/lib/erlang/lib/dialyzer-6.0.2/ebin/dialyzer_worker.beam	loaded	3	2	1
OTP_STDLIB	dialyzer-6.0.2	/opt/homebrew/Cellar/erlang/29.0.3/lib/erlang/lib/dialyzer-6.0.2/ebin/erl_bif_types.beam	loaded	7	2	5
OTP_STDLIB	dialyzer-6.0.2	/opt/homebrew/Cellar/erlang/29.0.3/lib/erlang/lib/dialyzer-6.0.2/ebin/erl_types.beam	load-error(load: failed to decode BEAM data: unsupported opcode 186)	0	0	0
OTP_STDLIB	dialyzer-6.0.2	/opt/homebrew/Cellar/erlang/29.0.3/lib/erlang/lib/dialyzer-6.0.2/ebin/typer.beam	loaded	3	2	1
OTP_STDLIB	dialyzer-6.0.2	/opt/homebrew/Cellar/erlang/29.0.3/lib/erlang/lib/dialyzer-6.0.2/ebin/typer_core.beam	loaded	3	2	1
OTP_STDLIB	diameter-2.7.1	/opt/homebrew/Cellar/erlang/29.0.3/lib/erlang/lib/diameter-2.7.1/ebin/diameter.beam	loaded	25	21	4
OTP_STDLIB	diameter-2.7.1	/opt/homebrew/Cellar/erlang/29.0.3/lib/erlang/lib/diameter-2.7.1/ebin/diameter_app.beam	loaded	5	4	1
OTP_STDLIB	diameter-2.7.1	/opt/homebrew/Cellar/erlang/29.0.3/lib/erlang/lib/diameter-2.7.1/ebin/diameter_callback.beam	loaded	18	7	11
OTP_STDLIB	diameter-2.7.1	/opt/homebrew/Cellar/erlang/29.0.3/lib/erlang/lib/diameter-2.7.1/ebin/diameter_capx.beam	loaded	7	2	5
OTP_STDLIB	diameter-2.7.1	/opt/homebrew/Cellar/erlang/29.0.3/lib/erlang/lib/diameter-2.7.1/ebin/diameter_codec.beam	loaded	15	2	13
OTP_STDLIB	diameter-2.7.1	/opt/homebrew/Cellar/erlang/29.0.3/lib/erlang/lib/diameter-2.7.1/ebin/diameter_codegen.beam	loaded	4	2	2
OTP_STDLIB	diameter-2.7.1	/opt/homebrew/Cellar/erlang/29.0.3/lib/erlang/lib/diameter-2.7.1/ebin/diameter_config.beam	loaded	22	6	16
OTP_STDLIB	diameter-2.7.1	/opt/homebrew/Cellar/erlang/29.0.3/lib/erlang/lib/diameter-2.7.1/ebin/diameter_config_sup.beam	loaded	5	3	2
OTP_STDLIB	diameter-2.7.1	/opt/homebrew/Cellar/erlang/29.0.3/lib/erlang/lib/diameter-2.7.1/ebin/diameter_dbg.beam	loaded	28	6	22
OTP_STDLIB	diameter-2.7.1	/opt/homebrew/Cellar/erlang/29.0.3/lib/erlang/lib/diameter-2.7.1/ebin/diameter_dict_parser.beam	loaded	5	2	3
OTP_STDLIB	diameter-2.7.1	/opt/homebrew/Cellar/erlang/29.0.3/lib/erlang/lib/diameter-2.7.1/ebin/diameter_dict_scanner.beam	loaded	5	2	3
OTP_STDLIB	diameter-2.7.1	/opt/homebrew/Cellar/erlang/29.0.3/lib/erlang/lib/diameter-2.7.1/ebin/diameter_dict_util.beam	loaded	5	2	3
OTP_STDLIB	diameter-2.7.1	/opt/homebrew/Cellar/erlang/29.0.3/lib/erlang/lib/diameter-2.7.1/ebin/diameter_dist.beam	loaded	17	5	12
OTP_STDLIB	diameter-2.7.1	/opt/homebrew/Cellar/erlang/29.0.3/lib/erlang/lib/diameter-2.7.1/ebin/diameter_etcp.beam	loaded	19	8	11
OTP_STDLIB	diameter-2.7.1	/opt/homebrew/Cellar/erlang/29.0.3/lib/erlang/lib/diameter-2.7.1/ebin/diameter_etcp_sup.beam	loaded	6	4	2
OTP_STDLIB	diameter-2.7.1	/opt/homebrew/Cellar/erlang/29.0.3/lib/erlang/lib/diameter-2.7.1/ebin/diameter_exprecs.beam	loaded	3	2	1
OTP_STDLIB	diameter-2.7.1	/opt/homebrew/Cellar/erlang/29.0.3/lib/erlang/lib/diameter-2.7.1/ebin/diameter_gen.beam	loaded	7	2	5
OTP_STDLIB	diameter-2.7.1	/opt/homebrew/Cellar/erlang/29.0.3/lib/erlang/lib/diameter-2.7.1/ebin/diameter_gen_acct_rfc6733.beam	loaded	65	12	53
OTP_STDLIB	diameter-2.7.1	/opt/homebrew/Cellar/erlang/29.0.3/lib/erlang/lib/diameter-2.7.1/ebin/diameter_gen_base_accounting.beam	loaded	71	12	59
OTP_STDLIB	diameter-2.7.1	/opt/homebrew/Cellar/erlang/29.0.3/lib/erlang/lib/diameter-2.7.1/ebin/diameter_gen_base_rfc3588.beam	loaded	149	10	139
OTP_STDLIB	diameter-2.7.1	/opt/homebrew/Cellar/erlang/29.0.3/lib/erlang/lib/diameter-2.7.1/ebin/diameter_gen_base_rfc6733.beam	loaded	143	10	133
OTP_STDLIB	diameter-2.7.1	/opt/homebrew/Cellar/erlang/29.0.3/lib/erlang/lib/diameter-2.7.1/ebin/diameter_gen_doic_rfc7683.beam	loaded	41	11	30
OTP_STDLIB	diameter-2.7.1	/opt/homebrew/Cellar/erlang/29.0.3/lib/erlang/lib/diameter-2.7.1/ebin/diameter_gen_relay.beam	loaded	29	23	6
OTP_STDLIB	diameter-2.7.1	/opt/homebrew/Cellar/erlang/29.0.3/lib/erlang/lib/diameter-2.7.1/ebin/diameter_info.beam	loaded	25	2	23
OTP_STDLIB	diameter-2.7.1	/opt/homebrew/Cellar/erlang/29.0.3/lib/erlang/lib/diameter-2.7.1/ebin/diameter_lib.beam	loaded	22	4	18
OTP_STDLIB	diameter-2.7.1	/opt/homebrew/Cellar/erlang/29.0.3/lib/erlang/lib/diameter-2.7.1/ebin/diameter_make.beam	loaded	7	3	4
OTP_STDLIB	diameter-2.7.1	/opt/homebrew/Cellar/erlang/29.0.3/lib/erlang/lib/diameter-2.7.1/ebin/diameter_misc_sup.beam	loaded	4	2	2
OTP_STDLIB	diameter-2.7.1	/opt/homebrew/Cellar/erlang/29.0.3/lib/erlang/lib/diameter-2.7.1/ebin/diameter_peer.beam	loaded	21	6	15
OTP_STDLIB	diameter-2.7.1	/opt/homebrew/Cellar/erlang/29.0.3/lib/erlang/lib/diameter-2.7.1/ebin/diameter_peer_fsm.beam	loaded	13	6	7
OTP_STDLIB	diameter-2.7.1	/opt/homebrew/Cellar/erlang/29.0.3/lib/erlang/lib/diameter-2.7.1/ebin/diameter_peer_fsm_sup.beam	loaded	5	3	2
OTP_STDLIB	diameter-2.7.1	/opt/homebrew/Cellar/erlang/29.0.3/lib/erlang/lib/diameter-2.7.1/ebin/diameter_reg.beam	loaded	21	4	17
OTP_STDLIB	diameter-2.7.1	/opt/homebrew/Cellar/erlang/29.0.3/lib/erlang/lib/diameter-2.7.1/ebin/diameter_sctp.beam	loaded	14	4	10
OTP_STDLIB	diameter-2.7.1	/opt/homebrew/Cellar/erlang/29.0.3/lib/erlang/lib/diameter-2.7.1/ebin/diameter_sctp_sup.beam	loaded	6	3	3
OTP_STDLIB	diameter-2.7.1	/opt/homebrew/Cellar/erlang/29.0.3/lib/erlang/lib/diameter-2.7.1/ebin/diameter_service.beam	loaded	33	6	27
OTP_STDLIB	diameter-2.7.1	/opt/homebrew/Cellar/erlang/29.0.3/lib/erlang/lib/diameter-2.7.1/ebin/diameter_service_sup.beam	loaded	5	3	2
OTP_STDLIB	diameter-2.7.1	/opt/homebrew/Cellar/erlang/29.0.3/lib/erlang/lib/diameter-2.7.1/ebin/diameter_session.beam	loaded	7	3	4
OTP_STDLIB	diameter-2.7.1	/opt/homebrew/Cellar/erlang/29.0.3/lib/erlang/lib/diameter-2.7.1/ebin/diameter_stats.beam	loaded	18	4	14
OTP_STDLIB	diameter-2.7.1	/opt/homebrew/Cellar/erlang/29.0.3/lib/erlang/lib/diameter-2.7.1/ebin/diameter_sup.beam	loaded	5	2	3
OTP_STDLIB	diameter-2.7.1	/opt/homebrew/Cellar/erlang/29.0.3/lib/erlang/lib/diameter-2.7.1/ebin/diameter_sync.beam	loaded	22	4	18
OTP_STDLIB	diameter-2.7.1	/opt/homebrew/Cellar/erlang/29.0.3/lib/erlang/lib/diameter-2.7.1/ebin/diameter_tcp.beam	loaded	14	5	9
OTP_STDLIB	diameter-2.7.1	/opt/homebrew/Cellar/erlang/29.0.3/lib/erlang/lib/diameter-2.7.1/ebin/diameter_tcp_sup.beam	loaded	6	3	3
OTP_STDLIB	diameter-2.7.1	/opt/homebrew/Cellar/erlang/29.0.3/lib/erlang/lib/diameter-2.7.1/ebin/diameter_traffic.beam	loaded	14	3	11
OTP_STDLIB	diameter-2.7.1	/opt/homebrew/Cellar/erlang/29.0.3/lib/erlang/lib/diameter-2.7.1/ebin/diameter_transport.beam	loaded	6	4	2
OTP_STDLIB	diameter-2.7.1	/opt/homebrew/Cellar/erlang/29.0.3/lib/erlang/lib/diameter-2.7.1/ebin/diameter_transport_sup.beam	loaded	5	3	2
OTP_STDLIB	diameter-2.7.1	/opt/homebrew/Cellar/erlang/29.0.3/lib/erlang/lib/diameter-2.7.1/ebin/diameter_types.beam	loaded	16	2	14
OTP_STDLIB	diameter-2.7.1	/opt/homebrew/Cellar/erlang/29.0.3/lib/erlang/lib/diameter-2.7.1/ebin/diameter_watchdog.beam	loaded	10	6	4
OTP_STDLIB	diameter-2.7.1	/opt/homebrew/Cellar/erlang/29.0.3/lib/erlang/lib/diameter-2.7.1/ebin/diameter_watchdog_sup.beam	loaded	5	3	2
OTP_STDLIB	edoc-1.5	/opt/homebrew/Cellar/erlang/29.0.3/lib/erlang/lib/edoc-1.5/ebin/edoc.beam	loaded	24	4	20
OTP_STDLIB	edoc-1.5	/opt/homebrew/Cellar/erlang/29.0.3/lib/erlang/lib/edoc-1.5/ebin/edoc_cli.beam	loaded	3	2	1
OTP_STDLIB	edoc-1.5	/opt/homebrew/Cellar/erlang/29.0.3/lib/erlang/lib/edoc-1.5/ebin/edoc_data.beam	loaded	9	2	7
OTP_STDLIB	edoc-1.5	/opt/homebrew/Cellar/erlang/29.0.3/lib/erlang/lib/edoc-1.5/ebin/edoc_doclet.beam	loaded	4	2	2
OTP_STDLIB	edoc-1.5	/opt/homebrew/Cellar/erlang/29.0.3/lib/erlang/lib/edoc-1.5/ebin/edoc_doclet_chunks.beam	loaded	3	2	1
OTP_STDLIB	edoc-1.5	/opt/homebrew/Cellar/erlang/29.0.3/lib/erlang/lib/edoc-1.5/ebin/edoc_doclet_markdown.beam	loaded	3	2	1
OTP_STDLIB	edoc-1.5	/opt/homebrew/Cellar/erlang/29.0.3/lib/erlang/lib/edoc-1.5/ebin/edoc_extract.beam	loaded	10	2	8
OTP_STDLIB	edoc-1.5	/opt/homebrew/Cellar/erlang/29.0.3/lib/erlang/lib/edoc-1.5/ebin/edoc_html_to_markdown.beam	loaded	6	2	4
OTP_STDLIB	edoc-1.5	/opt/homebrew/Cellar/erlang/29.0.3/lib/erlang/lib/edoc-1.5/ebin/edoc_layout.beam	loaded	13	2	11
OTP_STDLIB	edoc-1.5	/opt/homebrew/Cellar/erlang/29.0.3/lib/erlang/lib/edoc-1.5/ebin/edoc_layout_chunks.beam	loaded	4	2	2
OTP_STDLIB	edoc-1.5	/opt/homebrew/Cellar/erlang/29.0.3/lib/erlang/lib/edoc-1.5/ebin/edoc_lib.beam	loaded	38	2	36
OTP_STDLIB	edoc-1.5	/opt/homebrew/Cellar/erlang/29.0.3/lib/erlang/lib/edoc-1.5/ebin/edoc_macros.beam	loaded	5	2	3
OTP_STDLIB	edoc-1.5	/opt/homebrew/Cellar/erlang/29.0.3/lib/erlang/lib/edoc-1.5/ebin/edoc_parser.beam	loaded	11	2	9
OTP_STDLIB	edoc-1.5	/opt/homebrew/Cellar/erlang/29.0.3/lib/erlang/lib/edoc-1.5/ebin/edoc_refs.beam	loaded	18	9	9
OTP_STDLIB	edoc-1.5	/opt/homebrew/Cellar/erlang/29.0.3/lib/erlang/lib/edoc-1.5/ebin/edoc_report.beam	loaded	12	2	10
OTP_STDLIB	edoc-1.5	/opt/homebrew/Cellar/erlang/29.0.3/lib/erlang/lib/edoc-1.5/ebin/edoc_run.beam	loaded	6	2	4
OTP_STDLIB	edoc-1.5	/opt/homebrew/Cellar/erlang/29.0.3/lib/erlang/lib/edoc-1.5/ebin/edoc_scanner.beam	loaded	5	2	3
OTP_STDLIB	edoc-1.5	/opt/homebrew/Cellar/erlang/29.0.3/lib/erlang/lib/edoc-1.5/ebin/edoc_specs.beam	loaded	9	4	5
OTP_STDLIB	edoc-1.5	/opt/homebrew/Cellar/erlang/29.0.3/lib/erlang/lib/edoc-1.5/ebin/edoc_tags.beam	loaded	12	2	10
OTP_STDLIB	edoc-1.5	/opt/homebrew/Cellar/erlang/29.0.3/lib/erlang/lib/edoc-1.5/ebin/edoc_types.beam	loaded	11	4	7
OTP_STDLIB	edoc-1.5	/opt/homebrew/Cellar/erlang/29.0.3/lib/erlang/lib/edoc-1.5/ebin/edoc_wiki.beam	loaded	4	2	2
OTP_STDLIB	eldap-1.3	/opt/homebrew/Cellar/erlang/29.0.3/lib/erlang/lib/eldap-1.3/ebin/ELDAPv3.beam	loaded	111	8	103
OTP_STDLIB	eldap-1.3	/opt/homebrew/Cellar/erlang/29.0.3/lib/erlang/lib/eldap-1.3/ebin/eldap.beam	loaded	51	13	38
OTP_STDLIB	erts-17.0.3	/opt/homebrew/Cellar/erlang/29.0.3/lib/erlang/lib/erts-17.0.3/ebin/atomics.beam	loaded	12	9	3
OTP_STDLIB	erts-17.0.3	/opt/homebrew/Cellar/erlang/29.0.3/lib/erlang/lib/erts-17.0.3/ebin/counters.beam	loaded	8	2	6
OTP_STDLIB	erts-17.0.3	/opt/homebrew/Cellar/erlang/29.0.3/lib/erlang/lib/erts-17.0.3/ebin/erl_init.beam	loaded	4	2	2
OTP_STDLIB	erts-17.0.3	/opt/homebrew/Cellar/erlang/29.0.3/lib/erlang/lib/erts-17.0.3/ebin/erl_prim_loader.beam	loaded	22	2	20
OTP_STDLIB	erts-17.0.3	/opt/homebrew/Cellar/erlang/29.0.3/lib/erlang/lib/erts-17.0.3/ebin/erl_tracer.beam	loaded	6	2	4
OTP_STDLIB	erts-17.0.3	/opt/homebrew/Cellar/erlang/29.0.3/lib/erlang/lib/erts-17.0.3/ebin/erlang.beam	loaded	353	278	75
OTP_STDLIB	erts-17.0.3	/opt/homebrew/Cellar/erlang/29.0.3/lib/erlang/lib/erts-17.0.3/ebin/erts_code_purger.beam	loaded	8	3	5
OTP_STDLIB	erts-17.0.3	/opt/homebrew/Cellar/erlang/29.0.3/lib/erlang/lib/erts-17.0.3/ebin/erts_dirty_process_signal_handler.beam	loaded	3	2	1
OTP_STDLIB	erts-17.0.3	/opt/homebrew/Cellar/erlang/29.0.3/lib/erlang/lib/erts-17.0.3/ebin/erts_internal.beam	loaded	100	75	25
OTP_STDLIB	erts-17.0.3	/opt/homebrew/Cellar/erlang/29.0.3/lib/erlang/lib/erts-17.0.3/ebin/erts_literal_area_collector.beam	loaded	5	4	1
OTP_STDLIB	erts-17.0.3	/opt/homebrew/Cellar/erlang/29.0.3/lib/erlang/lib/erts-17.0.3/ebin/erts_trace_cleaner.beam	loaded	5	4	1
OTP_STDLIB	erts-17.0.3	/opt/homebrew/Cellar/erlang/29.0.3/lib/erlang/lib/erts-17.0.3/ebin/init.beam	loaded	25	2	23
OTP_STDLIB	erts-17.0.3	/opt/homebrew/Cellar/erlang/29.0.3/lib/erlang/lib/erts-17.0.3/ebin/persistent_term.beam	loaded	9	9	0
OTP_STDLIB	erts-17.0.3	/opt/homebrew/Cellar/erlang/29.0.3/lib/erlang/lib/erts-17.0.3/ebin/prim_buffer.beam	loaded	13	2	11
OTP_STDLIB	erts-17.0.3	/opt/homebrew/Cellar/erlang/29.0.3/lib/erlang/lib/erts-17.0.3/ebin/prim_eval.beam	loaded	3	2	1
OTP_STDLIB	erts-17.0.3	/opt/homebrew/Cellar/erlang/29.0.3/lib/erlang/lib/erts-17.0.3/ebin/prim_file.beam	loaded	53	7	46
OTP_STDLIB	erts-17.0.3	/opt/homebrew/Cellar/erlang/29.0.3/lib/erlang/lib/erts-17.0.3/ebin/prim_inet.beam	loaded	62	2	60
OTP_STDLIB	erts-17.0.3	/opt/homebrew/Cellar/erlang/29.0.3/lib/erlang/lib/erts-17.0.3/ebin/prim_net.beam	loaded	20	0	20
OTP_STDLIB	erts-17.0.3	/opt/homebrew/Cellar/erlang/29.0.3/lib/erlang/lib/erts-17.0.3/ebin/prim_socket.beam	loaded	57	3	54
OTP_STDLIB	erts-17.0.3	/opt/homebrew/Cellar/erlang/29.0.3/lib/erlang/lib/erts-17.0.3/ebin/prim_zip.beam	loaded	7	2	5
OTP_STDLIB	erts-17.0.3	/opt/homebrew/Cellar/erlang/29.0.3/lib/erlang/lib/erts-17.0.3/ebin/socket_registry.beam	loaded	12	2	10
OTP_STDLIB	erts-17.0.3	/opt/homebrew/Cellar/erlang/29.0.3/lib/erlang/lib/erts-17.0.3/ebin/zlib.beam	loaded	31	2	29
OTP_STDLIB	et-1.8	/opt/homebrew/Cellar/erlang/29.0.3/lib/erlang/lib/et-1.8/ebin/et.beam	loaded	8	8	0
OTP_STDLIB	et-1.8	/opt/homebrew/Cellar/erlang/29.0.3/lib/erlang/lib/et-1.8/ebin/et_collector.beam	loaded	30	3	27
OTP_STDLIB	et-1.8	/opt/homebrew/Cellar/erlang/29.0.3/lib/erlang/lib/et-1.8/ebin/et_selector.beam	loaded	5	2	3
OTP_STDLIB	et-1.8	/opt/homebrew/Cellar/erlang/29.0.3/lib/erlang/lib/et-1.8/ebin/et_viewer.beam	loaded	11	2	9
OTP_STDLIB	et-1.8	/opt/homebrew/Cellar/erlang/29.0.3/lib/erlang/lib/et-1.8/ebin/et_wx_contents_viewer.beam	loaded	11	4	7
OTP_STDLIB	et-1.8	/opt/homebrew/Cellar/erlang/29.0.3/lib/erlang/lib/et-1.8/ebin/et_wx_viewer.beam	loaded	9	4	5
OTP_STDLIB	eunit-2.11	/opt/homebrew/Cellar/erlang/29.0.3/lib/erlang/lib/eunit-2.11/ebin/eunit.beam	loaded	25	8	17
OTP_STDLIB	eunit-2.11	/opt/homebrew/Cellar/erlang/29.0.3/lib/erlang/lib/eunit-2.11/ebin/eunit_autoexport.beam	loaded	3	2	1
OTP_STDLIB	eunit-2.11	/opt/homebrew/Cellar/erlang/29.0.3/lib/erlang/lib/eunit-2.11/ebin/eunit_data.beam	loaded	15	5	10
OTP_STDLIB	eunit-2.11	/opt/homebrew/Cellar/erlang/29.0.3/lib/erlang/lib/eunit-2.11/ebin/eunit_lib.beam	loaded	28	4	24
OTP_STDLIB	eunit-2.11	/opt/homebrew/Cellar/erlang/29.0.3/lib/erlang/lib/eunit-2.11/ebin/eunit_listener.beam	loaded	6	3	3
OTP_STDLIB	eunit-2.11	/opt/homebrew/Cellar/erlang/29.0.3/lib/erlang/lib/eunit-2.11/ebin/eunit_proc.beam	loaded	9	3	6
OTP_STDLIB	eunit-2.11	/opt/homebrew/Cellar/erlang/29.0.3/lib/erlang/lib/eunit-2.11/ebin/eunit_serial.beam	loaded	4	3	1
OTP_STDLIB	eunit-2.11	/opt/homebrew/Cellar/erlang/29.0.3/lib/erlang/lib/eunit-2.11/ebin/eunit_server.beam	loaded	10	3	7
OTP_STDLIB	eunit-2.11	/opt/homebrew/Cellar/erlang/29.0.3/lib/erlang/lib/eunit-2.11/ebin/eunit_striptests.beam	loaded	3	2	1
OTP_STDLIB	eunit-2.11	/opt/homebrew/Cellar/erlang/29.0.3/lib/erlang/lib/eunit-2.11/ebin/eunit_surefire.beam	loaded	10	4	6
OTP_STDLIB	eunit-2.11	/opt/homebrew/Cellar/erlang/29.0.3/lib/erlang/lib/eunit-2.11/ebin/eunit_test.beam	loaded	10	3	7
OTP_STDLIB	eunit-2.11	/opt/homebrew/Cellar/erlang/29.0.3/lib/erlang/lib/eunit-2.11/ebin/eunit_tests.beam	loaded	8	3	5
OTP_STDLIB	eunit-2.11	/opt/homebrew/Cellar/erlang/29.0.3/lib/erlang/lib/eunit-2.11/ebin/eunit_tty.beam	loaded	10	4	6
OTP_STDLIB	ftp-1.2.6	/opt/homebrew/Cellar/erlang/29.0.3/lib/erlang/lib/ftp-1.2.6/ebin/ftp.beam	loaded	44	40	4
OTP_STDLIB	ftp-1.2.6	/opt/homebrew/Cellar/erlang/29.0.3/lib/erlang/lib/ftp-1.2.6/ebin/ftp_app.beam	loaded	4	4	0
OTP_STDLIB	ftp-1.2.6	/opt/homebrew/Cellar/erlang/29.0.3/lib/erlang/lib/ftp-1.2.6/ebin/ftp_internal.beam	loaded	47	2	45
OTP_STDLIB	ftp-1.2.6	/opt/homebrew/Cellar/erlang/29.0.3/lib/erlang/lib/ftp-1.2.6/ebin/ftp_progress.beam	loaded	6	3	3
OTP_STDLIB	ftp-1.2.6	/opt/homebrew/Cellar/erlang/29.0.3/lib/erlang/lib/ftp-1.2.6/ebin/ftp_response.beam	loaded	5	2	3
OTP_STDLIB	ftp-1.2.6	/opt/homebrew/Cellar/erlang/29.0.3/lib/erlang/lib/ftp-1.2.6/ebin/ftp_sup.beam	loaded	5	3	2
OTP_STDLIB	inets-9.7.1	/opt/homebrew/Cellar/erlang/29.0.3/lib/erlang/lib/inets-9.7.1/ebin/http_chunk.beam	loaded	11	2	9
OTP_STDLIB	inets-9.7.1	/opt/homebrew/Cellar/erlang/29.0.3/lib/erlang/lib/inets-9.7.1/ebin/http_request.beam	loaded	7	2	5
OTP_STDLIB	inets-9.7.1	/opt/homebrew/Cellar/erlang/29.0.3/lib/erlang/lib/inets-9.7.1/ebin/http_response.beam	loaded	4	2	2
OTP_STDLIB	inets-9.7.1	/opt/homebrew/Cellar/erlang/29.0.3/lib/erlang/lib/inets-9.7.1/ebin/http_transport.beam	loaded	21	6	15
OTP_STDLIB	inets-9.7.1	/opt/homebrew/Cellar/erlang/29.0.3/lib/erlang/lib/inets-9.7.1/ebin/http_uri.beam	loaded	4	4	0
OTP_STDLIB	inets-9.7.1	/opt/homebrew/Cellar/erlang/29.0.3/lib/erlang/lib/inets-9.7.1/ebin/http_util.beam	loaded	15	7	8
OTP_STDLIB	inets-9.7.1	/opt/homebrew/Cellar/erlang/29.0.3/lib/erlang/lib/inets-9.7.1/ebin/httpc.beam	loaded	39	5	34
OTP_STDLIB	inets-9.7.1	/opt/homebrew/Cellar/erlang/29.0.3/lib/erlang/lib/inets-9.7.1/ebin/httpc_cookie.beam	loaded	11	2	9
OTP_STDLIB	inets-9.7.1	/opt/homebrew/Cellar/erlang/29.0.3/lib/erlang/lib/inets-9.7.1/ebin/httpc_handler.beam	loaded	13	3	10
OTP_STDLIB	inets-9.7.1	/opt/homebrew/Cellar/erlang/29.0.3/lib/erlang/lib/inets-9.7.1/ebin/httpc_handler_sup.beam	loaded	5	3	2
OTP_STDLIB	inets-9.7.1	/opt/homebrew/Cellar/erlang/29.0.3/lib/erlang/lib/inets-9.7.1/ebin/httpc_manager.beam	loaded	29	3	26
OTP_STDLIB	inets-9.7.1	/opt/homebrew/Cellar/erlang/29.0.3/lib/erlang/lib/inets-9.7.1/ebin/httpc_profile_sup.beam	loaded	7	2	5
OTP_STDLIB	inets-9.7.1	/opt/homebrew/Cellar/erlang/29.0.3/lib/erlang/lib/inets-9.7.1/ebin/httpc_request.beam	loaded	5	3	2
OTP_STDLIB	inets-9.7.1	/opt/homebrew/Cellar/erlang/29.0.3/lib/erlang/lib/inets-9.7.1/ebin/httpc_response.beam	loaded	14	3	11
OTP_STDLIB	inets-9.7.1	/opt/homebrew/Cellar/erlang/29.0.3/lib/erlang/lib/inets-9.7.1/ebin/httpc_sup.beam	loaded	4	2	2
OTP_STDLIB	inets-9.7.1	/opt/homebrew/Cellar/erlang/29.0.3/lib/erlang/lib/inets-9.7.1/ebin/httpd.beam	loaded	16	5	11
OTP_STDLIB	inets-9.7.1	/opt/homebrew/Cellar/erlang/29.0.3/lib/erlang/lib/inets-9.7.1/ebin/httpd_acceptor.beam	loaded	7	2	5
OTP_STDLIB	inets-9.7.1	/opt/homebrew/Cellar/erlang/29.0.3/lib/erlang/lib/inets-9.7.1/ebin/httpd_acceptor_sup.beam	loaded	4	2	2
OTP_STDLIB	inets-9.7.1	/opt/homebrew/Cellar/erlang/29.0.3/lib/erlang/lib/inets-9.7.1/ebin/httpd_cgi.beam	loaded	4	2	2
OTP_STDLIB	inets-9.7.1	/opt/homebrew/Cellar/erlang/29.0.3/lib/erlang/lib/inets-9.7.1/ebin/httpd_conf.beam	loaded	16	3	13
OTP_STDLIB	inets-9.7.1	/opt/homebrew/Cellar/erlang/29.0.3/lib/erlang/lib/inets-9.7.1/ebin/httpd_connection_sup.beam	loaded	6	4	2
OTP_STDLIB	inets-9.7.1	/opt/homebrew/Cellar/erlang/29.0.3/lib/erlang/lib/inets-9.7.1/ebin/httpd_custom.beam	loaded	7	4	3
OTP_STDLIB	inets-9.7.1	/opt/homebrew/Cellar/erlang/29.0.3/lib/erlang/lib/inets-9.7.1/ebin/httpd_custom_api.beam	loaded	3	2	1
OTP_STDLIB	inets-9.7.1	/opt/homebrew/Cellar/erlang/29.0.3/lib/erlang/lib/inets-9.7.1/ebin/httpd_esi.beam	loaded	4	2	2
OTP_STDLIB	inets-9.7.1	/opt/homebrew/Cellar/erlang/29.0.3/lib/erlang/lib/inets-9.7.1/ebin/httpd_example.beam	loaded	20	2	18
OTP_STDLIB	inets-9.7.1	/opt/homebrew/Cellar/erlang/29.0.3/lib/erlang/lib/inets-9.7.1/ebin/httpd_file.beam	loaded	3	2	1
OTP_STDLIB	inets-9.7.1	/opt/homebrew/Cellar/erlang/29.0.3/lib/erlang/lib/inets-9.7.1/ebin/httpd_instance_sup.beam	loaded	5	2	3
OTP_STDLIB	inets-9.7.1	/opt/homebrew/Cellar/erlang/29.0.3/lib/erlang/lib/inets-9.7.1/ebin/httpd_log.beam	loaded	6	2	4
OTP_STDLIB	inets-9.7.1	/opt/homebrew/Cellar/erlang/29.0.3/lib/erlang/lib/inets-9.7.1/ebin/httpd_logger.beam	loaded	5	2	3
OTP_STDLIB	inets-9.7.1	/opt/homebrew/Cellar/erlang/29.0.3/lib/erlang/lib/inets-9.7.1/ebin/httpd_manager.beam	loaded	20	3	17
OTP_STDLIB	inets-9.7.1	/opt/homebrew/Cellar/erlang/29.0.3/lib/erlang/lib/inets-9.7.1/ebin/httpd_misc_sup.beam	loaded	8	2	6
OTP_STDLIB	inets-9.7.1	/opt/homebrew/Cellar/erlang/29.0.3/lib/erlang/lib/inets-9.7.1/ebin/httpd_request.beam	loaded	16	2	14
OTP_STDLIB	inets-9.7.1	/opt/homebrew/Cellar/erlang/29.0.3/lib/erlang/lib/inets-9.7.1/ebin/httpd_request_handler.beam	loaded	12	4	8
OTP_STDLIB	inets-9.7.1	/opt/homebrew/Cellar/erlang/29.0.3/lib/erlang/lib/inets-9.7.1/ebin/httpd_response.beam	loaded	15	3	12
OTP_STDLIB	inets-9.7.1	/opt/homebrew/Cellar/erlang/29.0.3/lib/erlang/lib/inets-9.7.1/ebin/httpd_script_env.beam	loaded	3	2	1
OTP_STDLIB	inets-9.7.1	/opt/homebrew/Cellar/erlang/29.0.3/lib/erlang/lib/inets-9.7.1/ebin/httpd_socket.beam	loaded	6	4	2
OTP_STDLIB	inets-9.7.1	/opt/homebrew/Cellar/erlang/29.0.3/lib/erlang/lib/inets-9.7.1/ebin/httpd_sup.beam	loaded	9	3	6
OTP_STDLIB	inets-9.7.1	/opt/homebrew/Cellar/erlang/29.0.3/lib/erlang/lib/inets-9.7.1/ebin/httpd_util.beam	loaded	38	2	36
OTP_STDLIB	inets-9.7.1	/opt/homebrew/Cellar/erlang/29.0.3/lib/erlang/lib/inets-9.7.1/ebin/inets.beam	loaded	19	9	10
OTP_STDLIB	inets-9.7.1	/opt/homebrew/Cellar/erlang/29.0.3/lib/erlang/lib/inets-9.7.1/ebin/inets_app.beam	loaded	4	4	0
OTP_STDLIB	inets-9.7.1	/opt/homebrew/Cellar/erlang/29.0.3/lib/erlang/lib/inets-9.7.1/ebin/inets_lib.beam	loaded	5	2	3
OTP_STDLIB	inets-9.7.1	/opt/homebrew/Cellar/erlang/29.0.3/lib/erlang/lib/inets-9.7.1/ebin/inets_service.beam	loaded	3	2	1
OTP_STDLIB	inets-9.7.1	/opt/homebrew/Cellar/erlang/29.0.3/lib/erlang/lib/inets-9.7.1/ebin/inets_sup.beam	loaded	4	2	2
OTP_STDLIB	inets-9.7.1	/opt/homebrew/Cellar/erlang/29.0.3/lib/erlang/lib/inets-9.7.1/ebin/inets_trace.beam	loaded	8	3	5
OTP_STDLIB	inets-9.7.1	/opt/homebrew/Cellar/erlang/29.0.3/lib/erlang/lib/inets-9.7.1/ebin/mod_actions.beam	loaded	4	2	2
OTP_STDLIB	inets-9.7.1	/opt/homebrew/Cellar/erlang/29.0.3/lib/erlang/lib/inets-9.7.1/ebin/mod_alias.beam	loaded	8	2	6
OTP_STDLIB	inets-9.7.1	/opt/homebrew/Cellar/erlang/29.0.3/lib/erlang/lib/inets-9.7.1/ebin/mod_auth.beam	loaded	34	2	32
OTP_STDLIB	inets-9.7.1	/opt/homebrew/Cellar/erlang/29.0.3/lib/erlang/lib/inets-9.7.1/ebin/mod_auth_dets.beam	loaded	13	2	11
OTP_STDLIB	inets-9.7.1	/opt/homebrew/Cellar/erlang/29.0.3/lib/erlang/lib/inets-9.7.1/ebin/mod_auth_mnesia.beam	loaded	28	3	25
OTP_STDLIB	inets-9.7.1	/opt/homebrew/Cellar/erlang/29.0.3/lib/erlang/lib/inets-9.7.1/ebin/mod_auth_plain.beam	loaded	13	2	11
OTP_STDLIB	inets-9.7.1	/opt/homebrew/Cellar/erlang/29.0.3/lib/erlang/lib/inets-9.7.1/ebin/mod_auth_server.beam	loaded	22	5	17
OTP_STDLIB	inets-9.7.1	/opt/homebrew/Cellar/erlang/29.0.3/lib/erlang/lib/inets-9.7.1/ebin/mod_cgi.beam	loaded	5	2	3
OTP_STDLIB	inets-9.7.1	/opt/homebrew/Cellar/erlang/29.0.3/lib/erlang/lib/inets-9.7.1/ebin/mod_dir.beam	loaded	3	2	1
OTP_STDLIB	inets-9.7.1	/opt/homebrew/Cellar/erlang/29.0.3/lib/erlang/lib/inets-9.7.1/ebin/mod_disk_log.beam	loaded	8	2	6
OTP_STDLIB	inets-9.7.1	/opt/homebrew/Cellar/erlang/29.0.3/lib/erlang/lib/inets-9.7.1/ebin/mod_esi.beam	loaded	6	2	4
OTP_STDLIB	inets-9.7.1	/opt/homebrew/Cellar/erlang/29.0.3/lib/erlang/lib/inets-9.7.1/ebin/mod_get.beam	loaded	3	2	1
OTP_STDLIB	inets-9.7.1	/opt/homebrew/Cellar/erlang/29.0.3/lib/erlang/lib/inets-9.7.1/ebin/mod_head.beam	loaded	3	2	1
OTP_STDLIB	inets-9.7.1	/opt/homebrew/Cellar/erlang/29.0.3/lib/erlang/lib/inets-9.7.1/ebin/mod_log.beam	loaded	9	2	7
OTP_STDLIB	inets-9.7.1	/opt/homebrew/Cellar/erlang/29.0.3/lib/erlang/lib/inets-9.7.1/ebin/mod_range.beam	loaded	3	2	1
OTP_STDLIB	inets-9.7.1	/opt/homebrew/Cellar/erlang/29.0.3/lib/erlang/lib/inets-9.7.1/ebin/mod_responsecontrol.beam	loaded	3	2	1
OTP_STDLIB	inets-9.7.1	/opt/homebrew/Cellar/erlang/29.0.3/lib/erlang/lib/inets-9.7.1/ebin/mod_security.beam	loaded	17	5	12
OTP_STDLIB	inets-9.7.1	/opt/homebrew/Cellar/erlang/29.0.3/lib/erlang/lib/inets-9.7.1/ebin/mod_security_server.beam	loaded	24	5	19
OTP_STDLIB	inets-9.7.1	/opt/homebrew/Cellar/erlang/29.0.3/lib/erlang/lib/inets-9.7.1/ebin/mod_trace.beam	loaded	3	2	1
OTP_STDLIB	kernel-11.0.3	/opt/homebrew/Cellar/erlang/29.0.3/lib/erlang/lib/kernel-11.0.3/ebin/application.beam	loaded	41	17	24
OTP_STDLIB	kernel-11.0.3	/opt/homebrew/Cellar/erlang/29.0.3/lib/erlang/lib/kernel-11.0.3/ebin/application_controller.beam	loaded	48	7	41
OTP_STDLIB	kernel-11.0.3	/opt/homebrew/Cellar/erlang/29.0.3/lib/erlang/lib/kernel-11.0.3/ebin/application_master.beam	loaded	8	2	6
OTP_STDLIB	kernel-11.0.3	/opt/homebrew/Cellar/erlang/29.0.3/lib/erlang/lib/kernel-11.0.3/ebin/application_starter.beam	loaded	3	2	1
OTP_STDLIB	kernel-11.0.3	/opt/homebrew/Cellar/erlang/29.0.3/lib/erlang/lib/kernel-11.0.3/ebin/auth.beam	loaded	20	5	15
OTP_STDLIB	kernel-11.0.3	/opt/homebrew/Cellar/erlang/29.0.3/lib/erlang/lib/kernel-11.0.3/ebin/code.beam	loaded	71	13	58
OTP_STDLIB	kernel-11.0.3	/opt/homebrew/Cellar/erlang/29.0.3/lib/erlang/lib/kernel-11.0.3/ebin/code_server.beam	loaded	11	4	7
OTP_STDLIB	kernel-11.0.3	/opt/homebrew/Cellar/erlang/29.0.3/lib/erlang/lib/kernel-11.0.3/ebin/data_publisher.beam	loaded	15	8	7
OTP_STDLIB	kernel-11.0.3	/opt/homebrew/Cellar/erlang/29.0.3/lib/erlang/lib/kernel-11.0.3/ebin/disk_log.beam	loaded	50	5	45
OTP_STDLIB	kernel-11.0.3	/opt/homebrew/Cellar/erlang/29.0.3/lib/erlang/lib/kernel-11.0.3/ebin/disk_log_1.beam	loaded	46	3	43
OTP_STDLIB	kernel-11.0.3	/opt/homebrew/Cellar/erlang/29.0.3/lib/erlang/lib/kernel-11.0.3/ebin/disk_log_server.beam	loaded	14	6	8
OTP_STDLIB	kernel-11.0.3	/opt/homebrew/Cellar/erlang/29.0.3/lib/erlang/lib/kernel-11.0.3/ebin/disk_log_sup.beam	loaded	4	2	2
OTP_STDLIB	kernel-11.0.3	/opt/homebrew/Cellar/erlang/29.0.3/lib/erlang/lib/kernel-11.0.3/ebin/dist_ac.beam	loaded	16	7	9
OTP_STDLIB	kernel-11.0.3	/opt/homebrew/Cellar/erlang/29.0.3/lib/erlang/lib/kernel-11.0.3/ebin/dist_util.beam	loaded	16	3	13
OTP_STDLIB	kernel-11.0.3	/opt/homebrew/Cellar/erlang/29.0.3/lib/erlang/lib/kernel-11.0.3/ebin/erl_boot_server.beam	loaded	20	7	13
OTP_STDLIB	kernel-11.0.3	/opt/homebrew/Cellar/erlang/29.0.3/lib/erlang/lib/kernel-11.0.3/ebin/erl_compile_server.beam	loaded	8	4	4
OTP_STDLIB	kernel-11.0.3	/opt/homebrew/Cellar/erlang/29.0.3/lib/erlang/lib/kernel-11.0.3/ebin/erl_ddll.beam	loaded	20	10	10
OTP_STDLIB	kernel-11.0.3	/opt/homebrew/Cellar/erlang/29.0.3/lib/erlang/lib/kernel-11.0.3/ebin/erl_debugger.beam	loaded	15	15	0
OTP_STDLIB	kernel-11.0.3	/opt/homebrew/Cellar/erlang/29.0.3/lib/erlang/lib/kernel-11.0.3/ebin/erl_distribution.beam	loaded	7	2	5
OTP_STDLIB	kernel-11.0.3	/opt/homebrew/Cellar/erlang/29.0.3/lib/erlang/lib/kernel-11.0.3/ebin/erl_epmd.beam	loaded	22	7	15
OTP_STDLIB	kernel-11.0.3	/opt/homebrew/Cellar/erlang/29.0.3/lib/erlang/lib/kernel-11.0.3/ebin/erl_erts_errors.beam	loaded	4	2	2
OTP_STDLIB	kernel-11.0.3	/opt/homebrew/Cellar/erlang/29.0.3/lib/erlang/lib/kernel-11.0.3/ebin/erl_kernel_errors.beam	loaded	3	2	1
OTP_STDLIB	kernel-11.0.3	/opt/homebrew/Cellar/erlang/29.0.3/lib/erlang/lib/kernel-11.0.3/ebin/erl_reply.beam	loaded	3	2	1
OTP_STDLIB	kernel-11.0.3	/opt/homebrew/Cellar/erlang/29.0.3/lib/erlang/lib/kernel-11.0.3/ebin/erl_signal_handler.beam	loaded	9	7	2
OTP_STDLIB	kernel-11.0.3	/opt/homebrew/Cellar/erlang/29.0.3/lib/erlang/lib/kernel-11.0.3/ebin/erpc.beam	loaded	35	2	33
OTP_STDLIB	kernel-11.0.3	/opt/homebrew/Cellar/erlang/29.0.3/lib/erlang/lib/kernel-11.0.3/ebin/error_handler.beam	loaded	7	3	4
OTP_STDLIB	kernel-11.0.3	/opt/homebrew/Cellar/erlang/29.0.3/lib/erlang/lib/kernel-11.0.3/ebin/error_logger.beam	loaded	31	3	28
OTP_STDLIB	kernel-11.0.3	/opt/homebrew/Cellar/erlang/29.0.3/lib/erlang/lib/kernel-11.0.3/ebin/erts_debug.beam	loaded	35	22	13
OTP_STDLIB	kernel-11.0.3	/opt/homebrew/Cellar/erlang/29.0.3/lib/erlang/lib/kernel-11.0.3/ebin/file.beam	loaded	71	3	68
OTP_STDLIB	kernel-11.0.3	/opt/homebrew/Cellar/erlang/29.0.3/lib/erlang/lib/kernel-11.0.3/ebin/file_io_server.beam	loaded	6	2	4
OTP_STDLIB	kernel-11.0.3	/opt/homebrew/Cellar/erlang/29.0.3/lib/erlang/lib/kernel-11.0.3/ebin/file_server.beam	loaded	12	5	7
OTP_STDLIB	kernel-11.0.3	/opt/homebrew/Cellar/erlang/29.0.3/lib/erlang/lib/kernel-11.0.3/ebin/gen_sctp.beam	loaded	25	2	23
OTP_STDLIB	kernel-11.0.3	/opt/homebrew/Cellar/erlang/29.0.3/lib/erlang/lib/kernel-11.0.3/ebin/gen_tcp.beam	loaded	16	3	13
OTP_STDLIB	kernel-11.0.3	/opt/homebrew/Cellar/erlang/29.0.3/lib/erlang/lib/kernel-11.0.3/ebin/gen_tcp_socket.beam	loaded	31	4	27
OTP_STDLIB	kernel-11.0.3	/opt/homebrew/Cellar/erlang/29.0.3/lib/erlang/lib/kernel-11.0.3/ebin/gen_udp.beam	loaded	15	4	11
OTP_STDLIB	kernel-11.0.3	/opt/homebrew/Cellar/erlang/29.0.3/lib/erlang/lib/kernel-11.0.3/ebin/gen_udp_socket.beam	loaded	27	4	23
OTP_STDLIB	kernel-11.0.3	/opt/homebrew/Cellar/erlang/29.0.3/lib/erlang/lib/kernel-11.0.3/ebin/global.beam	loaded	39	6	33
OTP_STDLIB	kernel-11.0.3	/opt/homebrew/Cellar/erlang/29.0.3/lib/erlang/lib/kernel-11.0.3/ebin/global_group.beam	loaded	35	5	30
OTP_STDLIB	kernel-11.0.3	/opt/homebrew/Cellar/erlang/29.0.3/lib/erlang/lib/kernel-11.0.3/ebin/global_search.beam	loaded	9	2	7
OTP_STDLIB	kernel-11.0.3	/opt/homebrew/Cellar/erlang/29.0.3/lib/erlang/lib/kernel-11.0.3/ebin/group.beam	loaded	16	3	13
OTP_STDLIB	kernel-11.0.3	/opt/homebrew/Cellar/erlang/29.0.3/lib/erlang/lib/kernel-11.0.3/ebin/group_history.beam	loaded	4	2	2
OTP_STDLIB	kernel-11.0.3	/opt/homebrew/Cellar/erlang/29.0.3/lib/erlang/lib/kernel-11.0.3/ebin/heart.beam	loaded	13	2	11
OTP_STDLIB	kernel-11.0.3	/opt/homebrew/Cellar/erlang/29.0.3/lib/erlang/lib/kernel-11.0.3/ebin/inet.beam	loaded	101	23	78
OTP_STDLIB	kernel-11.0.3	/opt/homebrew/Cellar/erlang/29.0.3/lib/erlang/lib/kernel-11.0.3/ebin/inet6_sctp.beam	loaded	17	13	4
OTP_STDLIB	kernel-11.0.3	/opt/homebrew/Cellar/erlang/29.0.3/lib/erlang/lib/kernel-11.0.3/ebin/inet6_tcp.beam	loaded	25	20	5
OTP_STDLIB	kernel-11.0.3	/opt/homebrew/Cellar/erlang/29.0.3/lib/erlang/lib/kernel-11.0.3/ebin/inet6_tcp_dist.beam	loaded	12	12	0
OTP_STDLIB	kernel-11.0.3	/opt/homebrew/Cellar/erlang/29.0.3/lib/erlang/lib/kernel-11.0.3/ebin/inet6_udp.beam	loaded	17	11	6
OTP_STDLIB	kernel-11.0.3	/opt/homebrew/Cellar/erlang/29.0.3/lib/erlang/lib/kernel-11.0.3/ebin/inet_config.beam	loaded	4	2	2
OTP_STDLIB	kernel-11.0.3	/opt/homebrew/Cellar/erlang/29.0.3/lib/erlang/lib/kernel-11.0.3/ebin/inet_db.beam	load-error(load: failed to decode BEAM data: unsupported opcode 185)	0	0	0
OTP_STDLIB	kernel-11.0.3	/opt/homebrew/Cellar/erlang/29.0.3/lib/erlang/lib/kernel-11.0.3/ebin/inet_dns.beam	loaded	35	5	30
OTP_STDLIB	kernel-11.0.3	/opt/homebrew/Cellar/erlang/29.0.3/lib/erlang/lib/kernel-11.0.3/ebin/inet_dns_tsig.beam	loaded	6	2	4
OTP_STDLIB	kernel-11.0.3	/opt/homebrew/Cellar/erlang/29.0.3/lib/erlang/lib/kernel-11.0.3/ebin/inet_epmd_dist.beam	loaded	27	4	23
OTP_STDLIB	kernel-11.0.3	/opt/homebrew/Cellar/erlang/29.0.3/lib/erlang/lib/kernel-11.0.3/ebin/inet_epmd_socket.beam	loaded	13	3	10
OTP_STDLIB	kernel-11.0.3	/opt/homebrew/Cellar/erlang/29.0.3/lib/erlang/lib/kernel-11.0.3/ebin/inet_gethost_native.beam	loaded	14	4	10
OTP_STDLIB	kernel-11.0.3	/opt/homebrew/Cellar/erlang/29.0.3/lib/erlang/lib/kernel-11.0.3/ebin/inet_hosts.beam	loaded	5	2	3
OTP_STDLIB	kernel-11.0.3	/opt/homebrew/Cellar/erlang/29.0.3/lib/erlang/lib/kernel-11.0.3/ebin/inet_parse.beam	loaded	35	2	33
OTP_STDLIB	kernel-11.0.3	/opt/homebrew/Cellar/erlang/29.0.3/lib/erlang/lib/kernel-11.0.3/ebin/inet_res.beam	loaded	29	2	27
OTP_STDLIB	kernel-11.0.3	/opt/homebrew/Cellar/erlang/29.0.3/lib/erlang/lib/kernel-11.0.3/ebin/inet_sctp.beam	loaded	17	9	8
OTP_STDLIB	kernel-11.0.3	/opt/homebrew/Cellar/erlang/29.0.3/lib/erlang/lib/kernel-11.0.3/ebin/inet_tcp.beam	loaded	25	20	5
OTP_STDLIB	kernel-11.0.3	/opt/homebrew/Cellar/erlang/29.0.3/lib/erlang/lib/kernel-11.0.3/ebin/inet_tcp_dist.beam	loaded	32	4	28
OTP_STDLIB	kernel-11.0.3	/opt/homebrew/Cellar/erlang/29.0.3/lib/erlang/lib/kernel-11.0.3/ebin/inet_udp.beam	loaded	17	10	7
OTP_STDLIB	kernel-11.0.3	/opt/homebrew/Cellar/erlang/29.0.3/lib/erlang/lib/kernel-11.0.3/ebin/kernel.beam	loaded	6	3	3
OTP_STDLIB	kernel-11.0.3	/opt/homebrew/Cellar/erlang/29.0.3/lib/erlang/lib/kernel-11.0.3/ebin/kernel_config.beam	loaded	10	8	2
OTP_STDLIB	kernel-11.0.3	/opt/homebrew/Cellar/erlang/29.0.3/lib/erlang/lib/kernel-11.0.3/ebin/kernel_refc.beam	loaded	10	5	5
OTP_STDLIB	kernel-11.0.3	/opt/homebrew/Cellar/erlang/29.0.3/lib/erlang/lib/kernel-11.0.3/ebin/local_tcp.beam	loaded	22	16	6
OTP_STDLIB	kernel-11.0.3	/opt/homebrew/Cellar/erlang/29.0.3/lib/erlang/lib/kernel-11.0.3/ebin/local_udp.beam	loaded	16	11	5
OTP_STDLIB	kernel-11.0.3	/opt/homebrew/Cellar/erlang/29.0.3/lib/erlang/lib/kernel-11.0.3/ebin/logger.beam	loaded	79	23	56
OTP_STDLIB	kernel-11.0.3	/opt/homebrew/Cellar/erlang/29.0.3/lib/erlang/lib/kernel-11.0.3/ebin/logger_backend.beam	loaded	3	2	1
OTP_STDLIB	kernel-11.0.3	/opt/homebrew/Cellar/erlang/29.0.3/lib/erlang/lib/kernel-11.0.3/ebin/logger_config.beam	loaded	16	3	13
OTP_STDLIB	kernel-11.0.3	/opt/homebrew/Cellar/erlang/29.0.3/lib/erlang/lib/kernel-11.0.3/ebin/logger_disk_log_h.beam	loaded	15	8	7
OTP_STDLIB	kernel-11.0.3	/opt/homebrew/Cellar/erlang/29.0.3/lib/erlang/lib/kernel-11.0.3/ebin/logger_filters.beam	loaded	6	2	4
OTP_STDLIB	kernel-11.0.3	/opt/homebrew/Cellar/erlang/29.0.3/lib/erlang/lib/kernel-11.0.3/ebin/logger_formatter.beam	loaded	5	2	3
OTP_STDLIB	kernel-11.0.3	/opt/homebrew/Cellar/erlang/29.0.3/lib/erlang/lib/kernel-11.0.3/ebin/logger_h_common.beam	loaded	18	4	14
OTP_STDLIB	kernel-11.0.3	/opt/homebrew/Cellar/erlang/29.0.3/lib/erlang/lib/kernel-11.0.3/ebin/logger_handler.beam	loaded	3	2	1
OTP_STDLIB	kernel-11.0.3	/opt/homebrew/Cellar/erlang/29.0.3/lib/erlang/lib/kernel-11.0.3/ebin/logger_handler_watcher.beam	loaded	9	5	4
OTP_STDLIB	kernel-11.0.3	/opt/homebrew/Cellar/erlang/29.0.3/lib/erlang/lib/kernel-11.0.3/ebin/logger_olp.beam	loaded	22	5	17
OTP_STDLIB	kernel-11.0.3	/opt/homebrew/Cellar/erlang/29.0.3/lib/erlang/lib/kernel-11.0.3/ebin/logger_proxy.beam	loaded	12	2	10
OTP_STDLIB	kernel-11.0.3	/opt/homebrew/Cellar/erlang/29.0.3/lib/erlang/lib/kernel-11.0.3/ebin/logger_server.beam	loaded	22	3	19
OTP_STDLIB	kernel-11.0.3	/opt/homebrew/Cellar/erlang/29.0.3/lib/erlang/lib/kernel-11.0.3/ebin/logger_simple_h.beam	loaded	5	2	3
OTP_STDLIB	kernel-11.0.3	/opt/homebrew/Cellar/erlang/29.0.3/lib/erlang/lib/kernel-11.0.3/ebin/logger_std_h.beam	loaded	16	9	7
OTP_STDLIB	kernel-11.0.3	/opt/homebrew/Cellar/erlang/29.0.3/lib/erlang/lib/kernel-11.0.3/ebin/logger_sup.beam	loaded	4	2	2
OTP_STDLIB	kernel-11.0.3	/opt/homebrew/Cellar/erlang/29.0.3/lib/erlang/lib/kernel-11.0.3/ebin/net.beam	loaded	24	8	16
OTP_STDLIB	kernel-11.0.3	/opt/homebrew/Cellar/erlang/29.0.3/lib/erlang/lib/kernel-11.0.3/ebin/net_adm.beam	loaded	13	2	11
OTP_STDLIB	kernel-11.0.3	/opt/homebrew/Cellar/erlang/29.0.3/lib/erlang/lib/kernel-11.0.3/ebin/net_kernel.beam	loaded	47	6	41
OTP_STDLIB	kernel-11.0.3	/opt/homebrew/Cellar/erlang/29.0.3/lib/erlang/lib/kernel-11.0.3/ebin/os.beam	loaded	22	14	8
OTP_STDLIB	kernel-11.0.3	/opt/homebrew/Cellar/erlang/29.0.3/lib/erlang/lib/kernel-11.0.3/ebin/pg.beam	loaded	34	11	23
OTP_STDLIB	kernel-11.0.3	/opt/homebrew/Cellar/erlang/29.0.3/lib/erlang/lib/kernel-11.0.3/ebin/pg2.beam	loaded	2	2	0
OTP_STDLIB	kernel-11.0.3	/opt/homebrew/Cellar/erlang/29.0.3/lib/erlang/lib/kernel-11.0.3/ebin/prim_tty.beam	loaded	39	2	37
OTP_STDLIB	kernel-11.0.3	/opt/homebrew/Cellar/erlang/29.0.3/lib/erlang/lib/kernel-11.0.3/ebin/prim_tty_sighandler.beam	loaded	6	4	2
OTP_STDLIB	kernel-11.0.3	/opt/homebrew/Cellar/erlang/29.0.3/lib/erlang/lib/kernel-11.0.3/ebin/ram_file.beam	loaded	20	4	16
OTP_STDLIB	kernel-11.0.3	/opt/homebrew/Cellar/erlang/29.0.3/lib/erlang/lib/kernel-11.0.3/ebin/raw_file_io.beam	loaded	3	2	1
OTP_STDLIB	kernel-11.0.3	/opt/homebrew/Cellar/erlang/29.0.3/lib/erlang/lib/kernel-11.0.3/ebin/raw_file_io_compressed.beam	loaded	21	2	19
OTP_STDLIB	kernel-11.0.3	/opt/homebrew/Cellar/erlang/29.0.3/lib/erlang/lib/kernel-11.0.3/ebin/raw_file_io_deflate.beam	loaded	7	4	3
OTP_STDLIB	kernel-11.0.3	/opt/homebrew/Cellar/erlang/29.0.3/lib/erlang/lib/kernel-11.0.3/ebin/raw_file_io_delayed.beam	loaded	26	4	22
OTP_STDLIB	kernel-11.0.3	/opt/homebrew/Cellar/erlang/29.0.3/lib/erlang/lib/kernel-11.0.3/ebin/raw_file_io_inflate.beam	loaded	8	4	4
OTP_STDLIB	kernel-11.0.3	/opt/homebrew/Cellar/erlang/29.0.3/lib/erlang/lib/kernel-11.0.3/ebin/raw_file_io_list.beam	loaded	21	2	19
OTP_STDLIB	kernel-11.0.3	/opt/homebrew/Cellar/erlang/29.0.3/lib/erlang/lib/kernel-11.0.3/ebin/rpc.beam	loaded	37	4	33
OTP_STDLIB	kernel-11.0.3	/opt/homebrew/Cellar/erlang/29.0.3/lib/erlang/lib/kernel-11.0.3/ebin/seq_trace.beam	loaded	11	5	6
OTP_STDLIB	kernel-11.0.3	/opt/homebrew/Cellar/erlang/29.0.3/lib/erlang/lib/kernel-11.0.3/ebin/socket.beam	loaded	101	14	87
OTP_STDLIB	kernel-11.0.3	/opt/homebrew/Cellar/erlang/29.0.3/lib/erlang/lib/kernel-11.0.3/ebin/standard_error.beam	loaded	5	2	3
OTP_STDLIB	kernel-11.0.3	/opt/homebrew/Cellar/erlang/29.0.3/lib/erlang/lib/kernel-11.0.3/ebin/trace.beam	loaded	13	4	9
OTP_STDLIB	kernel-11.0.3	/opt/homebrew/Cellar/erlang/29.0.3/lib/erlang/lib/kernel-11.0.3/ebin/user_drv.beam	loaded	13	4	9
OTP_STDLIB	kernel-11.0.3	/opt/homebrew/Cellar/erlang/29.0.3/lib/erlang/lib/kernel-11.0.3/ebin/user_sup.beam	loaded	6	3	3
OTP_STDLIB	kernel-11.0.3	/opt/homebrew/Cellar/erlang/29.0.3/lib/erlang/lib/kernel-11.0.3/ebin/wrap_log_reader.beam	loaded	7	3	4
OTP_STDLIB	megaco-4.9	/opt/homebrew/Cellar/erlang/29.0.3/lib/erlang/lib/megaco-4.9/ebin/megaco.beam	loaded	69	43	26
OTP_STDLIB	megaco-4.9	/opt/homebrew/Cellar/erlang/29.0.3/lib/erlang/lib/megaco-4.9/ebin/megaco_ber_encoder.beam	loaded	12	2	10
OTP_STDLIB	megaco-4.9	/opt/homebrew/Cellar/erlang/29.0.3/lib/erlang/lib/megaco-4.9/ebin/megaco_ber_media_gateway_control_v1.beam	loaded	227	6	221
OTP_STDLIB	megaco-4.9	/opt/homebrew/Cellar/erlang/29.0.3/lib/erlang/lib/megaco-4.9/ebin/megaco_ber_media_gateway_control_v2.beam	loaded	261	6	255
OTP_STDLIB	megaco-4.9	/opt/homebrew/Cellar/erlang/29.0.3/lib/erlang/lib/megaco-4.9/ebin/megaco_ber_media_gateway_control_v3.beam	loaded	275	6	269
OTP_STDLIB	megaco-4.9	/opt/homebrew/Cellar/erlang/29.0.3/lib/erlang/lib/megaco-4.9/ebin/megaco_binary_encoder.beam	loaded	12	2	10
OTP_STDLIB	megaco-4.9	/opt/homebrew/Cellar/erlang/29.0.3/lib/erlang/lib/megaco-4.9/ebin/megaco_binary_encoder_lib.beam	loaded	12	2	10
OTP_STDLIB	megaco-4.9	/opt/homebrew/Cellar/erlang/29.0.3/lib/erlang/lib/megaco-4.9/ebin/megaco_binary_name_resolver_v1.beam	loaded	7	2	5
OTP_STDLIB	megaco-4.9	/opt/homebrew/Cellar/erlang/29.0.3/lib/erlang/lib/megaco-4.9/ebin/megaco_binary_name_resolver_v2.beam	loaded	7	2	5
OTP_STDLIB	megaco-4.9	/opt/homebrew/Cellar/erlang/29.0.3/lib/erlang/lib/megaco-4.9/ebin/megaco_binary_name_resolver_v3.beam	loaded	7	2	5
OTP_STDLIB	megaco-4.9	/opt/homebrew/Cellar/erlang/29.0.3/lib/erlang/lib/megaco-4.9/ebin/megaco_binary_term_id.beam	loaded	4	2	2
OTP_STDLIB	megaco-4.9	/opt/homebrew/Cellar/erlang/29.0.3/lib/erlang/lib/megaco-4.9/ebin/megaco_binary_term_id_gen.beam	loaded	6	2	4
OTP_STDLIB	megaco-4.9	/opt/homebrew/Cellar/erlang/29.0.3/lib/erlang/lib/megaco-4.9/ebin/megaco_binary_transformer_v1.beam	loaded	4	2	2
OTP_STDLIB	megaco-4.9	/opt/homebrew/Cellar/erlang/29.0.3/lib/erlang/lib/megaco-4.9/ebin/megaco_binary_transformer_v2.beam	loaded	4	2	2
OTP_STDLIB	megaco-4.9	/opt/homebrew/Cellar/erlang/29.0.3/lib/erlang/lib/megaco-4.9/ebin/megaco_binary_transformer_v3.beam	loaded	4	2	2
OTP_STDLIB	megaco-4.9	/opt/homebrew/Cellar/erlang/29.0.3/lib/erlang/lib/megaco-4.9/ebin/megaco_compact_text_encoder.beam	loaded	15	4	11
OTP_STDLIB	megaco-4.9	/opt/homebrew/Cellar/erlang/29.0.3/lib/erlang/lib/megaco-4.9/ebin/megaco_compact_text_encoder_v1.beam	loaded	9	2	7
OTP_STDLIB	megaco-4.9	/opt/homebrew/Cellar/erlang/29.0.3/lib/erlang/lib/megaco-4.9/ebin/megaco_compact_text_encoder_v2.beam	loaded	9	2	7
OTP_STDLIB	megaco-4.9	/opt/homebrew/Cellar/erlang/29.0.3/lib/erlang/lib/megaco-4.9/ebin/megaco_compact_text_encoder_v3.beam	loaded	9	2	7
OTP_STDLIB	megaco-4.9	/opt/homebrew/Cellar/erlang/29.0.3/lib/erlang/lib/megaco-4.9/ebin/megaco_config.beam	loaded	41	6	35
OTP_STDLIB	megaco-4.9	/opt/homebrew/Cellar/erlang/29.0.3/lib/erlang/lib/megaco-4.9/ebin/megaco_config_misc.beam	loaded	13	4	9
OTP_STDLIB	megaco-4.9	/opt/homebrew/Cellar/erlang/29.0.3/lib/erlang/lib/megaco-4.9/ebin/megaco_digit_map.beam	loaded	8	2	6
OTP_STDLIB	megaco-4.9	/opt/homebrew/Cellar/erlang/29.0.3/lib/erlang/lib/megaco-4.9/ebin/megaco_edist_compress.beam	loaded	3	2	1
OTP_STDLIB	megaco-4.9	/opt/homebrew/Cellar/erlang/29.0.3/lib/erlang/lib/megaco-4.9/ebin/megaco_encoder.beam	loaded	3	2	1
OTP_STDLIB	megaco-4.9	/opt/homebrew/Cellar/erlang/29.0.3/lib/erlang/lib/megaco-4.9/ebin/megaco_erl_dist_encoder.beam	loaded	13	2	11
OTP_STDLIB	megaco-4.9	/opt/homebrew/Cellar/erlang/29.0.3/lib/erlang/lib/megaco-4.9/ebin/megaco_erl_dist_encoder_mc.beam	loaded	6	2	4
OTP_STDLIB	megaco-4.9	/opt/homebrew/Cellar/erlang/29.0.3/lib/erlang/lib/megaco-4.9/ebin/megaco_filter.beam	loaded	8	2	6
OTP_STDLIB	megaco-4.9	/opt/homebrew/Cellar/erlang/29.0.3/lib/erlang/lib/megaco-4.9/ebin/megaco_flex_scanner.beam	loaded	9	4	5
OTP_STDLIB	megaco-4.9	/opt/homebrew/Cellar/erlang/29.0.3/lib/erlang/lib/megaco-4.9/ebin/megaco_flex_scanner_handler.beam	loaded	12	5	7
OTP_STDLIB	megaco-4.9	/opt/homebrew/Cellar/erlang/29.0.3/lib/erlang/lib/megaco-4.9/ebin/megaco_messenger.beam	loaded	37	7	30
OTP_STDLIB	megaco-4.9	/opt/homebrew/Cellar/erlang/29.0.3/lib/erlang/lib/megaco-4.9/ebin/megaco_messenger_misc.beam	loaded	11	2	9
OTP_STDLIB	megaco-4.9	/opt/homebrew/Cellar/erlang/29.0.3/lib/erlang/lib/megaco-4.9/ebin/megaco_misc_sup.beam	loaded	7	3	4
OTP_STDLIB	megaco-4.9	/opt/homebrew/Cellar/erlang/29.0.3/lib/erlang/lib/megaco-4.9/ebin/megaco_monitor.beam	loaded	36	19	17
OTP_STDLIB	megaco-4.9	/opt/homebrew/Cellar/erlang/29.0.3/lib/erlang/lib/megaco-4.9/ebin/megaco_per_encoder.beam	loaded	12	2	10
OTP_STDLIB	megaco-4.9	/opt/homebrew/Cellar/erlang/29.0.3/lib/erlang/lib/megaco-4.9/ebin/megaco_per_media_gateway_control_v1.beam	load-error(load: failed to decode BEAM data: unsupported ETF literal tag 77)	0	0	0
OTP_STDLIB	megaco-4.9	/opt/homebrew/Cellar/erlang/29.0.3/lib/erlang/lib/megaco-4.9/ebin/megaco_per_media_gateway_control_v2.beam	load-error(load: failed to decode BEAM data: unsupported ETF literal tag 77)	0	0	0
OTP_STDLIB	megaco-4.9	/opt/homebrew/Cellar/erlang/29.0.3/lib/erlang/lib/megaco-4.9/ebin/megaco_per_media_gateway_control_v3.beam	load-error(load: failed to decode BEAM data: unsupported ETF literal tag 77)	0	0	0
OTP_STDLIB	megaco-4.9	/opt/homebrew/Cellar/erlang/29.0.3/lib/erlang/lib/megaco-4.9/ebin/megaco_pretty_text_encoder.beam	loaded	21	4	17
OTP_STDLIB	megaco-4.9	/opt/homebrew/Cellar/erlang/29.0.3/lib/erlang/lib/megaco-4.9/ebin/megaco_pretty_text_encoder_v1.beam	loaded	9	2	7
OTP_STDLIB	megaco-4.9	/opt/homebrew/Cellar/erlang/29.0.3/lib/erlang/lib/megaco-4.9/ebin/megaco_pretty_text_encoder_v2.beam	loaded	10	2	8
OTP_STDLIB	megaco-4.9	/opt/homebrew/Cellar/erlang/29.0.3/lib/erlang/lib/megaco-4.9/ebin/megaco_pretty_text_encoder_v3.beam	loaded	9	2	7
OTP_STDLIB	megaco-4.9	/opt/homebrew/Cellar/erlang/29.0.3/lib/erlang/lib/megaco-4.9/ebin/megaco_sdp.beam	loaded	5	2	3
OTP_STDLIB	megaco-4.9	/opt/homebrew/Cellar/erlang/29.0.3/lib/erlang/lib/megaco-4.9/ebin/megaco_stats.beam	loaded	12	2	10
OTP_STDLIB	megaco-4.9	/opt/homebrew/Cellar/erlang/29.0.3/lib/erlang/lib/megaco-4.9/ebin/megaco_sup.beam	loaded	9	4	5
OTP_STDLIB	megaco-4.9	/opt/homebrew/Cellar/erlang/29.0.3/lib/erlang/lib/megaco-4.9/ebin/megaco_tcp.beam	loaded	25	12	13
OTP_STDLIB	megaco-4.9	/opt/homebrew/Cellar/erlang/29.0.3/lib/erlang/lib/megaco-4.9/ebin/megaco_tcp_accept.beam	loaded	4	2	2
OTP_STDLIB	megaco-4.9	/opt/homebrew/Cellar/erlang/29.0.3/lib/erlang/lib/megaco-4.9/ebin/megaco_tcp_accept_sup.beam	loaded	6	5	1
OTP_STDLIB	megaco-4.9	/opt/homebrew/Cellar/erlang/29.0.3/lib/erlang/lib/megaco-4.9/ebin/megaco_tcp_connection.beam	loaded	12	4	8
OTP_STDLIB	megaco-4.9	/opt/homebrew/Cellar/erlang/29.0.3/lib/erlang/lib/megaco-4.9/ebin/megaco_tcp_connection_sup.beam	loaded	7	5	2
OTP_STDLIB	megaco-4.9	/opt/homebrew/Cellar/erlang/29.0.3/lib/erlang/lib/megaco-4.9/ebin/megaco_tcp_sup.beam	loaded	8	4	4
OTP_STDLIB	megaco-4.9	/opt/homebrew/Cellar/erlang/29.0.3/lib/erlang/lib/megaco-4.9/ebin/megaco_text_mini_decoder.beam	loaded	3	2	1
OTP_STDLIB	megaco-4.9	/opt/homebrew/Cellar/erlang/29.0.3/lib/erlang/lib/megaco-4.9/ebin/megaco_text_mini_parser.beam	loaded	5	2	3
OTP_STDLIB	megaco-4.9	/opt/homebrew/Cellar/erlang/29.0.3/lib/erlang/lib/megaco-4.9/ebin/megaco_text_parser_v1.beam	loaded	5	2	3
OTP_STDLIB	megaco-4.9	/opt/homebrew/Cellar/erlang/29.0.3/lib/erlang/lib/megaco-4.9/ebin/megaco_text_parser_v2.beam	loaded	5	2	3
OTP_STDLIB	megaco-4.9	/opt/homebrew/Cellar/erlang/29.0.3/lib/erlang/lib/megaco-4.9/ebin/megaco_text_parser_v3.beam	loaded	5	2	3
OTP_STDLIB	megaco-4.9	/opt/homebrew/Cellar/erlang/29.0.3/lib/erlang/lib/megaco-4.9/ebin/megaco_text_scanner.beam	loaded	4	2	2
OTP_STDLIB	megaco-4.9	/opt/homebrew/Cellar/erlang/29.0.3/lib/erlang/lib/megaco-4.9/ebin/megaco_timer.beam	loaded	5	2	3
OTP_STDLIB	megaco-4.9	/opt/homebrew/Cellar/erlang/29.0.3/lib/erlang/lib/megaco-4.9/ebin/megaco_trans_sender.beam	loaded	19	3	16
OTP_STDLIB	megaco-4.9	/opt/homebrew/Cellar/erlang/29.0.3/lib/erlang/lib/megaco-4.9/ebin/megaco_trans_sup.beam	loaded	6	3	3
OTP_STDLIB	megaco-4.9	/opt/homebrew/Cellar/erlang/29.0.3/lib/erlang/lib/megaco-4.9/ebin/megaco_transport.beam	loaded	3	2	1
OTP_STDLIB	megaco-4.9	/opt/homebrew/Cellar/erlang/29.0.3/lib/erlang/lib/megaco-4.9/ebin/megaco_udp.beam	loaded	17	9	8
OTP_STDLIB	megaco-4.9	/opt/homebrew/Cellar/erlang/29.0.3/lib/erlang/lib/megaco-4.9/ebin/megaco_udp_server.beam	loaded	12	4	8
OTP_STDLIB	megaco-4.9	/opt/homebrew/Cellar/erlang/29.0.3/lib/erlang/lib/megaco-4.9/ebin/megaco_udp_sup.beam	loaded	7	5	2
OTP_STDLIB	megaco-4.9	/opt/homebrew/Cellar/erlang/29.0.3/lib/erlang/lib/megaco-4.9/ebin/megaco_user.beam	loaded	3	2	1
OTP_STDLIB	megaco-4.9	/opt/homebrew/Cellar/erlang/29.0.3/lib/erlang/lib/megaco-4.9/ebin/megaco_user_default.beam	loaded	23	16	7
OTP_STDLIB	mnesia-4.26.1	/opt/homebrew/Cellar/erlang/29.0.3/lib/erlang/lib/mnesia-4.26.1/ebin/mnesia.beam	loaded	184	51	133
OTP_STDLIB	mnesia-4.26.1	/opt/homebrew/Cellar/erlang/29.0.3/lib/erlang/lib/mnesia-4.26.1/ebin/mnesia_app.beam	loaded	4	3	1
OTP_STDLIB	mnesia-4.26.1	/opt/homebrew/Cellar/erlang/29.0.3/lib/erlang/lib/mnesia-4.26.1/ebin/mnesia_backend_type.beam	loaded	3	2	1
OTP_STDLIB	mnesia-4.26.1	/opt/homebrew/Cellar/erlang/29.0.3/lib/erlang/lib/mnesia-4.26.1/ebin/mnesia_backup.beam	loaded	9	2	7
OTP_STDLIB	mnesia-4.26.1	/opt/homebrew/Cellar/erlang/29.0.3/lib/erlang/lib/mnesia-4.26.1/ebin/mnesia_bup.beam	loaded	26	2	24
OTP_STDLIB	mnesia-4.26.1	/opt/homebrew/Cellar/erlang/29.0.3/lib/erlang/lib/mnesia-4.26.1/ebin/mnesia_checkpoint.beam	loaded	30	4	26
OTP_STDLIB	mnesia-4.26.1	/opt/homebrew/Cellar/erlang/29.0.3/lib/erlang/lib/mnesia-4.26.1/ebin/mnesia_checkpoint_sup.beam	loaded	4	2	2
OTP_STDLIB	mnesia-4.26.1	/opt/homebrew/Cellar/erlang/29.0.3/lib/erlang/lib/mnesia-4.26.1/ebin/mnesia_controller.beam	loaded	53	3	50
OTP_STDLIB	mnesia-4.26.1	/opt/homebrew/Cellar/erlang/29.0.3/lib/erlang/lib/mnesia-4.26.1/ebin/mnesia_dumper.beam	loaded	14	3	11
OTP_STDLIB	mnesia-4.26.1	/opt/homebrew/Cellar/erlang/29.0.3/lib/erlang/lib/mnesia-4.26.1/ebin/mnesia_event.beam	loaded	8	5	3
OTP_STDLIB	mnesia-4.26.1	/opt/homebrew/Cellar/erlang/29.0.3/lib/erlang/lib/mnesia-4.26.1/ebin/mnesia_ext_sup.beam	loaded	7	3	4
OTP_STDLIB	mnesia-4.26.1	/opt/homebrew/Cellar/erlang/29.0.3/lib/erlang/lib/mnesia-4.26.1/ebin/mnesia_frag.beam	loaded	33	2	31
OTP_STDLIB	mnesia-4.26.1	/opt/homebrew/Cellar/erlang/29.0.3/lib/erlang/lib/mnesia-4.26.1/ebin/mnesia_frag_hash.beam	loaded	7	2	5
OTP_STDLIB	mnesia-4.26.1	/opt/homebrew/Cellar/erlang/29.0.3/lib/erlang/lib/mnesia-4.26.1/ebin/mnesia_index.beam	loaded	25	3	22
OTP_STDLIB	mnesia-4.26.1	/opt/homebrew/Cellar/erlang/29.0.3/lib/erlang/lib/mnesia-4.26.1/ebin/mnesia_kernel_sup.beam	loaded	5	3	2
OTP_STDLIB	mnesia-4.26.1	/opt/homebrew/Cellar/erlang/29.0.3/lib/erlang/lib/mnesia-4.26.1/ebin/mnesia_late_loader.beam	loaded	9	4	5
OTP_STDLIB	mnesia-4.26.1	/opt/homebrew/Cellar/erlang/29.0.3/lib/erlang/lib/mnesia-4.26.1/ebin/mnesia_lib.beam	loaded	144	27	117
OTP_STDLIB	mnesia-4.26.1	/opt/homebrew/Cellar/erlang/29.0.3/lib/erlang/lib/mnesia-4.26.1/ebin/mnesia_loader.beam	loaded	6	2	4
OTP_STDLIB	mnesia-4.26.1	/opt/homebrew/Cellar/erlang/29.0.3/lib/erlang/lib/mnesia-4.26.1/ebin/mnesia_locker.beam	loaded	27	4	23
OTP_STDLIB	mnesia-4.26.1	/opt/homebrew/Cellar/erlang/29.0.3/lib/erlang/lib/mnesia-4.26.1/ebin/mnesia_log.beam	loaded	56	4	52
OTP_STDLIB	mnesia-4.26.1	/opt/homebrew/Cellar/erlang/29.0.3/lib/erlang/lib/mnesia-4.26.1/ebin/mnesia_monitor.beam	loaded	40	4	36
OTP_STDLIB	mnesia-4.26.1	/opt/homebrew/Cellar/erlang/29.0.3/lib/erlang/lib/mnesia-4.26.1/ebin/mnesia_recover.beam	loaded	37	4	33
OTP_STDLIB	mnesia-4.26.1	/opt/homebrew/Cellar/erlang/29.0.3/lib/erlang/lib/mnesia-4.26.1/ebin/mnesia_registry.beam	loaded	2	2	0
OTP_STDLIB	mnesia-4.26.1	/opt/homebrew/Cellar/erlang/29.0.3/lib/erlang/lib/mnesia-4.26.1/ebin/mnesia_rpc.beam	loaded	10	4	6
OTP_STDLIB	mnesia-4.26.1	/opt/homebrew/Cellar/erlang/29.0.3/lib/erlang/lib/mnesia-4.26.1/ebin/mnesia_schema.beam	loaded	87	6	81
OTP_STDLIB	mnesia-4.26.1	/opt/homebrew/Cellar/erlang/29.0.3/lib/erlang/lib/mnesia-4.26.1/ebin/mnesia_snmp_hook.beam	loaded	14	2	12
OTP_STDLIB	mnesia-4.26.1	/opt/homebrew/Cellar/erlang/29.0.3/lib/erlang/lib/mnesia-4.26.1/ebin/mnesia_sp.beam	loaded	3	2	1
OTP_STDLIB	mnesia-4.26.1	/opt/homebrew/Cellar/erlang/29.0.3/lib/erlang/lib/mnesia-4.26.1/ebin/mnesia_subscr.beam	loaded	18	3	15
OTP_STDLIB	mnesia-4.26.1	/opt/homebrew/Cellar/erlang/29.0.3/lib/erlang/lib/mnesia-4.26.1/ebin/mnesia_sup.beam	loaded	6	2	4
OTP_STDLIB	mnesia-4.26.1	/opt/homebrew/Cellar/erlang/29.0.3/lib/erlang/lib/mnesia-4.26.1/ebin/mnesia_text.beam	loaded	6	2	4
OTP_STDLIB	mnesia-4.26.1	/opt/homebrew/Cellar/erlang/29.0.3/lib/erlang/lib/mnesia-4.26.1/ebin/mnesia_tm.beam	loaded	29	3	26
OTP_STDLIB	observer-2.19	/opt/homebrew/Cellar/erlang/29.0.3/lib/erlang/lib/observer-2.19/ebin/cdv_atom_cb.beam	loaded	6	3	3
OTP_STDLIB	observer-2.19	/opt/homebrew/Cellar/erlang/29.0.3/lib/erlang/lib/observer-2.19/ebin/cdv_bin_cb.beam	loaded	4	2	2
OTP_STDLIB	observer-2.19	/opt/homebrew/Cellar/erlang/29.0.3/lib/erlang/lib/observer-2.19/ebin/cdv_detail_wx.beam	loaded	10	6	4
OTP_STDLIB	observer-2.19	/opt/homebrew/Cellar/erlang/29.0.3/lib/erlang/lib/observer-2.19/ebin/cdv_dist_cb.beam	loaded	9	3	6
OTP_STDLIB	observer-2.19	/opt/homebrew/Cellar/erlang/29.0.3/lib/erlang/lib/observer-2.19/ebin/cdv_ets_cb.beam	loaded	8	3	5
OTP_STDLIB	observer-2.19	/opt/homebrew/Cellar/erlang/29.0.3/lib/erlang/lib/observer-2.19/ebin/cdv_fun_cb.beam	loaded	6	3	3
OTP_STDLIB	observer-2.19	/opt/homebrew/Cellar/erlang/29.0.3/lib/erlang/lib/observer-2.19/ebin/cdv_gen_cb.beam	loaded	3	2	1
OTP_STDLIB	observer-2.19	/opt/homebrew/Cellar/erlang/29.0.3/lib/erlang/lib/observer-2.19/ebin/cdv_html_wx.beam	loaded	10	5	5
OTP_STDLIB	observer-2.19	/opt/homebrew/Cellar/erlang/29.0.3/lib/erlang/lib/observer-2.19/ebin/cdv_info_wx.beam	loaded	10	5	5
OTP_STDLIB	observer-2.19	/opt/homebrew/Cellar/erlang/29.0.3/lib/erlang/lib/observer-2.19/ebin/cdv_int_tab_cb.beam	loaded	3	2	1
OTP_STDLIB	observer-2.19	/opt/homebrew/Cellar/erlang/29.0.3/lib/erlang/lib/observer-2.19/ebin/cdv_mem_cb.beam	loaded	3	2	1
OTP_STDLIB	observer-2.19	/opt/homebrew/Cellar/erlang/29.0.3/lib/erlang/lib/observer-2.19/ebin/cdv_mod_cb.beam	loaded	9	3	6
OTP_STDLIB	observer-2.19	/opt/homebrew/Cellar/erlang/29.0.3/lib/erlang/lib/observer-2.19/ebin/cdv_multi_wx.beam	loaded	10	5	5
OTP_STDLIB	observer-2.19	/opt/homebrew/Cellar/erlang/29.0.3/lib/erlang/lib/observer-2.19/ebin/cdv_persistent_cb.beam	loaded	3	2	1
OTP_STDLIB	observer-2.19	/opt/homebrew/Cellar/erlang/29.0.3/lib/erlang/lib/observer-2.19/ebin/cdv_port_cb.beam	loaded	9	3	6
OTP_STDLIB	observer-2.19	/opt/homebrew/Cellar/erlang/29.0.3/lib/erlang/lib/observer-2.19/ebin/cdv_proc_cb.beam	loaded	8	3	5
OTP_STDLIB	observer-2.19	/opt/homebrew/Cellar/erlang/29.0.3/lib/erlang/lib/observer-2.19/ebin/cdv_sched_cb.beam	loaded	8	3	5
OTP_STDLIB	observer-2.19	/opt/homebrew/Cellar/erlang/29.0.3/lib/erlang/lib/observer-2.19/ebin/cdv_table_wx.beam	loaded	10	5	5
OTP_STDLIB	observer-2.19	/opt/homebrew/Cellar/erlang/29.0.3/lib/erlang/lib/observer-2.19/ebin/cdv_term_cb.beam	loaded	4	2	2
OTP_STDLIB	observer-2.19	/opt/homebrew/Cellar/erlang/29.0.3/lib/erlang/lib/observer-2.19/ebin/cdv_timer_cb.beam	loaded	6	3	3
OTP_STDLIB	observer-2.19	/opt/homebrew/Cellar/erlang/29.0.3/lib/erlang/lib/observer-2.19/ebin/cdv_virtual_list_wx.beam	loaded	13	4	9
OTP_STDLIB	observer-2.19	/opt/homebrew/Cellar/erlang/29.0.3/lib/erlang/lib/observer-2.19/ebin/cdv_wx.beam	loaded	14	5	9
OTP_STDLIB	observer-2.19	/opt/homebrew/Cellar/erlang/29.0.3/lib/erlang/lib/observer-2.19/ebin/crashdump_viewer.beam	loaded	42	7	35
OTP_STDLIB	observer-2.19	/opt/homebrew/Cellar/erlang/29.0.3/lib/erlang/lib/observer-2.19/ebin/etop.beam	loaded	12	2	10
OTP_STDLIB	observer-2.19	/opt/homebrew/Cellar/erlang/29.0.3/lib/erlang/lib/observer-2.19/ebin/etop_tr.beam	loaded	5	2	3
OTP_STDLIB	observer-2.19	/opt/homebrew/Cellar/erlang/29.0.3/lib/erlang/lib/observer-2.19/ebin/etop_txt.beam	loaded	6	2	4
OTP_STDLIB	observer-2.19	/opt/homebrew/Cellar/erlang/29.0.3/lib/erlang/lib/observer-2.19/ebin/observer.beam	loaded	7	4	3
OTP_STDLIB	observer-2.19	/opt/homebrew/Cellar/erlang/29.0.3/lib/erlang/lib/observer-2.19/ebin/observer_alloc_wx.beam	loaded	11	6	5
OTP_STDLIB	observer-2.19	/opt/homebrew/Cellar/erlang/29.0.3/lib/erlang/lib/observer-2.19/ebin/observer_app_wx.beam	loaded	11	6	5
OTP_STDLIB	observer-2.19	/opt/homebrew/Cellar/erlang/29.0.3/lib/erlang/lib/observer-2.19/ebin/observer_html_lib.beam	loaded	5	2	3
OTP_STDLIB	observer-2.19	/opt/homebrew/Cellar/erlang/29.0.3/lib/erlang/lib/observer-2.19/ebin/observer_lib.beam	loaded	35	2	33
OTP_STDLIB	observer-2.19	/opt/homebrew/Cellar/erlang/29.0.3/lib/erlang/lib/observer-2.19/ebin/observer_perf_wx.beam	loaded	28	7	21
OTP_STDLIB	observer-2.19	/opt/homebrew/Cellar/erlang/29.0.3/lib/erlang/lib/observer-2.19/ebin/observer_port_wx.beam	loaded	11	7	4
OTP_STDLIB	observer-2.19	/opt/homebrew/Cellar/erlang/29.0.3/lib/erlang/lib/observer-2.19/ebin/observer_pro_wx.beam	loaded	10	4	6
OTP_STDLIB	observer-2.19	/opt/homebrew/Cellar/erlang/29.0.3/lib/erlang/lib/observer-2.19/ebin/observer_procinfo.beam	loaded	10	5	5
OTP_STDLIB	observer-2.19	/opt/homebrew/Cellar/erlang/29.0.3/lib/erlang/lib/observer-2.19/ebin/observer_sock_wx.beam	loaded	11	7	4
OTP_STDLIB	observer-2.19	/opt/homebrew/Cellar/erlang/29.0.3/lib/erlang/lib/observer-2.19/ebin/observer_sys_wx.beam	loaded	10	5	5
OTP_STDLIB	observer-2.19	/opt/homebrew/Cellar/erlang/29.0.3/lib/erlang/lib/observer-2.19/ebin/observer_trace_wx.beam	loaded	12	4	8
OTP_STDLIB	observer-2.19	/opt/homebrew/Cellar/erlang/29.0.3/lib/erlang/lib/observer-2.19/ebin/observer_traceoptions_wx.beam	loaded	8	2	6
OTP_STDLIB	observer-2.19	/opt/homebrew/Cellar/erlang/29.0.3/lib/erlang/lib/observer-2.19/ebin/observer_tv_table.beam	loaded	12	7	5
OTP_STDLIB	observer-2.19	/opt/homebrew/Cellar/erlang/29.0.3/lib/erlang/lib/observer-2.19/ebin/observer_tv_wx.beam	loaded	12	6	6
OTP_STDLIB	observer-2.19	/opt/homebrew/Cellar/erlang/29.0.3/lib/erlang/lib/observer-2.19/ebin/observer_wx.beam	loaded	23	11	12
OTP_STDLIB	observer-2.19	/opt/homebrew/Cellar/erlang/29.0.3/lib/erlang/lib/observer-2.19/ebin/ttb.beam	loaded	43	2	41
OTP_STDLIB	observer-2.19	/opt/homebrew/Cellar/erlang/29.0.3/lib/erlang/lib/observer-2.19/ebin/ttb_et.beam	loaded	3	2	1
OTP_STDLIB	odbc-2.17	/opt/homebrew/Cellar/erlang/29.0.3/lib/erlang/lib/odbc-2.17/ebin/odbc.beam	loaded	34	8	26
OTP_STDLIB	odbc-2.17	/opt/homebrew/Cellar/erlang/29.0.3/lib/erlang/lib/odbc-2.17/ebin/odbc_app.beam	loaded	4	2	2
OTP_STDLIB	odbc-2.17	/opt/homebrew/Cellar/erlang/29.0.3/lib/erlang/lib/odbc-2.17/ebin/odbc_sup.beam	loaded	3	2	1
OTP_STDLIB	os_mon-2.12	/opt/homebrew/Cellar/erlang/29.0.3/lib/erlang/lib/os_mon-2.12/ebin/cpu_sup.beam	loaded	18	3	15
OTP_STDLIB	os_mon-2.12	/opt/homebrew/Cellar/erlang/29.0.3/lib/erlang/lib/os_mon-2.12/ebin/disksup.beam	loaded	20	8	12
OTP_STDLIB	os_mon-2.12	/opt/homebrew/Cellar/erlang/29.0.3/lib/erlang/lib/os_mon-2.12/ebin/memsup.beam	loaded	23	10	13
OTP_STDLIB	os_mon-2.12	/opt/homebrew/Cellar/erlang/29.0.3/lib/erlang/lib/os_mon-2.12/ebin/nteventlog.beam	loaded	10	5	5
OTP_STDLIB	os_mon-2.12	/opt/homebrew/Cellar/erlang/29.0.3/lib/erlang/lib/os_mon-2.12/ebin/os_mon.beam	loaded	9	3	6
OTP_STDLIB	os_mon-2.12	/opt/homebrew/Cellar/erlang/29.0.3/lib/erlang/lib/os_mon-2.12/ebin/os_mon_mib.beam	loaded	2	2	0
OTP_STDLIB	os_mon-2.12	/opt/homebrew/Cellar/erlang/29.0.3/lib/erlang/lib/os_mon-2.12/ebin/os_mon_sysinfo.beam	loaded	11	6	5
OTP_STDLIB	os_mon-2.12	/opt/homebrew/Cellar/erlang/29.0.3/lib/erlang/lib/os_mon-2.12/ebin/os_sup.beam	loaded	17	6	11
OTP_STDLIB	parsetools-2.8	/opt/homebrew/Cellar/erlang/29.0.3/lib/erlang/lib/parsetools-2.8/ebin/leex.beam	loaded	12	8	4
OTP_STDLIB	parsetools-2.8	/opt/homebrew/Cellar/erlang/29.0.3/lib/erlang/lib/parsetools-2.8/ebin/yecc.beam	loaded	9	2	7
OTP_STDLIB	parsetools-2.8	/opt/homebrew/Cellar/erlang/29.0.3/lib/erlang/lib/parsetools-2.8/ebin/yeccparser.beam	loaded	5	2	3
OTP_STDLIB	parsetools-2.8	/opt/homebrew/Cellar/erlang/29.0.3/lib/erlang/lib/parsetools-2.8/ebin/yeccscan.beam	loaded	4	2	2
OTP_STDLIB	public_key-1.21.3	/opt/homebrew/Cellar/erlang/29.0.3/lib/erlang/lib/public_key-1.21.3/ebin/AlgorithmInformation-2009.beam	loaded	12	7	5
OTP_STDLIB	public_key-1.21.3	/opt/homebrew/Cellar/erlang/29.0.3/lib/erlang/lib/public_key-1.21.3/ebin/AttributeCertificateVersion1-2009.beam	loaded	28	7	21
OTP_STDLIB	public_key-1.21.3	/opt/homebrew/Cellar/erlang/29.0.3/lib/erlang/lib/public_key-1.21.3/ebin/CMSAesRsaesOaep-2009.beam	loaded	49	19	30
OTP_STDLIB	public_key-1.21.3	/opt/homebrew/Cellar/erlang/29.0.3/lib/erlang/lib/public_key-1.21.3/ebin/CryptographicMessageSyntax-2009.beam	loaded	237	9	228
OTP_STDLIB	public_key-1.21.3	/opt/homebrew/Cellar/erlang/29.0.3/lib/erlang/lib/public_key-1.21.3/ebin/CryptographicMessageSyntaxAlgorithms-2009.beam	loaded	108	21	87
OTP_STDLIB	public_key-1.21.3	/opt/homebrew/Cellar/erlang/29.0.3/lib/erlang/lib/public_key-1.21.3/ebin/DSS.beam	loaded	12	7	5
OTP_STDLIB	public_key-1.21.3	/opt/homebrew/Cellar/erlang/29.0.3/lib/erlang/lib/public_key-1.21.3/ebin/ECPrivateKey.beam	loaded	12	7	5
OTP_STDLIB	public_key-1.21.3	/opt/homebrew/Cellar/erlang/29.0.3/lib/erlang/lib/public_key-1.21.3/ebin/EnrollmentMessageSyntax-2009.beam	loaded	242	9	233
OTP_STDLIB	public_key-1.21.3	/opt/homebrew/Cellar/erlang/29.0.3/lib/erlang/lib/public_key-1.21.3/ebin/KEMAlgorithmInformation-2023.beam	loaded	8	7	1
OTP_STDLIB	public_key-1.21.3	/opt/homebrew/Cellar/erlang/29.0.3/lib/erlang/lib/public_key-1.21.3/ebin/OCSP-2024-08.beam	loaded	115	7	108
OTP_STDLIB	public_key-1.21.3	/opt/homebrew/Cellar/erlang/29.0.3/lib/erlang/lib/public_key-1.21.3/ebin/OTP-PKIX-Relaxed.beam	loaded	110	26	84
OTP_STDLIB	public_key-1.21.3	/opt/homebrew/Cellar/erlang/29.0.3/lib/erlang/lib/public_key-1.21.3/ebin/OTP-PKIX.beam	loaded	90	12	78
OTP_STDLIB	public_key-1.21.3	/opt/homebrew/Cellar/erlang/29.0.3/lib/erlang/lib/public_key-1.21.3/ebin/PKCS-1.beam	loaded	97	7	90
OTP_STDLIB	public_key-1.21.3	/opt/homebrew/Cellar/erlang/29.0.3/lib/erlang/lib/public_key-1.21.3/ebin/PKCS-10.beam	loaded	30	7	23
OTP_STDLIB	public_key-1.21.3	/opt/homebrew/Cellar/erlang/29.0.3/lib/erlang/lib/public_key-1.21.3/ebin/PKCS-3.beam	loaded	14	7	7
OTP_STDLIB	public_key-1.21.3	/opt/homebrew/Cellar/erlang/29.0.3/lib/erlang/lib/public_key-1.21.3/ebin/PKCS-FRAME.beam	loaded	112	7	105
OTP_STDLIB	public_key-1.21.3	/opt/homebrew/Cellar/erlang/29.0.3/lib/erlang/lib/public_key-1.21.3/ebin/PKIX-CommonTypes-2009.beam	loaded	8	7	1
OTP_STDLIB	public_key-1.21.3	/opt/homebrew/Cellar/erlang/29.0.3/lib/erlang/lib/public_key-1.21.3/ebin/PKIX-X400Address-2009.beam	loaded	127	34	93
OTP_STDLIB	public_key-1.21.3	/opt/homebrew/Cellar/erlang/29.0.3/lib/erlang/lib/public_key-1.21.3/ebin/PKIX1-PSS-OAEP-Algorithms-2009.beam	loaded	98	18	80
OTP_STDLIB	public_key-1.21.3	/opt/homebrew/Cellar/erlang/29.0.3/lib/erlang/lib/public_key-1.21.3/ebin/PKIX1Explicit-2009.beam	loaded	166	16	150
OTP_STDLIB	public_key-1.21.3	/opt/homebrew/Cellar/erlang/29.0.3/lib/erlang/lib/public_key-1.21.3/ebin/PKIX1Implicit-2009.beam	loaded	186	8	178
OTP_STDLIB	public_key-1.21.3	/opt/homebrew/Cellar/erlang/29.0.3/lib/erlang/lib/public_key-1.21.3/ebin/PKIXAlgs-2009.beam	loaded	144	29	115
OTP_STDLIB	public_key-1.21.3	/opt/homebrew/Cellar/erlang/29.0.3/lib/erlang/lib/public_key-1.21.3/ebin/PKIXAttributeCertificate-2009.beam	load-error(load: failed to decode BEAM data: unsupported ETF literal tag 77)	0	0	0
OTP_STDLIB	public_key-1.21.3	/opt/homebrew/Cellar/erlang/29.0.3/lib/erlang/lib/public_key-1.21.3/ebin/PKIXCMP-2023.beam	loaded	167	7	160
OTP_STDLIB	public_key-1.21.3	/opt/homebrew/Cellar/erlang/29.0.3/lib/erlang/lib/public_key-1.21.3/ebin/PKIXCRMF-2009.beam	loaded	141	9	132
OTP_STDLIB	public_key-1.21.3	/opt/homebrew/Cellar/erlang/29.0.3/lib/erlang/lib/public_key-1.21.3/ebin/RFC5639.beam	loaded	25	7	18
OTP_STDLIB	public_key-1.21.3	/opt/homebrew/Cellar/erlang/29.0.3/lib/erlang/lib/public_key-1.21.3/ebin/SLH-DSA-Module-2024.beam	loaded	104	55	49
OTP_STDLIB	public_key-1.21.3	/opt/homebrew/Cellar/erlang/29.0.3/lib/erlang/lib/public_key-1.21.3/ebin/Safecurves-pkix-18.beam	loaded	45	9	36
OTP_STDLIB	public_key-1.21.3	/opt/homebrew/Cellar/erlang/29.0.3/lib/erlang/lib/public_key-1.21.3/ebin/SecureMimeMessageV3dot1-2009.beam	loaded	38	9	29
OTP_STDLIB	public_key-1.21.3	/opt/homebrew/Cellar/erlang/29.0.3/lib/erlang/lib/public_key-1.21.3/ebin/X509-ML-DSA-2025.beam	loaded	49	13	36
OTP_STDLIB	public_key-1.21.3	/opt/homebrew/Cellar/erlang/29.0.3/lib/erlang/lib/public_key-1.21.3/ebin/X509-ML-KEM-2025.beam	loaded	35	7	28
OTP_STDLIB	public_key-1.21.3	/opt/homebrew/Cellar/erlang/29.0.3/lib/erlang/lib/public_key-1.21.3/ebin/pubkey_cert.beam	loaded	28	3	25
OTP_STDLIB	public_key-1.21.3	/opt/homebrew/Cellar/erlang/29.0.3/lib/erlang/lib/public_key-1.21.3/ebin/pubkey_cert_records.beam	loaded	18	5	13
OTP_STDLIB	public_key-1.21.3	/opt/homebrew/Cellar/erlang/29.0.3/lib/erlang/lib/public_key-1.21.3/ebin/pubkey_crl.beam	loaded	9	2	7
OTP_STDLIB	public_key-1.21.3	/opt/homebrew/Cellar/erlang/29.0.3/lib/erlang/lib/public_key-1.21.3/ebin/pubkey_ocsp.beam	loaded	9	3	6
OTP_STDLIB	public_key-1.21.3	/opt/homebrew/Cellar/erlang/29.0.3/lib/erlang/lib/public_key-1.21.3/ebin/pubkey_os_cacerts.beam	loaded	7	3	4
OTP_STDLIB	public_key-1.21.3	/opt/homebrew/Cellar/erlang/29.0.3/lib/erlang/lib/public_key-1.21.3/ebin/pubkey_pbe.beam	loaded	8	2	6
OTP_STDLIB	public_key-1.21.3	/opt/homebrew/Cellar/erlang/29.0.3/lib/erlang/lib/public_key-1.21.3/ebin/pubkey_pem.beam	loaded	6	4	2
OTP_STDLIB	public_key-1.21.3	/opt/homebrew/Cellar/erlang/29.0.3/lib/erlang/lib/public_key-1.21.3/ebin/pubkey_policy_tree.beam	loaded	18	2	16
OTP_STDLIB	public_key-1.21.3	/opt/homebrew/Cellar/erlang/29.0.3/lib/erlang/lib/public_key-1.21.3/ebin/pubkey_ssh.beam	loaded	4	2	2
OTP_STDLIB	public_key-1.21.3	/opt/homebrew/Cellar/erlang/29.0.3/lib/erlang/lib/public_key-1.21.3/ebin/pubkey_translation.beam	loaded	4	2	2
OTP_STDLIB	public_key-1.21.3	/opt/homebrew/Cellar/erlang/29.0.3/lib/erlang/lib/public_key-1.21.3/ebin/public_key.beam	loaded	61	11	50
OTP_STDLIB	reltool-1.1	/opt/homebrew/Cellar/erlang/29.0.3/lib/erlang/lib/reltool-1.1/ebin/reltool.beam	loaded	18	4	14
OTP_STDLIB	reltool-1.1	/opt/homebrew/Cellar/erlang/29.0.3/lib/erlang/lib/reltool-1.1/ebin/reltool_app_win.beam	loaded	11	8	3
OTP_STDLIB	reltool-1.1	/opt/homebrew/Cellar/erlang/29.0.3/lib/erlang/lib/reltool-1.1/ebin/reltool_fgraph.beam	loaded	15	3	12
OTP_STDLIB	reltool-1.1	/opt/homebrew/Cellar/erlang/29.0.3/lib/erlang/lib/reltool-1.1/ebin/reltool_fgraph_win.beam	loaded	11	2	9
OTP_STDLIB	reltool-1.1	/opt/homebrew/Cellar/erlang/29.0.3/lib/erlang/lib/reltool-1.1/ebin/reltool_mod_win.beam	loaded	10	7	3
OTP_STDLIB	reltool-1.1	/opt/homebrew/Cellar/erlang/29.0.3/lib/erlang/lib/reltool-1.1/ebin/reltool_server.beam	loaded	27	23	4
OTP_STDLIB	reltool-1.1	/opt/homebrew/Cellar/erlang/29.0.3/lib/erlang/lib/reltool-1.1/ebin/reltool_sys_win.beam	loaded	11	8	3
OTP_STDLIB	reltool-1.1	/opt/homebrew/Cellar/erlang/29.0.3/lib/erlang/lib/reltool-1.1/ebin/reltool_target.beam	loaded	12	3	9
OTP_STDLIB	reltool-1.1	/opt/homebrew/Cellar/erlang/29.0.3/lib/erlang/lib/reltool-1.1/ebin/reltool_utils.beam	loaded	49	5	44
OTP_STDLIB	runtime_tools-2.4	/opt/homebrew/Cellar/erlang/29.0.3/lib/erlang/lib/runtime_tools-2.4/ebin/appmon_info.beam	loaded	15	4	11
OTP_STDLIB	runtime_tools-2.4	/opt/homebrew/Cellar/erlang/29.0.3/lib/erlang/lib/runtime_tools-2.4/ebin/dbg.beam	loaded	71	2	69
OTP_STDLIB	runtime_tools-2.4	/opt/homebrew/Cellar/erlang/29.0.3/lib/erlang/lib/runtime_tools-2.4/ebin/dyntrace.beam	loaded	46	6	40
OTP_STDLIB	runtime_tools-2.4	/opt/homebrew/Cellar/erlang/29.0.3/lib/erlang/lib/runtime_tools-2.4/ebin/erts_alloc_config.beam	loaded	2	2	0
OTP_STDLIB	runtime_tools-2.4	/opt/homebrew/Cellar/erlang/29.0.3/lib/erlang/lib/runtime_tools-2.4/ebin/instrument.beam	loaded	6	2	4
OTP_STDLIB	runtime_tools-2.4	/opt/homebrew/Cellar/erlang/29.0.3/lib/erlang/lib/runtime_tools-2.4/ebin/msacc.beam	loaded	15	5	10
OTP_STDLIB	runtime_tools-2.4	/opt/homebrew/Cellar/erlang/29.0.3/lib/erlang/lib/runtime_tools-2.4/ebin/observer_backend.beam	loaded	20	2	18
OTP_STDLIB	runtime_tools-2.4	/opt/homebrew/Cellar/erlang/29.0.3/lib/erlang/lib/runtime_tools-2.4/ebin/runtime_tools.beam	loaded	4	3	1
OTP_STDLIB	runtime_tools-2.4	/opt/homebrew/Cellar/erlang/29.0.3/lib/erlang/lib/runtime_tools-2.4/ebin/runtime_tools_sup.beam	loaded	3	2	1
OTP_STDLIB	runtime_tools-2.4	/opt/homebrew/Cellar/erlang/29.0.3/lib/erlang/lib/runtime_tools-2.4/ebin/scheduler.beam	loaded	8	2	6
OTP_STDLIB	runtime_tools-2.4	/opt/homebrew/Cellar/erlang/29.0.3/lib/erlang/lib/runtime_tools-2.4/ebin/system_information.beam	loaded	24	11	13
OTP_STDLIB	runtime_tools-2.4	/opt/homebrew/Cellar/erlang/29.0.3/lib/erlang/lib/runtime_tools-2.4/ebin/ttb_autostart.beam	loaded	12	4	8
OTP_STDLIB	sasl-4.4	/opt/homebrew/Cellar/erlang/29.0.3/lib/erlang/lib/sasl-4.4/ebin/alarm_handler.beam	loaded	14	10	4
OTP_STDLIB	sasl-4.4	/opt/homebrew/Cellar/erlang/29.0.3/lib/erlang/lib/sasl-4.4/ebin/erlsrv.beam	loaded	17	2	15
OTP_STDLIB	sasl-4.4	/opt/homebrew/Cellar/erlang/29.0.3/lib/erlang/lib/sasl-4.4/ebin/format_lib_supp.beam	loaded	4	2	2
OTP_STDLIB	sasl-4.4	/opt/homebrew/Cellar/erlang/29.0.3/lib/erlang/lib/sasl-4.4/ebin/misc_supp.beam	loaded	9	2	7
OTP_STDLIB	sasl-4.4	/opt/homebrew/Cellar/erlang/29.0.3/lib/erlang/lib/sasl-4.4/ebin/rb.beam	loaded	27	6	21
OTP_STDLIB	sasl-4.4	/opt/homebrew/Cellar/erlang/29.0.3/lib/erlang/lib/sasl-4.4/ebin/rb_format_supp.beam	loaded	3	2	1
OTP_STDLIB	sasl-4.4	/opt/homebrew/Cellar/erlang/29.0.3/lib/erlang/lib/sasl-4.4/ebin/release_handler.beam	loaded	49	5	44
OTP_STDLIB	sasl-4.4	/opt/homebrew/Cellar/erlang/29.0.3/lib/erlang/lib/sasl-4.4/ebin/release_handler_1.beam	loaded	8	2	6
OTP_STDLIB	sasl-4.4	/opt/homebrew/Cellar/erlang/29.0.3/lib/erlang/lib/sasl-4.4/ebin/sasl.beam	loaded	6	2	4
OTP_STDLIB	sasl-4.4	/opt/homebrew/Cellar/erlang/29.0.3/lib/erlang/lib/sasl-4.4/ebin/sasl_report.beam	loaded	4	2	2
OTP_STDLIB	sasl-4.4	/opt/homebrew/Cellar/erlang/29.0.3/lib/erlang/lib/sasl-4.4/ebin/sasl_report_file_h.beam	loaded	7	3	4
OTP_STDLIB	sasl-4.4	/opt/homebrew/Cellar/erlang/29.0.3/lib/erlang/lib/sasl-4.4/ebin/sasl_report_tty_h.beam	loaded	7	5	2
OTP_STDLIB	sasl-4.4	/opt/homebrew/Cellar/erlang/29.0.3/lib/erlang/lib/sasl-4.4/ebin/systools.beam	loaded	11	6	5
OTP_STDLIB	sasl-4.4	/opt/homebrew/Cellar/erlang/29.0.3/lib/erlang/lib/sasl-4.4/ebin/systools_lib.beam	loaded	8	2	6
OTP_STDLIB	sasl-4.4	/opt/homebrew/Cellar/erlang/29.0.3/lib/erlang/lib/sasl-4.4/ebin/systools_make.beam	loaded	16	2	14
OTP_STDLIB	sasl-4.4	/opt/homebrew/Cellar/erlang/29.0.3/lib/erlang/lib/sasl-4.4/ebin/systools_rc.beam	loaded	5	2	3
OTP_STDLIB	sasl-4.4	/opt/homebrew/Cellar/erlang/29.0.3/lib/erlang/lib/sasl-4.4/ebin/systools_relup.beam	loaded	7	2	5
OTP_STDLIB	snmp-5.20.4	/opt/homebrew/Cellar/erlang/29.0.3/lib/erlang/lib/snmp-5.20.4/ebin/snmp.beam	loaded	48	21	27
OTP_STDLIB	snmp-5.20.4	/opt/homebrew/Cellar/erlang/29.0.3/lib/erlang/lib/snmp-5.20.4/ebin/snmp_app.beam	loaded	12	5	7
OTP_STDLIB	snmp-5.20.4	/opt/homebrew/Cellar/erlang/29.0.3/lib/erlang/lib/snmp-5.20.4/ebin/snmp_app_sup.beam	loaded	7	2	5
OTP_STDLIB	snmp-5.20.4	/opt/homebrew/Cellar/erlang/29.0.3/lib/erlang/lib/snmp-5.20.4/ebin/snmp_community_mib.beam	loaded	14	2	12
OTP_STDLIB	snmp-5.20.4	/opt/homebrew/Cellar/erlang/29.0.3/lib/erlang/lib/snmp-5.20.4/ebin/snmp_conf.beam	loaded	49	5	44
OTP_STDLIB	snmp-5.20.4	/opt/homebrew/Cellar/erlang/29.0.3/lib/erlang/lib/snmp-5.20.4/ebin/snmp_config.beam	loaded	58	28	30
OTP_STDLIB	snmp-5.20.4	/opt/homebrew/Cellar/erlang/29.0.3/lib/erlang/lib/snmp-5.20.4/ebin/snmp_framework_mib.beam	loaded	33	2	31
OTP_STDLIB	snmp-5.20.4	/opt/homebrew/Cellar/erlang/29.0.3/lib/erlang/lib/snmp-5.20.4/ebin/snmp_generic.beam	loaded	41	12	29
OTP_STDLIB	snmp-5.20.4	/opt/homebrew/Cellar/erlang/29.0.3/lib/erlang/lib/snmp-5.20.4/ebin/snmp_generic_mnesia.beam	loaded	17	3	14
OTP_STDLIB	snmp-5.20.4	/opt/homebrew/Cellar/erlang/29.0.3/lib/erlang/lib/snmp-5.20.4/ebin/snmp_index.beam	loaded	11	3	8
OTP_STDLIB	snmp-5.20.4	/opt/homebrew/Cellar/erlang/29.0.3/lib/erlang/lib/snmp-5.20.4/ebin/snmp_log.beam	loaded	26	3	23
OTP_STDLIB	snmp-5.20.4	/opt/homebrew/Cellar/erlang/29.0.3/lib/erlang/lib/snmp-5.20.4/ebin/snmp_mini_mib.beam	loaded	7	2	5
OTP_STDLIB	snmp-5.20.4	/opt/homebrew/Cellar/erlang/29.0.3/lib/erlang/lib/snmp-5.20.4/ebin/snmp_misc.beam	loaded	48	5	43
OTP_STDLIB	snmp-5.20.4	/opt/homebrew/Cellar/erlang/29.0.3/lib/erlang/lib/snmp-5.20.4/ebin/snmp_note_store.beam	loaded	16	3	13
OTP_STDLIB	snmp-5.20.4	/opt/homebrew/Cellar/erlang/29.0.3/lib/erlang/lib/snmp-5.20.4/ebin/snmp_notification_mib.beam	loaded	14	3	11
OTP_STDLIB	snmp-5.20.4	/opt/homebrew/Cellar/erlang/29.0.3/lib/erlang/lib/snmp-5.20.4/ebin/snmp_pdus.beam	loaded	21	2	19
OTP_STDLIB	snmp-5.20.4	/opt/homebrew/Cellar/erlang/29.0.3/lib/erlang/lib/snmp-5.20.4/ebin/snmp_pdus_basic.beam	loaded	18	7	11
OTP_STDLIB	snmp-5.20.4	/opt/homebrew/Cellar/erlang/29.0.3/lib/erlang/lib/snmp-5.20.4/ebin/snmp_shadow_table.beam	loaded	4	2	2
OTP_STDLIB	snmp-5.20.4	/opt/homebrew/Cellar/erlang/29.0.3/lib/erlang/lib/snmp-5.20.4/ebin/snmp_standard_mib.beam	loaded	58	7	51
OTP_STDLIB	snmp-5.20.4	/opt/homebrew/Cellar/erlang/29.0.3/lib/erlang/lib/snmp-5.20.4/ebin/snmp_target_mib.beam	loaded	24	3	21
OTP_STDLIB	snmp-5.20.4	/opt/homebrew/Cellar/erlang/29.0.3/lib/erlang/lib/snmp-5.20.4/ebin/snmp_user_based_sm_mib.beam	loaded	26	2	24
OTP_STDLIB	snmp-5.20.4	/opt/homebrew/Cellar/erlang/29.0.3/lib/erlang/lib/snmp-5.20.4/ebin/snmp_usm.beam	loaded	11	2	9
OTP_STDLIB	snmp-5.20.4	/opt/homebrew/Cellar/erlang/29.0.3/lib/erlang/lib/snmp-5.20.4/ebin/snmp_verbosity.beam	loaded	7	3	4
OTP_STDLIB	snmp-5.20.4	/opt/homebrew/Cellar/erlang/29.0.3/lib/erlang/lib/snmp-5.20.4/ebin/snmp_view_based_acm_mib.beam	loaded	24	3	21
OTP_STDLIB	snmp-5.20.4	/opt/homebrew/Cellar/erlang/29.0.3/lib/erlang/lib/snmp-5.20.4/ebin/snmpa.beam	loaded	135	58	77
OTP_STDLIB	snmp-5.20.4	/opt/homebrew/Cellar/erlang/29.0.3/lib/erlang/lib/snmp-5.20.4/ebin/snmpa_acm.beam	loaded	9	4	5
OTP_STDLIB	snmp-5.20.4	/opt/homebrew/Cellar/erlang/29.0.3/lib/erlang/lib/snmp-5.20.4/ebin/snmpa_agent.beam	loaded	76	7	69
OTP_STDLIB	snmp-5.20.4	/opt/homebrew/Cellar/erlang/29.0.3/lib/erlang/lib/snmp-5.20.4/ebin/snmpa_agent_sup.beam	loaded	8	3	5
OTP_STDLIB	snmp-5.20.4	/opt/homebrew/Cellar/erlang/29.0.3/lib/erlang/lib/snmp-5.20.4/ebin/snmpa_app.beam	loaded	5	2	3
OTP_STDLIB	snmp-5.20.4	/opt/homebrew/Cellar/erlang/29.0.3/lib/erlang/lib/snmp-5.20.4/ebin/snmpa_authentication_service.beam	loaded	3	2	1
OTP_STDLIB	snmp-5.20.4	/opt/homebrew/Cellar/erlang/29.0.3/lib/erlang/lib/snmp-5.20.4/ebin/snmpa_conf.beam	loaded	59	14	45
OTP_STDLIB	snmp-5.20.4	/opt/homebrew/Cellar/erlang/29.0.3/lib/erlang/lib/snmp-5.20.4/ebin/snmpa_discovery_handler.beam	loaded	4	3	1
OTP_STDLIB	snmp-5.20.4	/opt/homebrew/Cellar/erlang/29.0.3/lib/erlang/lib/snmp-5.20.4/ebin/snmpa_discovery_handler_default.beam	loaded	3	3	0
OTP_STDLIB	snmp-5.20.4	/opt/homebrew/Cellar/erlang/29.0.3/lib/erlang/lib/snmp-5.20.4/ebin/snmpa_error.beam	loaded	4	2	2
OTP_STDLIB	snmp-5.20.4	/opt/homebrew/Cellar/erlang/29.0.3/lib/erlang/lib/snmp-5.20.4/ebin/snmpa_error_io.beam	loaded	4	2	2
OTP_STDLIB	snmp-5.20.4	/opt/homebrew/Cellar/erlang/29.0.3/lib/erlang/lib/snmp-5.20.4/ebin/snmpa_error_logger.beam	loaded	4	2	2
OTP_STDLIB	snmp-5.20.4	/opt/homebrew/Cellar/erlang/29.0.3/lib/erlang/lib/snmp-5.20.4/ebin/snmpa_error_report.beam	loaded	3	2	1
OTP_STDLIB	snmp-5.20.4	/opt/homebrew/Cellar/erlang/29.0.3/lib/erlang/lib/snmp-5.20.4/ebin/snmpa_get.beam	loaded	12	5	7
OTP_STDLIB	snmp-5.20.4	/opt/homebrew/Cellar/erlang/29.0.3/lib/erlang/lib/snmp-5.20.4/ebin/snmpa_get_lib.beam	loaded	13	6	7
OTP_STDLIB	snmp-5.20.4	/opt/homebrew/Cellar/erlang/29.0.3/lib/erlang/lib/snmp-5.20.4/ebin/snmpa_get_mechanism.beam	loaded	3	2	1
OTP_STDLIB	snmp-5.20.4	/opt/homebrew/Cellar/erlang/29.0.3/lib/erlang/lib/snmp-5.20.4/ebin/snmpa_local_db.beam	loaded	43	2	41
OTP_STDLIB	snmp-5.20.4	/opt/homebrew/Cellar/erlang/29.0.3/lib/erlang/lib/snmp-5.20.4/ebin/snmpa_mib.beam	loaded	38	3	35
OTP_STDLIB	snmp-5.20.4	/opt/homebrew/Cellar/erlang/29.0.3/lib/erlang/lib/snmp-5.20.4/ebin/snmpa_mib_data.beam	loaded	3	2	1
OTP_STDLIB	snmp-5.20.4	/opt/homebrew/Cellar/erlang/29.0.3/lib/erlang/lib/snmp-5.20.4/ebin/snmpa_mib_data_tttn.beam	loaded	19	3	16
OTP_STDLIB	snmp-5.20.4	/opt/homebrew/Cellar/erlang/29.0.3/lib/erlang/lib/snmp-5.20.4/ebin/snmpa_mib_lib.beam	loaded	11	2	9
OTP_STDLIB	snmp-5.20.4	/opt/homebrew/Cellar/erlang/29.0.3/lib/erlang/lib/snmp-5.20.4/ebin/snmpa_mib_storage.beam	loaded	3	2	1
OTP_STDLIB	snmp-5.20.4	/opt/homebrew/Cellar/erlang/29.0.3/lib/erlang/lib/snmp-5.20.4/ebin/snmpa_mib_storage_dets.beam	loaded	15	2	13
OTP_STDLIB	snmp-5.20.4	/opt/homebrew/Cellar/erlang/29.0.3/lib/erlang/lib/snmp-5.20.4/ebin/snmpa_mib_storage_ets.beam	loaded	15	2	13
OTP_STDLIB	snmp-5.20.4	/opt/homebrew/Cellar/erlang/29.0.3/lib/erlang/lib/snmp-5.20.4/ebin/snmpa_mib_storage_mnesia.beam	loaded	15	5	10
OTP_STDLIB	snmp-5.20.4	/opt/homebrew/Cellar/erlang/29.0.3/lib/erlang/lib/snmp-5.20.4/ebin/snmpa_misc_sup.beam	loaded	10	2	8
OTP_STDLIB	snmp-5.20.4	/opt/homebrew/Cellar/erlang/29.0.3/lib/erlang/lib/snmp-5.20.4/ebin/snmpa_mpd.beam	loaded	19	4	15
OTP_STDLIB	snmp-5.20.4	/opt/homebrew/Cellar/erlang/29.0.3/lib/erlang/lib/snmp-5.20.4/ebin/snmpa_net_if.beam	loaded	14	2	12
OTP_STDLIB	snmp-5.20.4	/opt/homebrew/Cellar/erlang/29.0.3/lib/erlang/lib/snmp-5.20.4/ebin/snmpa_net_if_filter.beam	loaded	6	6	0
OTP_STDLIB	snmp-5.20.4	/opt/homebrew/Cellar/erlang/29.0.3/lib/erlang/lib/snmp-5.20.4/ebin/snmpa_network_interface.beam	loaded	3	2	1
OTP_STDLIB	snmp-5.20.4	/opt/homebrew/Cellar/erlang/29.0.3/lib/erlang/lib/snmp-5.20.4/ebin/snmpa_network_interface_filter.beam	loaded	4	3	1
OTP_STDLIB	snmp-5.20.4	/opt/homebrew/Cellar/erlang/29.0.3/lib/erlang/lib/snmp-5.20.4/ebin/snmpa_notification_delivery_info_receiver.beam	loaded	4	3	1
OTP_STDLIB	snmp-5.20.4	/opt/homebrew/Cellar/erlang/29.0.3/lib/erlang/lib/snmp-5.20.4/ebin/snmpa_notification_filter.beam	loaded	3	2	1
OTP_STDLIB	snmp-5.20.4	/opt/homebrew/Cellar/erlang/29.0.3/lib/erlang/lib/snmp-5.20.4/ebin/snmpa_set.beam	loaded	4	2	2
OTP_STDLIB	snmp-5.20.4	/opt/homebrew/Cellar/erlang/29.0.3/lib/erlang/lib/snmp-5.20.4/ebin/snmpa_set_lib.beam	loaded	6	2	4
OTP_STDLIB	snmp-5.20.4	/opt/homebrew/Cellar/erlang/29.0.3/lib/erlang/lib/snmp-5.20.4/ebin/snmpa_set_mechanism.beam	loaded	3	2	1
OTP_STDLIB	snmp-5.20.4	/opt/homebrew/Cellar/erlang/29.0.3/lib/erlang/lib/snmp-5.20.4/ebin/snmpa_supervisor.beam	loaded	11	4	7
OTP_STDLIB	snmp-5.20.4	/opt/homebrew/Cellar/erlang/29.0.3/lib/erlang/lib/snmp-5.20.4/ebin/snmpa_svbl.beam	loaded	7	2	5
OTP_STDLIB	snmp-5.20.4	/opt/homebrew/Cellar/erlang/29.0.3/lib/erlang/lib/snmp-5.20.4/ebin/snmpa_symbolic_store.beam	loaded	39	3	36
OTP_STDLIB	snmp-5.20.4	/opt/homebrew/Cellar/erlang/29.0.3/lib/erlang/lib/snmp-5.20.4/ebin/snmpa_target_cache.beam	loaded	14	3	11
OTP_STDLIB	snmp-5.20.4	/opt/homebrew/Cellar/erlang/29.0.3/lib/erlang/lib/snmp-5.20.4/ebin/snmpa_trap.beam	loaded	16	2	14
OTP_STDLIB	snmp-5.20.4	/opt/homebrew/Cellar/erlang/29.0.3/lib/erlang/lib/snmp-5.20.4/ebin/snmpa_usm.beam	loaded	9	2	7
OTP_STDLIB	snmp-5.20.4	/opt/homebrew/Cellar/erlang/29.0.3/lib/erlang/lib/snmp-5.20.4/ebin/snmpa_vacm.beam	loaded	13	2	11
OTP_STDLIB	snmp-5.20.4	/opt/homebrew/Cellar/erlang/29.0.3/lib/erlang/lib/snmp-5.20.4/ebin/snmpc.beam	loaded	10	5	5
OTP_STDLIB	snmp-5.20.4	/opt/homebrew/Cellar/erlang/29.0.3/lib/erlang/lib/snmp-5.20.4/ebin/snmpc_lib.beam	loaded	33	5	28
OTP_STDLIB	snmp-5.20.4	/opt/homebrew/Cellar/erlang/29.0.3/lib/erlang/lib/snmp-5.20.4/ebin/snmpc_mib_gram.beam	loaded	5	2	3
OTP_STDLIB	snmp-5.20.4	/opt/homebrew/Cellar/erlang/29.0.3/lib/erlang/lib/snmp-5.20.4/ebin/snmpc_mib_to_hrl.beam	loaded	5	2	3
OTP_STDLIB	snmp-5.20.4	/opt/homebrew/Cellar/erlang/29.0.3/lib/erlang/lib/snmp-5.20.4/ebin/snmpc_misc.beam	loaded	11	2	9
OTP_STDLIB	snmp-5.20.4	/opt/homebrew/Cellar/erlang/29.0.3/lib/erlang/lib/snmp-5.20.4/ebin/snmpc_tok.beam	loaded	13	8	5
OTP_STDLIB	snmp-5.20.4	/opt/homebrew/Cellar/erlang/29.0.3/lib/erlang/lib/snmp-5.20.4/ebin/snmpm.beam	loaded	91	43	48
OTP_STDLIB	snmp-5.20.4	/opt/homebrew/Cellar/erlang/29.0.3/lib/erlang/lib/snmp-5.20.4/ebin/snmpm_conf.beam	loaded	26	7	19
OTP_STDLIB	snmp-5.20.4	/opt/homebrew/Cellar/erlang/29.0.3/lib/erlang/lib/snmp-5.20.4/ebin/snmpm_config.beam	loaded	93	4	89
OTP_STDLIB	snmp-5.20.4	/opt/homebrew/Cellar/erlang/29.0.3/lib/erlang/lib/snmp-5.20.4/ebin/snmpm_misc_sup.beam	loaded	8	2	6
OTP_STDLIB	snmp-5.20.4	/opt/homebrew/Cellar/erlang/29.0.3/lib/erlang/lib/snmp-5.20.4/ebin/snmpm_mpd.beam	loaded	11	2	9
OTP_STDLIB	snmp-5.20.4	/opt/homebrew/Cellar/erlang/29.0.3/lib/erlang/lib/snmp-5.20.4/ebin/snmpm_net_if.beam	loaded	20	4	16
OTP_STDLIB	snmp-5.20.4	/opt/homebrew/Cellar/erlang/29.0.3/lib/erlang/lib/snmp-5.20.4/ebin/snmpm_net_if_filter.beam	loaded	6	6	0
OTP_STDLIB	snmp-5.20.4	/opt/homebrew/Cellar/erlang/29.0.3/lib/erlang/lib/snmp-5.20.4/ebin/snmpm_net_if_mt.beam	loaded	20	4	16
OTP_STDLIB	snmp-5.20.4	/opt/homebrew/Cellar/erlang/29.0.3/lib/erlang/lib/snmp-5.20.4/ebin/snmpm_network_interface.beam	loaded	3	2	1
OTP_STDLIB	snmp-5.20.4	/opt/homebrew/Cellar/erlang/29.0.3/lib/erlang/lib/snmp-5.20.4/ebin/snmpm_network_interface_filter.beam	loaded	4	3	1
OTP_STDLIB	snmp-5.20.4	/opt/homebrew/Cellar/erlang/29.0.3/lib/erlang/lib/snmp-5.20.4/ebin/snmpm_server.beam	loaded	43	3	40
OTP_STDLIB	snmp-5.20.4	/opt/homebrew/Cellar/erlang/29.0.3/lib/erlang/lib/snmp-5.20.4/ebin/snmpm_server_sup.beam	loaded	5	2	3
OTP_STDLIB	snmp-5.20.4	/opt/homebrew/Cellar/erlang/29.0.3/lib/erlang/lib/snmp-5.20.4/ebin/snmpm_supervisor.beam	loaded	6	2	4
OTP_STDLIB	snmp-5.20.4	/opt/homebrew/Cellar/erlang/29.0.3/lib/erlang/lib/snmp-5.20.4/ebin/snmpm_user.beam	loaded	3	2	1
OTP_STDLIB	snmp-5.20.4	/opt/homebrew/Cellar/erlang/29.0.3/lib/erlang/lib/snmp-5.20.4/ebin/snmpm_user_default.beam	loaded	8	2	6
OTP_STDLIB	snmp-5.20.4	/opt/homebrew/Cellar/erlang/29.0.3/lib/erlang/lib/snmp-5.20.4/ebin/snmpm_user_old.beam	loaded	3	2	1
OTP_STDLIB	snmp-5.20.4	/opt/homebrew/Cellar/erlang/29.0.3/lib/erlang/lib/snmp-5.20.4/ebin/snmpm_usm.beam	loaded	6	2	4
OTP_STDLIB	ssh-6.0.2	/opt/homebrew/Cellar/erlang/29.0.3/lib/erlang/lib/ssh-6.0.2/ebin/ssh.beam	loaded	45	11	34
OTP_STDLIB	ssh-6.0.2	/opt/homebrew/Cellar/erlang/29.0.3/lib/erlang/lib/ssh-6.0.2/ebin/ssh_acceptor.beam	loaded	12	2	10
OTP_STDLIB	ssh-6.0.2	/opt/homebrew/Cellar/erlang/29.0.3/lib/erlang/lib/ssh-6.0.2/ebin/ssh_acceptor_sup.beam	loaded	10	3	7
OTP_STDLIB	ssh-6.0.2	/opt/homebrew/Cellar/erlang/29.0.3/lib/erlang/lib/ssh-6.0.2/ebin/ssh_agent.beam	loaded	9	2	7
OTP_STDLIB	ssh-6.0.2	/opt/homebrew/Cellar/erlang/29.0.3/lib/erlang/lib/ssh-6.0.2/ebin/ssh_app.beam	loaded	5	3	2
OTP_STDLIB	ssh-6.0.2	/opt/homebrew/Cellar/erlang/29.0.3/lib/erlang/lib/ssh-6.0.2/ebin/ssh_auth.beam	loaded	18	3	15
OTP_STDLIB	ssh-6.0.2	/opt/homebrew/Cellar/erlang/29.0.3/lib/erlang/lib/ssh-6.0.2/ebin/ssh_bits.beam	loaded	5	3	2
OTP_STDLIB	ssh-6.0.2	/opt/homebrew/Cellar/erlang/29.0.3/lib/erlang/lib/ssh-6.0.2/ebin/ssh_channel.beam	loaded	13	12	1
OTP_STDLIB	ssh-6.0.2	/opt/homebrew/Cellar/erlang/29.0.3/lib/erlang/lib/ssh-6.0.2/ebin/ssh_channel_sup.beam	loaded	5	3	2
OTP_STDLIB	ssh-6.0.2	/opt/homebrew/Cellar/erlang/29.0.3/lib/erlang/lib/ssh-6.0.2/ebin/ssh_cli.beam	loaded	11	3	8
OTP_STDLIB	ssh-6.0.2	/opt/homebrew/Cellar/erlang/29.0.3/lib/erlang/lib/ssh-6.0.2/ebin/ssh_client_channel.beam	loaded	32	11	21
OTP_STDLIB	ssh-6.0.2	/opt/homebrew/Cellar/erlang/29.0.3/lib/erlang/lib/ssh-6.0.2/ebin/ssh_client_key_api.beam	loaded	3	2	1
OTP_STDLIB	ssh-6.0.2	/opt/homebrew/Cellar/erlang/29.0.3/lib/erlang/lib/ssh-6.0.2/ebin/ssh_connection.beam	loaded	44	20	24
OTP_STDLIB	ssh-6.0.2	/opt/homebrew/Cellar/erlang/29.0.3/lib/erlang/lib/ssh-6.0.2/ebin/ssh_connection_handler.beam	loaded	50	5	45
OTP_STDLIB	ssh-6.0.2	/opt/homebrew/Cellar/erlang/29.0.3/lib/erlang/lib/ssh-6.0.2/ebin/ssh_connection_sup.beam	loaded	6	2	4
OTP_STDLIB	ssh-6.0.2	/opt/homebrew/Cellar/erlang/29.0.3/lib/erlang/lib/ssh-6.0.2/ebin/ssh_daemon_channel.beam	loaded	5	4	1
OTP_STDLIB	ssh-6.0.2	/opt/homebrew/Cellar/erlang/29.0.3/lib/erlang/lib/ssh-6.0.2/ebin/ssh_dbg.beam	loaded	34	3	31
OTP_STDLIB	ssh-6.0.2	/opt/homebrew/Cellar/erlang/29.0.3/lib/erlang/lib/ssh-6.0.2/ebin/ssh_file.beam	loaded	11	2	9
OTP_STDLIB	ssh-6.0.2	/opt/homebrew/Cellar/erlang/29.0.3/lib/erlang/lib/ssh-6.0.2/ebin/ssh_fsm_kexinit.beam	loaded	12	7	5
OTP_STDLIB	ssh-6.0.2	/opt/homebrew/Cellar/erlang/29.0.3/lib/erlang/lib/ssh-6.0.2/ebin/ssh_fsm_userauth_client.beam	loaded	7	5	2
OTP_STDLIB	ssh-6.0.2	/opt/homebrew/Cellar/erlang/29.0.3/lib/erlang/lib/ssh-6.0.2/ebin/ssh_fsm_userauth_server.beam	loaded	7	5	2
OTP_STDLIB	ssh-6.0.2	/opt/homebrew/Cellar/erlang/29.0.3/lib/erlang/lib/ssh-6.0.2/ebin/ssh_info.beam	loaded	6	2	4
OTP_STDLIB	ssh-6.0.2	/opt/homebrew/Cellar/erlang/29.0.3/lib/erlang/lib/ssh-6.0.2/ebin/ssh_io.beam	loaded	6	3	3
OTP_STDLIB	ssh-6.0.2	/opt/homebrew/Cellar/erlang/29.0.3/lib/erlang/lib/ssh-6.0.2/ebin/ssh_lib.beam	loaded	10	5	5
OTP_STDLIB	ssh-6.0.2	/opt/homebrew/Cellar/erlang/29.0.3/lib/erlang/lib/ssh-6.0.2/ebin/ssh_lsocket.beam	loaded	11	2	9
OTP_STDLIB	ssh-6.0.2	/opt/homebrew/Cellar/erlang/29.0.3/lib/erlang/lib/ssh-6.0.2/ebin/ssh_lsocket_sup.beam	loaded	4	2	2
OTP_STDLIB	ssh-6.0.2	/opt/homebrew/Cellar/erlang/29.0.3/lib/erlang/lib/ssh-6.0.2/ebin/ssh_message.beam	loaded	17	2	15
OTP_STDLIB	ssh-6.0.2	/opt/homebrew/Cellar/erlang/29.0.3/lib/erlang/lib/ssh-6.0.2/ebin/ssh_no_io.beam	loaded	6	2	4
OTP_STDLIB	ssh-6.0.2	/opt/homebrew/Cellar/erlang/29.0.3/lib/erlang/lib/ssh-6.0.2/ebin/ssh_options.beam	loaded	14	2	12
OTP_STDLIB	ssh-6.0.2	/opt/homebrew/Cellar/erlang/29.0.3/lib/erlang/lib/ssh-6.0.2/ebin/ssh_server_channel.beam	loaded	6	5	1
OTP_STDLIB	ssh-6.0.2	/opt/homebrew/Cellar/erlang/29.0.3/lib/erlang/lib/ssh-6.0.2/ebin/ssh_server_key_api.beam	loaded	3	2	1
OTP_STDLIB	ssh-6.0.2	/opt/homebrew/Cellar/erlang/29.0.3/lib/erlang/lib/ssh-6.0.2/ebin/ssh_sftp.beam	loaded	76	6	70
OTP_STDLIB	ssh-6.0.2	/opt/homebrew/Cellar/erlang/29.0.3/lib/erlang/lib/ssh-6.0.2/ebin/ssh_sftpd.beam	loaded	12	4	8
OTP_STDLIB	ssh-6.0.2	/opt/homebrew/Cellar/erlang/29.0.3/lib/erlang/lib/ssh-6.0.2/ebin/ssh_sftpd_file.beam	loaded	19	2	17
OTP_STDLIB	ssh-6.0.2	/opt/homebrew/Cellar/erlang/29.0.3/lib/erlang/lib/ssh-6.0.2/ebin/ssh_sftpd_file_api.beam	loaded	3	2	1
OTP_STDLIB	ssh-6.0.2	/opt/homebrew/Cellar/erlang/29.0.3/lib/erlang/lib/ssh-6.0.2/ebin/ssh_shell.beam	loaded	12	5	7
OTP_STDLIB	ssh-6.0.2	/opt/homebrew/Cellar/erlang/29.0.3/lib/erlang/lib/ssh-6.0.2/ebin/ssh_system_sup.beam	loaded	18	4	14
OTP_STDLIB	ssh-6.0.2	/opt/homebrew/Cellar/erlang/29.0.3/lib/erlang/lib/ssh-6.0.2/ebin/ssh_tcpip_forward_acceptor.beam	loaded	4	2	2
OTP_STDLIB	ssh-6.0.2	/opt/homebrew/Cellar/erlang/29.0.3/lib/erlang/lib/ssh-6.0.2/ebin/ssh_tcpip_forward_acceptor_sup.beam	loaded	5	3	2
OTP_STDLIB	ssh-6.0.2	/opt/homebrew/Cellar/erlang/29.0.3/lib/erlang/lib/ssh-6.0.2/ebin/ssh_tcpip_forward_client.beam	loaded	9	5	4
OTP_STDLIB	ssh-6.0.2	/opt/homebrew/Cellar/erlang/29.0.3/lib/erlang/lib/ssh-6.0.2/ebin/ssh_tcpip_forward_srv.beam	loaded	6	2	4
OTP_STDLIB	ssh-6.0.2	/opt/homebrew/Cellar/erlang/29.0.3/lib/erlang/lib/ssh-6.0.2/ebin/ssh_transport.beam	loaded	51	5	46
OTP_STDLIB	ssh-6.0.2	/opt/homebrew/Cellar/erlang/29.0.3/lib/erlang/lib/ssh-6.0.2/ebin/ssh_xfer.beam	loaded	39	3	36
OTP_STDLIB	ssl-11.7.3	/opt/homebrew/Cellar/erlang/29.0.3/lib/erlang/lib/ssl-11.7.3/ebin/dtls_client_connection.beam	loaded	18	6	12
OTP_STDLIB	ssl-11.7.3	/opt/homebrew/Cellar/erlang/29.0.3/lib/erlang/lib/ssl-11.7.3/ebin/dtls_connection_sup.beam	loaded	7	2	5
OTP_STDLIB	ssl-11.7.3	/opt/homebrew/Cellar/erlang/29.0.3/lib/erlang/lib/ssl-11.7.3/ebin/dtls_gen_connection.beam	loaded	34	6	28
OTP_STDLIB	ssl-11.7.3	/opt/homebrew/Cellar/erlang/29.0.3/lib/erlang/lib/ssl-11.7.3/ebin/dtls_handshake.beam	loaded	11	3	8
OTP_STDLIB	ssl-11.7.3	/opt/homebrew/Cellar/erlang/29.0.3/lib/erlang/lib/ssl-11.7.3/ebin/dtls_listener_sup.beam	loaded	7	4	3
OTP_STDLIB	ssl-11.7.3	/opt/homebrew/Cellar/erlang/29.0.3/lib/erlang/lib/ssl-11.7.3/ebin/dtls_packet_demux.beam	loaded	21	7	14
OTP_STDLIB	ssl-11.7.3	/opt/homebrew/Cellar/erlang/29.0.3/lib/erlang/lib/ssl-11.7.3/ebin/dtls_record.beam	loaded	30	6	24
OTP_STDLIB	ssl-11.7.3	/opt/homebrew/Cellar/erlang/29.0.3/lib/erlang/lib/ssl-11.7.3/ebin/dtls_server_connection.beam	loaded	18	6	12
OTP_STDLIB	ssl-11.7.3	/opt/homebrew/Cellar/erlang/29.0.3/lib/erlang/lib/ssl-11.7.3/ebin/dtls_server_session_cache_sup.beam	loaded	5	2	3
OTP_STDLIB	ssl-11.7.3	/opt/homebrew/Cellar/erlang/29.0.3/lib/erlang/lib/ssl-11.7.3/ebin/dtls_server_sup.beam	loaded	4	2	2
OTP_STDLIB	ssl-11.7.3	/opt/homebrew/Cellar/erlang/29.0.3/lib/erlang/lib/ssl-11.7.3/ebin/dtls_socket.beam	loaded	21	7	14
OTP_STDLIB	ssl-11.7.3	/opt/homebrew/Cellar/erlang/29.0.3/lib/erlang/lib/ssl-11.7.3/ebin/dtls_sup.beam	loaded	4	2	2
OTP_STDLIB	ssl-11.7.3	/opt/homebrew/Cellar/erlang/29.0.3/lib/erlang/lib/ssl-11.7.3/ebin/dtls_v1.beam	loaded	12	4	8
OTP_STDLIB	ssl-11.7.3	/opt/homebrew/Cellar/erlang/29.0.3/lib/erlang/lib/ssl-11.7.3/ebin/inet6_tls_dist.beam	loaded	10	10	0
OTP_STDLIB	ssl-11.7.3	/opt/homebrew/Cellar/erlang/29.0.3/lib/erlang/lib/ssl-11.7.3/ebin/inet_epmd_tls_socket.beam	loaded	11	3	8
OTP_STDLIB	ssl-11.7.3	/opt/homebrew/Cellar/erlang/29.0.3/lib/erlang/lib/ssl-11.7.3/ebin/inet_tls_dist.beam	loaded	30	6	24
OTP_STDLIB	ssl-11.7.3	/opt/homebrew/Cellar/erlang/29.0.3/lib/erlang/lib/ssl-11.7.3/ebin/ssl.beam	loaded	57	12	45
OTP_STDLIB	ssl-11.7.3	/opt/homebrew/Cellar/erlang/29.0.3/lib/erlang/lib/ssl-11.7.3/ebin/ssl_admin_sup.beam	loaded	5	2	3
OTP_STDLIB	ssl-11.7.3	/opt/homebrew/Cellar/erlang/29.0.3/lib/erlang/lib/ssl-11.7.3/ebin/ssl_alert.beam	loaded	6	2	4
OTP_STDLIB	ssl-11.7.3	/opt/homebrew/Cellar/erlang/29.0.3/lib/erlang/lib/ssl-11.7.3/ebin/ssl_app.beam	loaded	4	2	2
OTP_STDLIB	ssl-11.7.3	/opt/homebrew/Cellar/erlang/29.0.3/lib/erlang/lib/ssl-11.7.3/ebin/ssl_certificate.beam	loaded	17	4	13
OTP_STDLIB	ssl-11.7.3	/opt/homebrew/Cellar/erlang/29.0.3/lib/erlang/lib/ssl-11.7.3/ebin/ssl_cipher.beam	loaded	40	10	30
OTP_STDLIB	ssl-11.7.3	/opt/homebrew/Cellar/erlang/29.0.3/lib/erlang/lib/ssl-11.7.3/ebin/ssl_cipher_format.beam	loaded	9	2	7
OTP_STDLIB	ssl-11.7.3	/opt/homebrew/Cellar/erlang/29.0.3/lib/erlang/lib/ssl-11.7.3/ebin/ssl_client_session_cache_db.beam	loaded	10	6	4
OTP_STDLIB	ssl-11.7.3	/opt/homebrew/Cellar/erlang/29.0.3/lib/erlang/lib/ssl-11.7.3/ebin/ssl_config.beam	loaded	14	2	12
OTP_STDLIB	ssl-11.7.3	/opt/homebrew/Cellar/erlang/29.0.3/lib/erlang/lib/ssl-11.7.3/ebin/ssl_connection_sup.beam	loaded	4	2	2
OTP_STDLIB	ssl-11.7.3	/opt/homebrew/Cellar/erlang/29.0.3/lib/erlang/lib/ssl-11.7.3/ebin/ssl_crl.beam	loaded	3	2	1
OTP_STDLIB	ssl-11.7.3	/opt/homebrew/Cellar/erlang/29.0.3/lib/erlang/lib/ssl-11.7.3/ebin/ssl_crl_cache.beam	loaded	8	2	6
OTP_STDLIB	ssl-11.7.3	/opt/homebrew/Cellar/erlang/29.0.3/lib/erlang/lib/ssl-11.7.3/ebin/ssl_crl_cache_api.beam	loaded	3	2	1
OTP_STDLIB	ssl-11.7.3	/opt/homebrew/Cellar/erlang/29.0.3/lib/erlang/lib/ssl-11.7.3/ebin/ssl_crl_hash_dir.beam	loaded	5	3	2
OTP_STDLIB	ssl-11.7.3	/opt/homebrew/Cellar/erlang/29.0.3/lib/erlang/lib/ssl-11.7.3/ebin/ssl_dh_groups.beam	loaded	15	8	7
OTP_STDLIB	ssl-11.7.3	/opt/homebrew/Cellar/erlang/29.0.3/lib/erlang/lib/ssl-11.7.3/ebin/ssl_dist_admin_sup.beam	loaded	4	2	2
OTP_STDLIB	ssl-11.7.3	/opt/homebrew/Cellar/erlang/29.0.3/lib/erlang/lib/ssl-11.7.3/ebin/ssl_dist_connection_sup.beam	loaded	4	2	2
OTP_STDLIB	ssl-11.7.3	/opt/homebrew/Cellar/erlang/29.0.3/lib/erlang/lib/ssl-11.7.3/ebin/ssl_dist_sup.beam	loaded	5	2	3
OTP_STDLIB	ssl-11.7.3	/opt/homebrew/Cellar/erlang/29.0.3/lib/erlang/lib/ssl-11.7.3/ebin/ssl_gen_statem.beam	loaded	47	5	42
OTP_STDLIB	ssl-11.7.3	/opt/homebrew/Cellar/erlang/29.0.3/lib/erlang/lib/ssl-11.7.3/ebin/ssl_handshake.beam	loaded	67	4	63
OTP_STDLIB	ssl-11.7.3	/opt/homebrew/Cellar/erlang/29.0.3/lib/erlang/lib/ssl-11.7.3/ebin/ssl_listen_tracker_sup.beam	loaded	7	2	5
OTP_STDLIB	ssl-11.7.3	/opt/homebrew/Cellar/erlang/29.0.3/lib/erlang/lib/ssl-11.7.3/ebin/ssl_logger.beam	loaded	11	2	9
OTP_STDLIB	ssl-11.7.3	/opt/homebrew/Cellar/erlang/29.0.3/lib/erlang/lib/ssl-11.7.3/ebin/ssl_manager.beam	loaded	25	5	20
OTP_STDLIB	ssl-11.7.3	/opt/homebrew/Cellar/erlang/29.0.3/lib/erlang/lib/ssl-11.7.3/ebin/ssl_pem_cache.beam	loaded	15	5	10
OTP_STDLIB	ssl-11.7.3	/opt/homebrew/Cellar/erlang/29.0.3/lib/erlang/lib/ssl-11.7.3/ebin/ssl_pkix_db.beam	loaded	23	5	18
OTP_STDLIB	ssl-11.7.3	/opt/homebrew/Cellar/erlang/29.0.3/lib/erlang/lib/ssl-11.7.3/ebin/ssl_record.beam	loaded	28	8	20
OTP_STDLIB	ssl-11.7.3	/opt/homebrew/Cellar/erlang/29.0.3/lib/erlang/lib/ssl-11.7.3/ebin/ssl_server_session_cache.beam	loaded	11	5	6
OTP_STDLIB	ssl-11.7.3	/opt/homebrew/Cellar/erlang/29.0.3/lib/erlang/lib/ssl-11.7.3/ebin/ssl_server_session_cache_db.beam	loaded	8	7	1
OTP_STDLIB	ssl-11.7.3	/opt/homebrew/Cellar/erlang/29.0.3/lib/erlang/lib/ssl-11.7.3/ebin/ssl_server_session_cache_sup.beam	loaded	5	2	3
OTP_STDLIB	ssl-11.7.3	/opt/homebrew/Cellar/erlang/29.0.3/lib/erlang/lib/ssl-11.7.3/ebin/ssl_session.beam	loaded	7	2	5
OTP_STDLIB	ssl-11.7.3	/opt/homebrew/Cellar/erlang/29.0.3/lib/erlang/lib/ssl-11.7.3/ebin/ssl_session_cache_api.beam	loaded	3	2	1
OTP_STDLIB	ssl-11.7.3	/opt/homebrew/Cellar/erlang/29.0.3/lib/erlang/lib/ssl-11.7.3/ebin/ssl_srp_primes.beam	loaded	4	2	2
OTP_STDLIB	ssl-11.7.3	/opt/homebrew/Cellar/erlang/29.0.3/lib/erlang/lib/ssl-11.7.3/ebin/ssl_sup.beam	loaded	4	2	2
OTP_STDLIB	ssl-11.7.3	/opt/homebrew/Cellar/erlang/29.0.3/lib/erlang/lib/ssl-11.7.3/ebin/ssl_trace.beam	loaded	19	4	15
OTP_STDLIB	ssl-11.7.3	/opt/homebrew/Cellar/erlang/29.0.3/lib/erlang/lib/ssl-11.7.3/ebin/ssl_upgrade_server_session_cache_sup.beam	loaded	6	2	4
OTP_STDLIB	ssl-11.7.3	/opt/homebrew/Cellar/erlang/29.0.3/lib/erlang/lib/ssl-11.7.3/ebin/tls_bloom_filter.beam	loaded	6	2	4
OTP_STDLIB	ssl-11.7.3	/opt/homebrew/Cellar/erlang/29.0.3/lib/erlang/lib/ssl-11.7.3/ebin/tls_client_connection.beam	loaded	18	8	10
OTP_STDLIB	ssl-11.7.3	/opt/homebrew/Cellar/erlang/29.0.3/lib/erlang/lib/ssl-11.7.3/ebin/tls_client_connection_1_3.beam	loaded	24	9	15
OTP_STDLIB	ssl-11.7.3	/opt/homebrew/Cellar/erlang/29.0.3/lib/erlang/lib/ssl-11.7.3/ebin/tls_client_ticket_store.beam	loaded	17	11	6
OTP_STDLIB	ssl-11.7.3	/opt/homebrew/Cellar/erlang/29.0.3/lib/erlang/lib/ssl-11.7.3/ebin/tls_connection_sup.beam	loaded	7	4	3
OTP_STDLIB	ssl-11.7.3	/opt/homebrew/Cellar/erlang/29.0.3/lib/erlang/lib/ssl-11.7.3/ebin/tls_dist_server_sup.beam	loaded	4	2	2
OTP_STDLIB	ssl-11.7.3	/opt/homebrew/Cellar/erlang/29.0.3/lib/erlang/lib/ssl-11.7.3/ebin/tls_dist_sup.beam	loaded	4	2	2
OTP_STDLIB	ssl-11.7.3	/opt/homebrew/Cellar/erlang/29.0.3/lib/erlang/lib/ssl-11.7.3/ebin/tls_dtls_client_connection.beam	loaded	11	4	7
OTP_STDLIB	ssl-11.7.3	/opt/homebrew/Cellar/erlang/29.0.3/lib/erlang/lib/ssl-11.7.3/ebin/tls_dtls_gen_connection.beam	loaded	20	6	14
OTP_STDLIB	ssl-11.7.3	/opt/homebrew/Cellar/erlang/29.0.3/lib/erlang/lib/ssl-11.7.3/ebin/tls_dtls_server_connection.beam	loaded	12	4	8
OTP_STDLIB	ssl-11.7.3	/opt/homebrew/Cellar/erlang/29.0.3/lib/erlang/lib/ssl-11.7.3/ebin/tls_dyn_connection_sup.beam	loaded	4	2	2
OTP_STDLIB	ssl-11.7.3	/opt/homebrew/Cellar/erlang/29.0.3/lib/erlang/lib/ssl-11.7.3/ebin/tls_gen_connection.beam	loaded	27	5	22
OTP_STDLIB	ssl-11.7.3	/opt/homebrew/Cellar/erlang/29.0.3/lib/erlang/lib/ssl-11.7.3/ebin/tls_gen_connection_1_3.beam	loaded	20	3	17
OTP_STDLIB	ssl-11.7.3	/opt/homebrew/Cellar/erlang/29.0.3/lib/erlang/lib/ssl-11.7.3/ebin/tls_handshake.beam	loaded	10	2	8
OTP_STDLIB	ssl-11.7.3	/opt/homebrew/Cellar/erlang/29.0.3/lib/erlang/lib/ssl-11.7.3/ebin/tls_handshake_1_3.beam	loaded	58	6	52
OTP_STDLIB	ssl-11.7.3	/opt/homebrew/Cellar/erlang/29.0.3/lib/erlang/lib/ssl-11.7.3/ebin/tls_record.beam	loaded	24	5	19
OTP_STDLIB	ssl-11.7.3	/opt/homebrew/Cellar/erlang/29.0.3/lib/erlang/lib/ssl-11.7.3/ebin/tls_record_1_3.beam	loaded	7	2	5
OTP_STDLIB	ssl-11.7.3	/opt/homebrew/Cellar/erlang/29.0.3/lib/erlang/lib/ssl-11.7.3/ebin/tls_sender.beam	loaded	24	12	12
OTP_STDLIB	ssl-11.7.3	/opt/homebrew/Cellar/erlang/29.0.3/lib/erlang/lib/ssl-11.7.3/ebin/tls_server_connection.beam	loaded	18	8	10
OTP_STDLIB	ssl-11.7.3	/opt/homebrew/Cellar/erlang/29.0.3/lib/erlang/lib/ssl-11.7.3/ebin/tls_server_connection_1_3.beam	loaded	18	9	9
OTP_STDLIB	ssl-11.7.3	/opt/homebrew/Cellar/erlang/29.0.3/lib/erlang/lib/ssl-11.7.3/ebin/tls_server_session_ticket.beam	loaded	13	7	6
OTP_STDLIB	ssl-11.7.3	/opt/homebrew/Cellar/erlang/29.0.3/lib/erlang/lib/ssl-11.7.3/ebin/tls_server_session_ticket_sup.beam	loaded	8	3	5
OTP_STDLIB	ssl-11.7.3	/opt/homebrew/Cellar/erlang/29.0.3/lib/erlang/lib/ssl-11.7.3/ebin/tls_server_sup.beam	loaded	4	2	2
OTP_STDLIB	ssl-11.7.3	/opt/homebrew/Cellar/erlang/29.0.3/lib/erlang/lib/ssl-11.7.3/ebin/tls_socket.beam	loaded	34	14	20
OTP_STDLIB	ssl-11.7.3	/opt/homebrew/Cellar/erlang/29.0.3/lib/erlang/lib/ssl-11.7.3/ebin/tls_socket_tcp.beam	loaded	21	7	14
OTP_STDLIB	ssl-11.7.3	/opt/homebrew/Cellar/erlang/29.0.3/lib/erlang/lib/ssl-11.7.3/ebin/tls_sup.beam	loaded	4	2	2
OTP_STDLIB	ssl-11.7.3	/opt/homebrew/Cellar/erlang/29.0.3/lib/erlang/lib/ssl-11.7.3/ebin/tls_v1.beam	loaded	69	4	65
OTP_STDLIB	stdlib-8.0.2	/opt/homebrew/Cellar/erlang/29.0.3/lib/erlang/lib/stdlib-8.0.2/ebin/argparse.beam	loaded	11	2	9
OTP_STDLIB	stdlib-8.0.2	/opt/homebrew/Cellar/erlang/29.0.3/lib/erlang/lib/stdlib-8.0.2/ebin/array.beam	loaded	52	4	48
OTP_STDLIB	stdlib-8.0.2	/opt/homebrew/Cellar/erlang/29.0.3/lib/erlang/lib/stdlib-8.0.2/ebin/base64.beam	loaded	15	2	13
OTP_STDLIB	stdlib-8.0.2	/opt/homebrew/Cellar/erlang/29.0.3/lib/erlang/lib/stdlib-8.0.2/ebin/beam_lib.beam	loaded	30	6	24
OTP_STDLIB	stdlib-8.0.2	/opt/homebrew/Cellar/erlang/29.0.3/lib/erlang/lib/stdlib-8.0.2/ebin/binary.beam	loaded	33	24	9
OTP_STDLIB	stdlib-8.0.2	/opt/homebrew/Cellar/erlang/29.0.3/lib/erlang/lib/stdlib-8.0.2/ebin/c.beam	loaded	56	6	50
OTP_STDLIB	stdlib-8.0.2	/opt/homebrew/Cellar/erlang/29.0.3/lib/erlang/lib/stdlib-8.0.2/ebin/calendar.beam	load-error(load: failed to decode BEAM data: unsupported opcode 185)	0	0	0
OTP_STDLIB	stdlib-8.0.2	/opt/homebrew/Cellar/erlang/29.0.3/lib/erlang/lib/stdlib-8.0.2/ebin/dets.beam	loaded	66	8	58
OTP_STDLIB	stdlib-8.0.2	/opt/homebrew/Cellar/erlang/29.0.3/lib/erlang/lib/stdlib-8.0.2/ebin/dets_server.beam	loaded	19	6	13
OTP_STDLIB	stdlib-8.0.2	/opt/homebrew/Cellar/erlang/29.0.3/lib/erlang/lib/stdlib-8.0.2/ebin/dets_sup.beam	loaded	4	2	2
OTP_STDLIB	stdlib-8.0.2	/opt/homebrew/Cellar/erlang/29.0.3/lib/erlang/lib/stdlib-8.0.2/ebin/dets_utils.beam	loaded	60	6	54
OTP_STDLIB	stdlib-8.0.2	/opt/homebrew/Cellar/erlang/29.0.3/lib/erlang/lib/stdlib-8.0.2/ebin/dets_v9.beam	loaded	27	2	25
OTP_STDLIB	stdlib-8.0.2	/opt/homebrew/Cellar/erlang/29.0.3/lib/erlang/lib/stdlib-8.0.2/ebin/dict.beam	loaded	23	4	19
OTP_STDLIB	stdlib-8.0.2	/opt/homebrew/Cellar/erlang/29.0.3/lib/erlang/lib/stdlib-8.0.2/ebin/digraph.beam	loaded	36	2	34
OTP_STDLIB	stdlib-8.0.2	/opt/homebrew/Cellar/erlang/29.0.3/lib/erlang/lib/stdlib-8.0.2/ebin/digraph_utils.beam	loaded	20	2	18
OTP_STDLIB	stdlib-8.0.2	/opt/homebrew/Cellar/erlang/29.0.3/lib/erlang/lib/stdlib-8.0.2/ebin/edlin.beam	loaded	18	3	15
OTP_STDLIB	stdlib-8.0.2	/opt/homebrew/Cellar/erlang/29.0.3/lib/erlang/lib/stdlib-8.0.2/ebin/edlin_context.beam	loaded	5	2	3
OTP_STDLIB	stdlib-8.0.2	/opt/homebrew/Cellar/erlang/29.0.3/lib/erlang/lib/stdlib-8.0.2/ebin/edlin_expand.beam	loaded	13	2	11
OTP_STDLIB	stdlib-8.0.2	/opt/homebrew/Cellar/erlang/29.0.3/lib/erlang/lib/stdlib-8.0.2/ebin/edlin_key.beam	loaded	4	2	2
OTP_STDLIB	stdlib-8.0.2	/opt/homebrew/Cellar/erlang/29.0.3/lib/erlang/lib/stdlib-8.0.2/ebin/edlin_type_suggestion.beam	loaded	9	2	7
OTP_STDLIB	stdlib-8.0.2	/opt/homebrew/Cellar/erlang/29.0.3/lib/erlang/lib/stdlib-8.0.2/ebin/epp.beam	loaded	26	3	23
OTP_STDLIB	stdlib-8.0.2	/opt/homebrew/Cellar/erlang/29.0.3/lib/erlang/lib/stdlib-8.0.2/ebin/erl_abstract_code.beam	loaded	3	2	1
OTP_STDLIB	stdlib-8.0.2	/opt/homebrew/Cellar/erlang/29.0.3/lib/erlang/lib/stdlib-8.0.2/ebin/erl_anno.beam	loaded	21	3	18
OTP_STDLIB	stdlib-8.0.2	/opt/homebrew/Cellar/erlang/29.0.3/lib/erlang/lib/stdlib-8.0.2/ebin/erl_bits.beam	loaded	6	4	2
OTP_STDLIB	stdlib-8.0.2	/opt/homebrew/Cellar/erlang/29.0.3/lib/erlang/lib/stdlib-8.0.2/ebin/erl_compile.beam	loaded	4	2	2
OTP_STDLIB	stdlib-8.0.2	/opt/homebrew/Cellar/erlang/29.0.3/lib/erlang/lib/stdlib-8.0.2/ebin/erl_error.beam	loaded	14	2	12
OTP_STDLIB	stdlib-8.0.2	/opt/homebrew/Cellar/erlang/29.0.3/lib/erlang/lib/stdlib-8.0.2/ebin/erl_eval.beam	load-error(load: failed to decode BEAM data: unsupported opcode 186)	0	0	0
OTP_STDLIB	stdlib-8.0.2	/opt/homebrew/Cellar/erlang/29.0.3/lib/erlang/lib/stdlib-8.0.2/ebin/erl_expand_records.beam	loaded	3	2	1
OTP_STDLIB	stdlib-8.0.2	/opt/homebrew/Cellar/erlang/29.0.3/lib/erlang/lib/stdlib-8.0.2/ebin/erl_features.beam	loaded	17	2	15
OTP_STDLIB	stdlib-8.0.2	/opt/homebrew/Cellar/erlang/29.0.3/lib/erlang/lib/stdlib-8.0.2/ebin/erl_internal.beam	loaded	16	12	4
OTP_STDLIB	stdlib-8.0.2	/opt/homebrew/Cellar/erlang/29.0.3/lib/erlang/lib/stdlib-8.0.2/ebin/erl_lint.beam	loaded	19	2	17
OTP_STDLIB	stdlib-8.0.2	/opt/homebrew/Cellar/erlang/29.0.3/lib/erlang/lib/stdlib-8.0.2/ebin/erl_parse.beam	loaded	26	3	23
OTP_STDLIB	stdlib-8.0.2	/opt/homebrew/Cellar/erlang/29.0.3/lib/erlang/lib/stdlib-8.0.2/ebin/erl_posix_msg.beam	loaded	3	2	1
OTP_STDLIB	stdlib-8.0.2	/opt/homebrew/Cellar/erlang/29.0.3/lib/erlang/lib/stdlib-8.0.2/ebin/erl_pp.beam	loaded	18	2	16
OTP_STDLIB	stdlib-8.0.2	/opt/homebrew/Cellar/erlang/29.0.3/lib/erlang/lib/stdlib-8.0.2/ebin/erl_scan.beam	loaded	18	4	14
OTP_STDLIB	stdlib-8.0.2	/opt/homebrew/Cellar/erlang/29.0.3/lib/erlang/lib/stdlib-8.0.2/ebin/erl_stdlib_errors.beam	loaded	3	2	1
OTP_STDLIB	stdlib-8.0.2	/opt/homebrew/Cellar/erlang/29.0.3/lib/erlang/lib/stdlib-8.0.2/ebin/erl_tar.beam	loaded	16	2	14
OTP_STDLIB	stdlib-8.0.2	/opt/homebrew/Cellar/erlang/29.0.3/lib/erlang/lib/stdlib-8.0.2/ebin/error_logger_file_h.beam	loaded	8	4	4
OTP_STDLIB	stdlib-8.0.2	/opt/homebrew/Cellar/erlang/29.0.3/lib/erlang/lib/stdlib-8.0.2/ebin/error_logger_tty_h.beam	loaded	10	4	6
OTP_STDLIB	stdlib-8.0.2	/opt/homebrew/Cellar/erlang/29.0.3/lib/erlang/lib/stdlib-8.0.2/ebin/escript.beam	loaded	8	2	6
OTP_STDLIB	stdlib-8.0.2	/opt/homebrew/Cellar/erlang/29.0.3/lib/erlang/lib/stdlib-8.0.2/ebin/ets.beam	loaded	78	54	24
OTP_STDLIB	stdlib-8.0.2	/opt/homebrew/Cellar/erlang/29.0.3/lib/erlang/lib/stdlib-8.0.2/ebin/eval_bits.beam	loaded	8	2	6
OTP_STDLIB	stdlib-8.0.2	/opt/homebrew/Cellar/erlang/29.0.3/lib/erlang/lib/stdlib-8.0.2/ebin/file_sorter.beam	loaded	16	2	14
OTP_STDLIB	stdlib-8.0.2	/opt/homebrew/Cellar/erlang/29.0.3/lib/erlang/lib/stdlib-8.0.2/ebin/filelib.beam	loaded	26	2	24
OTP_STDLIB	stdlib-8.0.2	/opt/homebrew/Cellar/erlang/29.0.3/lib/erlang/lib/stdlib-8.0.2/ebin/filename.beam	loaded	21	2	19
OTP_STDLIB	stdlib-8.0.2	/opt/homebrew/Cellar/erlang/29.0.3/lib/erlang/lib/stdlib-8.0.2/ebin/gb_sets.beam	loaded	44	4	40
OTP_STDLIB	stdlib-8.0.2	/opt/homebrew/Cellar/erlang/29.0.3/lib/erlang/lib/stdlib-8.0.2/ebin/gb_trees.beam	loaded	33	3	30
OTP_STDLIB	stdlib-8.0.2	/opt/homebrew/Cellar/erlang/29.0.3/lib/erlang/lib/stdlib-8.0.2/ebin/gen.beam	loaded	32	2	30
OTP_STDLIB	stdlib-8.0.2	/opt/homebrew/Cellar/erlang/29.0.3/lib/erlang/lib/stdlib-8.0.2/ebin/gen_event.beam	loaded	46	14	32
OTP_STDLIB	stdlib-8.0.2	/opt/homebrew/Cellar/erlang/29.0.3/lib/erlang/lib/stdlib-8.0.2/ebin/gen_fsm.beam	loaded	32	9	23
OTP_STDLIB	stdlib-8.0.2	/opt/homebrew/Cellar/erlang/29.0.3/lib/erlang/lib/stdlib-8.0.2/ebin/gen_server.beam	loaded	44	12	32
OTP_STDLIB	stdlib-8.0.2	/opt/homebrew/Cellar/erlang/29.0.3/lib/erlang/lib/stdlib-8.0.2/ebin/gen_statem.beam	loaded	42	13	29
OTP_STDLIB	stdlib-8.0.2	/opt/homebrew/Cellar/erlang/29.0.3/lib/erlang/lib/stdlib-8.0.2/ebin/graph.beam	loaded	65	6	59
OTP_STDLIB	stdlib-8.0.2	/opt/homebrew/Cellar/erlang/29.0.3/lib/erlang/lib/stdlib-8.0.2/ebin/io.beam	loaded	55	3	52
OTP_STDLIB	stdlib-8.0.2	/opt/homebrew/Cellar/erlang/29.0.3/lib/erlang/lib/stdlib-8.0.2/ebin/io_ansi.beam	loaded	155	6	149
OTP_STDLIB	stdlib-8.0.2	/opt/homebrew/Cellar/erlang/29.0.3/lib/erlang/lib/stdlib-8.0.2/ebin/io_lib.beam	load-error(load: failed to decode BEAM data: unsupported opcode 186)	0	0	0
OTP_STDLIB	stdlib-8.0.2	/opt/homebrew/Cellar/erlang/29.0.3/lib/erlang/lib/stdlib-8.0.2/ebin/io_lib_format.beam	loaded	14	2	12
OTP_STDLIB	stdlib-8.0.2	/opt/homebrew/Cellar/erlang/29.0.3/lib/erlang/lib/stdlib-8.0.2/ebin/io_lib_fread.beam	load-error(load: failed to decode BEAM data: unsupported opcode 185)	0	0	0
OTP_STDLIB	stdlib-8.0.2	/opt/homebrew/Cellar/erlang/29.0.3/lib/erlang/lib/stdlib-8.0.2/ebin/io_lib_pretty.beam	load-error(load: failed to decode BEAM data: unsupported opcode 186)	0	0	0
OTP_STDLIB	stdlib-8.0.2	/opt/homebrew/Cellar/erlang/29.0.3/lib/erlang/lib/stdlib-8.0.2/ebin/json.beam	loaded	25	3	22
OTP_STDLIB	stdlib-8.0.2	/opt/homebrew/Cellar/erlang/29.0.3/lib/erlang/lib/stdlib-8.0.2/ebin/lists.beam	loaded	93	9	84
OTP_STDLIB	stdlib-8.0.2	/opt/homebrew/Cellar/erlang/29.0.3/lib/erlang/lib/stdlib-8.0.2/ebin/log_mf_h.beam	loaded	10	5	5
OTP_STDLIB	stdlib-8.0.2	/opt/homebrew/Cellar/erlang/29.0.3/lib/erlang/lib/stdlib-8.0.2/ebin/man_docs.beam	loaded	5	2	3
OTP_STDLIB	stdlib-8.0.2	/opt/homebrew/Cellar/erlang/29.0.3/lib/erlang/lib/stdlib-8.0.2/ebin/maps.beam	loaded	36	14	22
OTP_STDLIB	stdlib-8.0.2	/opt/homebrew/Cellar/erlang/29.0.3/lib/erlang/lib/stdlib-8.0.2/ebin/math.beam	loaded	28	26	2
OTP_STDLIB	stdlib-8.0.2	/opt/homebrew/Cellar/erlang/29.0.3/lib/erlang/lib/stdlib-8.0.2/ebin/ms_transform.beam	loaded	6	2	4
OTP_STDLIB	stdlib-8.0.2	/opt/homebrew/Cellar/erlang/29.0.3/lib/erlang/lib/stdlib-8.0.2/ebin/orddict.beam	loaded	23	4	19
OTP_STDLIB	stdlib-8.0.2	/opt/homebrew/Cellar/erlang/29.0.3/lib/erlang/lib/stdlib-8.0.2/ebin/ordsets.beam	loaded	23	10	13
OTP_STDLIB	stdlib-8.0.2	/opt/homebrew/Cellar/erlang/29.0.3/lib/erlang/lib/stdlib-8.0.2/ebin/otp_internal.beam	loaded	5	2	3
OTP_STDLIB	stdlib-8.0.2	/opt/homebrew/Cellar/erlang/29.0.3/lib/erlang/lib/stdlib-8.0.2/ebin/peer.beam	loaded	27	9	18
OTP_STDLIB	stdlib-8.0.2	/opt/homebrew/Cellar/erlang/29.0.3/lib/erlang/lib/stdlib-8.0.2/ebin/pool.beam	loaded	18	3	15
OTP_STDLIB	stdlib-8.0.2	/opt/homebrew/Cellar/erlang/29.0.3/lib/erlang/lib/stdlib-8.0.2/ebin/proc_lib.beam	loaded	41	3	38
OTP_STDLIB	stdlib-8.0.2	/opt/homebrew/Cellar/erlang/29.0.3/lib/erlang/lib/stdlib-8.0.2/ebin/proplists.beam	loaded	24	5	19
OTP_STDLIB	stdlib-8.0.2	/opt/homebrew/Cellar/erlang/29.0.3/lib/erlang/lib/stdlib-8.0.2/ebin/qlc.beam	loaded	38	5	33
OTP_STDLIB	stdlib-8.0.2	/opt/homebrew/Cellar/erlang/29.0.3/lib/erlang/lib/stdlib-8.0.2/ebin/qlc_pt.beam	loaded	5	2	3
OTP_STDLIB	stdlib-8.0.2	/opt/homebrew/Cellar/erlang/29.0.3/lib/erlang/lib/stdlib-8.0.2/ebin/queue.beam	loaded	40	3	37
OTP_STDLIB	stdlib-8.0.2	/opt/homebrew/Cellar/erlang/29.0.3/lib/erlang/lib/stdlib-8.0.2/ebin/rand.beam	load-error(load: failed to decode BEAM data: unsupported opcode 185)	0	0	0
OTP_STDLIB	stdlib-8.0.2	/opt/homebrew/Cellar/erlang/29.0.3/lib/erlang/lib/stdlib-8.0.2/ebin/random.beam	loaded	10	2	8
OTP_STDLIB	stdlib-8.0.2	/opt/homebrew/Cellar/erlang/29.0.3/lib/erlang/lib/stdlib-8.0.2/ebin/re.beam	loaded	17	10	7
OTP_STDLIB	stdlib-8.0.2	/opt/homebrew/Cellar/erlang/29.0.3/lib/erlang/lib/stdlib-8.0.2/ebin/records.beam	loaded	10	10	0
OTP_STDLIB	stdlib-8.0.2	/opt/homebrew/Cellar/erlang/29.0.3/lib/erlang/lib/stdlib-8.0.2/ebin/sets.beam	loaded	25	3	22
OTP_STDLIB	stdlib-8.0.2	/opt/homebrew/Cellar/erlang/29.0.3/lib/erlang/lib/stdlib-8.0.2/ebin/shell.beam	loaded	33	4	29
OTP_STDLIB	stdlib-8.0.2	/opt/homebrew/Cellar/erlang/29.0.3/lib/erlang/lib/stdlib-8.0.2/ebin/shell_default.beam	loaded	78	45	33
OTP_STDLIB	stdlib-8.0.2	/opt/homebrew/Cellar/erlang/29.0.3/lib/erlang/lib/stdlib-8.0.2/ebin/shell_docs.beam	loaded	22	2	20
OTP_STDLIB	stdlib-8.0.2	/opt/homebrew/Cellar/erlang/29.0.3/lib/erlang/lib/stdlib-8.0.2/ebin/shell_docs_markdown.beam	loaded	4	2	2
OTP_STDLIB	stdlib-8.0.2	/opt/homebrew/Cellar/erlang/29.0.3/lib/erlang/lib/stdlib-8.0.2/ebin/slave.beam	loaded	16	2	14
OTP_STDLIB	stdlib-8.0.2	/opt/homebrew/Cellar/erlang/29.0.3/lib/erlang/lib/stdlib-8.0.2/ebin/sofs.beam	loaded	85	6	79
OTP_STDLIB	stdlib-8.0.2	/opt/homebrew/Cellar/erlang/29.0.3/lib/erlang/lib/stdlib-8.0.2/ebin/string.beam	loaded	73	6	67
OTP_STDLIB	stdlib-8.0.2	/opt/homebrew/Cellar/erlang/29.0.3/lib/erlang/lib/stdlib-8.0.2/ebin/supervisor.beam	loaded	26	6	20
OTP_STDLIB	stdlib-8.0.2	/opt/homebrew/Cellar/erlang/29.0.3/lib/erlang/lib/stdlib-8.0.2/ebin/supervisor_bridge.beam	loaded	13	5	8
OTP_STDLIB	stdlib-8.0.2	/opt/homebrew/Cellar/erlang/29.0.3/lib/erlang/lib/stdlib-8.0.2/ebin/sys.beam	loaded	39	2	37
OTP_STDLIB	stdlib-8.0.2	/opt/homebrew/Cellar/erlang/29.0.3/lib/erlang/lib/stdlib-8.0.2/ebin/timer.beam	loaded	38	4	34
OTP_STDLIB	stdlib-8.0.2	/opt/homebrew/Cellar/erlang/29.0.3/lib/erlang/lib/stdlib-8.0.2/ebin/unicode.beam	loaded	24	5	19
OTP_STDLIB	stdlib-8.0.2	/opt/homebrew/Cellar/erlang/29.0.3/lib/erlang/lib/stdlib-8.0.2/ebin/unicode_util.beam	loaded	22	4	18
OTP_STDLIB	stdlib-8.0.2	/opt/homebrew/Cellar/erlang/29.0.3/lib/erlang/lib/stdlib-8.0.2/ebin/uri_string.beam	loaded	19	2	17
OTP_STDLIB	stdlib-8.0.2	/opt/homebrew/Cellar/erlang/29.0.3/lib/erlang/lib/stdlib-8.0.2/ebin/win32reg.beam	loaded	15	3	12
OTP_STDLIB	stdlib-8.0.2	/opt/homebrew/Cellar/erlang/29.0.3/lib/erlang/lib/stdlib-8.0.2/ebin/zip.beam	loaded	24	2	22
OTP_STDLIB	stdlib-8.0.2	/opt/homebrew/Cellar/erlang/29.0.3/lib/erlang/lib/stdlib-8.0.2/ebin/zstd.beam	loaded	19	2	17
OTP_STDLIB	syntax_tools-4.1	/opt/homebrew/Cellar/erlang/29.0.3/lib/erlang/lib/syntax_tools-4.1/ebin/epp_dodger.beam	loaded	18	2	16
OTP_STDLIB	syntax_tools-4.1	/opt/homebrew/Cellar/erlang/29.0.3/lib/erlang/lib/syntax_tools-4.1/ebin/erl_comment_scan.beam	loaded	6	2	4
OTP_STDLIB	syntax_tools-4.1	/opt/homebrew/Cellar/erlang/29.0.3/lib/erlang/lib/syntax_tools-4.1/ebin/erl_prettypr.beam	loaded	18	2	16
OTP_STDLIB	syntax_tools-4.1	/opt/homebrew/Cellar/erlang/29.0.3/lib/erlang/lib/syntax_tools-4.1/ebin/erl_recomment.beam	loaded	5	2	3
OTP_STDLIB	syntax_tools-4.1	/opt/homebrew/Cellar/erlang/29.0.3/lib/erlang/lib/syntax_tools-4.1/ebin/erl_syntax.beam	loaded	305	4	301
OTP_STDLIB	syntax_tools-4.1	/opt/homebrew/Cellar/erlang/29.0.3/lib/erlang/lib/syntax_tools-4.1/ebin/erl_syntax_lib.beam	loaded	42	2	40
OTP_STDLIB	syntax_tools-4.1	/opt/homebrew/Cellar/erlang/29.0.3/lib/erlang/lib/syntax_tools-4.1/ebin/merl.beam	loaded	23	4	19
OTP_STDLIB	syntax_tools-4.1	/opt/homebrew/Cellar/erlang/29.0.3/lib/erlang/lib/syntax_tools-4.1/ebin/merl_transform.beam	loaded	3	2	1
OTP_STDLIB	syntax_tools-4.1	/opt/homebrew/Cellar/erlang/29.0.3/lib/erlang/lib/syntax_tools-4.1/ebin/prettypr.beam	loaded	22	8	14
OTP_STDLIB	tftp-1.3	/opt/homebrew/Cellar/erlang/29.0.3/lib/erlang/lib/tftp-1.3/ebin/tftp.beam	loaded	10	9	1
OTP_STDLIB	tftp-1.3	/opt/homebrew/Cellar/erlang/29.0.3/lib/erlang/lib/tftp-1.3/ebin/tftp_app.beam	loaded	4	3	1
OTP_STDLIB	tftp-1.3	/opt/homebrew/Cellar/erlang/29.0.3/lib/erlang/lib/tftp-1.3/ebin/tftp_binary.beam	loaded	7	2	5
OTP_STDLIB	tftp-1.3	/opt/homebrew/Cellar/erlang/29.0.3/lib/erlang/lib/tftp-1.3/ebin/tftp_engine.beam	loaded	16	5	11
OTP_STDLIB	tftp-1.3	/opt/homebrew/Cellar/erlang/29.0.3/lib/erlang/lib/tftp-1.3/ebin/tftp_file.beam	loaded	7	2	5
OTP_STDLIB	tftp-1.3	/opt/homebrew/Cellar/erlang/29.0.3/lib/erlang/lib/tftp-1.3/ebin/tftp_lib.beam	loaded	10	2	8
OTP_STDLIB	tftp-1.3	/opt/homebrew/Cellar/erlang/29.0.3/lib/erlang/lib/tftp-1.3/ebin/tftp_logger.beam	loaded	6	2	4
OTP_STDLIB	tftp-1.3	/opt/homebrew/Cellar/erlang/29.0.3/lib/erlang/lib/tftp-1.3/ebin/tftp_sup.beam	loaded	7	2	5
OTP_STDLIB	tools-4.2.1	/opt/homebrew/Cellar/erlang/29.0.3/lib/erlang/lib/tools-4.2.1/ebin/cover.beam	loaded	54	2	52
OTP_STDLIB	tools-4.2.1	/opt/homebrew/Cellar/erlang/29.0.3/lib/erlang/lib/tools-4.2.1/ebin/cprof.beam	loaded	24	2	22
OTP_STDLIB	tools-4.2.1	/opt/homebrew/Cellar/erlang/29.0.3/lib/erlang/lib/tools-4.2.1/ebin/crashdump.beam	loaded	6	2	4
OTP_STDLIB	tools-4.2.1	/opt/homebrew/Cellar/erlang/29.0.3/lib/erlang/lib/tools-4.2.1/ebin/eprof.beam	loaded	27	10	17
OTP_STDLIB	tools-4.2.1	/opt/homebrew/Cellar/erlang/29.0.3/lib/erlang/lib/tools-4.2.1/ebin/fprof.beam	loaded	38	3	35
OTP_STDLIB	tools-4.2.1	/opt/homebrew/Cellar/erlang/29.0.3/lib/erlang/lib/tools-4.2.1/ebin/lcnt.beam	loaded	47	14	33
OTP_STDLIB	tools-4.2.1	/opt/homebrew/Cellar/erlang/29.0.3/lib/erlang/lib/tools-4.2.1/ebin/make.beam	loaded	7	2	5
OTP_STDLIB	tools-4.2.1	/opt/homebrew/Cellar/erlang/29.0.3/lib/erlang/lib/tools-4.2.1/ebin/tags.beam	loaded	16	2	14
OTP_STDLIB	tools-4.2.1	/opt/homebrew/Cellar/erlang/29.0.3/lib/erlang/lib/tools-4.2.1/ebin/tprof.beam	loaded	42	12	30
OTP_STDLIB	tools-4.2.1	/opt/homebrew/Cellar/erlang/29.0.3/lib/erlang/lib/tools-4.2.1/ebin/xref.beam	loaded	51	43	8
OTP_STDLIB	tools-4.2.1	/opt/homebrew/Cellar/erlang/29.0.3/lib/erlang/lib/tools-4.2.1/ebin/xref_base.beam	loaded	48	2	46
OTP_STDLIB	tools-4.2.1	/opt/homebrew/Cellar/erlang/29.0.3/lib/erlang/lib/tools-4.2.1/ebin/xref_compiler.beam	loaded	5	2	3
OTP_STDLIB	tools-4.2.1	/opt/homebrew/Cellar/erlang/29.0.3/lib/erlang/lib/tools-4.2.1/ebin/xref_parser.beam	loaded	6	2	4
OTP_STDLIB	tools-4.2.1	/opt/homebrew/Cellar/erlang/29.0.3/lib/erlang/lib/tools-4.2.1/ebin/xref_reader.beam	loaded	3	2	1
OTP_STDLIB	tools-4.2.1	/opt/homebrew/Cellar/erlang/29.0.3/lib/erlang/lib/tools-4.2.1/ebin/xref_scanner.beam	loaded	3	2	1
OTP_STDLIB	tools-4.2.1	/opt/homebrew/Cellar/erlang/29.0.3/lib/erlang/lib/tools-4.2.1/ebin/xref_utils.beam	loaded	34	5	29
OTP_STDLIB	wx-2.6	/opt/homebrew/Cellar/erlang/29.0.3/lib/erlang/lib/wx-2.6/ebin/gl.beam	loaded	1059	3	1056
OTP_STDLIB	wx-2.6	/opt/homebrew/Cellar/erlang/29.0.3/lib/erlang/lib/wx-2.6/ebin/glu.beam	loaded	30	2	28
OTP_STDLIB	wx-2.6	/opt/homebrew/Cellar/erlang/29.0.3/lib/erlang/lib/wx-2.6/ebin/wx.beam	loaded	25	7	18
OTP_STDLIB	wx-2.6	/opt/homebrew/Cellar/erlang/29.0.3/lib/erlang/lib/wx-2.6/ebin/wxAcceleratorEntry.beam	loaded	11	2	9
OTP_STDLIB	wx-2.6	/opt/homebrew/Cellar/erlang/29.0.3/lib/erlang/lib/wx-2.6/ebin/wxAcceleratorTable.beam	loaded	8	2	6
OTP_STDLIB	wx-2.6	/opt/homebrew/Cellar/erlang/29.0.3/lib/erlang/lib/wx-2.6/ebin/wxActivateEvent.beam	loaded	13	11	2
OTP_STDLIB	wx-2.6	/opt/homebrew/Cellar/erlang/29.0.3/lib/erlang/lib/wx-2.6/ebin/wxArtProvider.beam	loaded	7	2	5
OTP_STDLIB	wx-2.6	/opt/homebrew/Cellar/erlang/29.0.3/lib/erlang/lib/wx-2.6/ebin/wxAuiDockArt.beam	loaded	9	2	7
OTP_STDLIB	wx-2.6	/opt/homebrew/Cellar/erlang/29.0.3/lib/erlang/lib/wx-2.6/ebin/wxAuiManager.beam	loaded	37	7	30
OTP_STDLIB	wx-2.6	/opt/homebrew/Cellar/erlang/29.0.3/lib/erlang/lib/wx-2.6/ebin/wxAuiManagerEvent.beam	loaded	25	11	14
OTP_STDLIB	wx-2.6	/opt/homebrew/Cellar/erlang/29.0.3/lib/erlang/lib/wx-2.6/ebin/wxAuiNotebook.beam	loaded	214	184	30
OTP_STDLIB	wx-2.6	/opt/homebrew/Cellar/erlang/29.0.3/lib/erlang/lib/wx-2.6/ebin/wxAuiNotebookEvent.beam	loaded	29	22	7
OTP_STDLIB	wx-2.6	/opt/homebrew/Cellar/erlang/29.0.3/lib/erlang/lib/wx-2.6/ebin/wxAuiPaneInfo.beam	loaded	103	2	101
OTP_STDLIB	wx-2.6	/opt/homebrew/Cellar/erlang/29.0.3/lib/erlang/lib/wx-2.6/ebin/wxAuiSimpleTabArt.beam	loaded	11	8	3
OTP_STDLIB	wx-2.6	/opt/homebrew/Cellar/erlang/29.0.3/lib/erlang/lib/wx-2.6/ebin/wxAuiTabArt.beam	loaded	9	2	7
OTP_STDLIB	wx-2.6	/opt/homebrew/Cellar/erlang/29.0.3/lib/erlang/lib/wx-2.6/ebin/wxBitmap.beam	loaded	31	2	29
OTP_STDLIB	wx-2.6	/opt/homebrew/Cellar/erlang/29.0.3/lib/erlang/lib/wx-2.6/ebin/wxBitmapButton.beam	loaded	200	192	8
OTP_STDLIB	wx-2.6	/opt/homebrew/Cellar/erlang/29.0.3/lib/erlang/lib/wx-2.6/ebin/wxBitmapDataObject.beam	loaded	8	2	6
OTP_STDLIB	wx-2.6	/opt/homebrew/Cellar/erlang/29.0.3/lib/erlang/lib/wx-2.6/ebin/wxBookCtrlBase.beam	loaded	204	185	19
OTP_STDLIB	wx-2.6	/opt/homebrew/Cellar/erlang/29.0.3/lib/erlang/lib/wx-2.6/ebin/wxBookCtrlEvent.beam	loaded	27	22	5
OTP_STDLIB	wx-2.6	/opt/homebrew/Cellar/erlang/29.0.3/lib/erlang/lib/wx-2.6/ebin/wxBoxSizer.beam	loaded	55	51	4
OTP_STDLIB	wx-2.6	/opt/homebrew/Cellar/erlang/29.0.3/lib/erlang/lib/wx-2.6/ebin/wxBrush.beam	loaded	16	2	14
OTP_STDLIB	wx-2.6	/opt/homebrew/Cellar/erlang/29.0.3/lib/erlang/lib/wx-2.6/ebin/wxBufferedDC.beam	loaded	105	96	9
OTP_STDLIB	wx-2.6	/opt/homebrew/Cellar/erlang/29.0.3/lib/erlang/lib/wx-2.6/ebin/wxBufferedPaintDC.beam	loaded	104	99	5
OTP_STDLIB	wx-2.6	/opt/homebrew/Cellar/erlang/29.0.3/lib/erlang/lib/wx-2.6/ebin/wxButton.beam	loaded	201	184	17
OTP_STDLIB	wx-2.6	/opt/homebrew/Cellar/erlang/29.0.3/lib/erlang/lib/wx-2.6/ebin/wxCalendarCtrl.beam	loaded	214	185	29
OTP_STDLIB	wx-2.6	/opt/homebrew/Cellar/erlang/29.0.3/lib/erlang/lib/wx-2.6/ebin/wxCalendarDateAttr.beam	loaded	24	2	22
OTP_STDLIB	wx-2.6	/opt/homebrew/Cellar/erlang/29.0.3/lib/erlang/lib/wx-2.6/ebin/wxCalendarEvent.beam	loaded	23	20	3
OTP_STDLIB	wx-2.6	/opt/homebrew/Cellar/erlang/29.0.3/lib/erlang/lib/wx-2.6/ebin/wxCaret.beam	loaded	22	2	20
OTP_STDLIB	wx-2.6	/opt/homebrew/Cellar/erlang/29.0.3/lib/erlang/lib/wx-2.6/ebin/wxCheckBox.beam	loaded	199	185	14
OTP_STDLIB	wx-2.6	/opt/homebrew/Cellar/erlang/29.0.3/lib/erlang/lib/wx-2.6/ebin/wxCheckListBox.beam	loaded	224	216	8
OTP_STDLIB	wx-2.6	/opt/homebrew/Cellar/erlang/29.0.3/lib/erlang/lib/wx-2.6/ebin/wxChildFocusEvent.beam	loaded	22	20	2
OTP_STDLIB	wx-2.6	/opt/homebrew/Cellar/erlang/29.0.3/lib/erlang/lib/wx-2.6/ebin/wxChoice.beam	loaded	218	207	11
OTP_STDLIB	wx-2.6	/opt/homebrew/Cellar/erlang/29.0.3/lib/erlang/lib/wx-2.6/ebin/wxChoicebook.beam	loaded	216	187	29
OTP_STDLIB	wx-2.6	/opt/homebrew/Cellar/erlang/29.0.3/lib/erlang/lib/wx-2.6/ebin/wxClientDC.beam	loaded	97	94	3
OTP_STDLIB	wx-2.6	/opt/homebrew/Cellar/erlang/29.0.3/lib/erlang/lib/wx-2.6/ebin/wxClipboard.beam	loaded	17	2	15
OTP_STDLIB	wx-2.6	/opt/homebrew/Cellar/erlang/29.0.3/lib/erlang/lib/wx-2.6/ebin/wxClipboardTextEvent.beam	loaded	21	20	1
OTP_STDLIB	wx-2.6	/opt/homebrew/Cellar/erlang/29.0.3/lib/erlang/lib/wx-2.6/ebin/wxCloseEvent.beam	loaded	18	11	7
OTP_STDLIB	wx-2.6	/opt/homebrew/Cellar/erlang/29.0.3/lib/erlang/lib/wx-2.6/ebin/wxColourData.beam	loaded	11	2	9
OTP_STDLIB	wx-2.6	/opt/homebrew/Cellar/erlang/29.0.3/lib/erlang/lib/wx-2.6/ebin/wxColourDialog.beam	loaded	225	217	8
OTP_STDLIB	wx-2.6	/opt/homebrew/Cellar/erlang/29.0.3/lib/erlang/lib/wx-2.6/ebin/wxColourPickerCtrl.beam	loaded	208	199	9
OTP_STDLIB	wx-2.6	/opt/homebrew/Cellar/erlang/29.0.3/lib/erlang/lib/wx-2.6/ebin/wxColourPickerEvent.beam	loaded	22	20	2
OTP_STDLIB	wx-2.6	/opt/homebrew/Cellar/erlang/29.0.3/lib/erlang/lib/wx-2.6/ebin/wxComboBox.beam	loaded	234	207	27
OTP_STDLIB	wx-2.6	/opt/homebrew/Cellar/erlang/29.0.3/lib/erlang/lib/wx-2.6/ebin/wxCommandEvent.beam	loaded	21	11	10
OTP_STDLIB	wx-2.6	/opt/homebrew/Cellar/erlang/29.0.3/lib/erlang/lib/wx-2.6/ebin/wxContextMenuEvent.beam	loaded	23	20	3
OTP_STDLIB	wx-2.6	/opt/homebrew/Cellar/erlang/29.0.3/lib/erlang/lib/wx-2.6/ebin/wxControl.beam	loaded	186	183	3
OTP_STDLIB	wx-2.6	/opt/homebrew/Cellar/erlang/29.0.3/lib/erlang/lib/wx-2.6/ebin/wxControlWithItems.beam	loaded	209	185	24
OTP_STDLIB	wx-2.6	/opt/homebrew/Cellar/erlang/29.0.3/lib/erlang/lib/wx-2.6/ebin/wxCursor.beam	loaded	26	19	7
OTP_STDLIB	wx-2.6	/opt/homebrew/Cellar/erlang/29.0.3/lib/erlang/lib/wx-2.6/ebin/wxDC.beam	loaded	95	2	93
OTP_STDLIB	wx-2.6	/opt/homebrew/Cellar/erlang/29.0.3/lib/erlang/lib/wx-2.6/ebin/wxDCOverlay.beam	loaded	7	2	5
OTP_STDLIB	wx-2.6	/opt/homebrew/Cellar/erlang/29.0.3/lib/erlang/lib/wx-2.6/ebin/wxDataObject.beam	loaded	3	2	1
OTP_STDLIB	wx-2.6	/opt/homebrew/Cellar/erlang/29.0.3/lib/erlang/lib/wx-2.6/ebin/wxDateEvent.beam	loaded	22	20	2
OTP_STDLIB	wx-2.6	/opt/homebrew/Cellar/erlang/29.0.3/lib/erlang/lib/wx-2.6/ebin/wxDatePickerCtrl.beam	loaded	208	199	9
OTP_STDLIB	wx-2.6	/opt/homebrew/Cellar/erlang/29.0.3/lib/erlang/lib/wx-2.6/ebin/wxDialog.beam	loaded	224	206	18
OTP_STDLIB	wx-2.6	/opt/homebrew/Cellar/erlang/29.0.3/lib/erlang/lib/wx-2.6/ebin/wxDirDialog.beam	loaded	225	217	8
OTP_STDLIB	wx-2.6	/opt/homebrew/Cellar/erlang/29.0.3/lib/erlang/lib/wx-2.6/ebin/wxDirPickerCtrl.beam	loaded	208	199	9
OTP_STDLIB	wx-2.6	/opt/homebrew/Cellar/erlang/29.0.3/lib/erlang/lib/wx-2.6/ebin/wxDisplay.beam	loaded	15	2	13
OTP_STDLIB	wx-2.6	/opt/homebrew/Cellar/erlang/29.0.3/lib/erlang/lib/wx-2.6/ebin/wxDisplayChangedEvent.beam	loaded	12	11	1
OTP_STDLIB	wx-2.6	/opt/homebrew/Cellar/erlang/29.0.3/lib/erlang/lib/wx-2.6/ebin/wxDropFilesEvent.beam	loaded	15	11	4
OTP_STDLIB	wx-2.6	/opt/homebrew/Cellar/erlang/29.0.3/lib/erlang/lib/wx-2.6/ebin/wxEraseEvent.beam	loaded	13	11	2
OTP_STDLIB	wx-2.6	/opt/homebrew/Cellar/erlang/29.0.3/lib/erlang/lib/wx-2.6/ebin/wxEvent.beam	loaded	12	2	10
OTP_STDLIB	wx-2.6	/opt/homebrew/Cellar/erlang/29.0.3/lib/erlang/lib/wx-2.6/ebin/wxEvtHandler.beam	loaded	9	2	7
OTP_STDLIB	wx-2.6	/opt/homebrew/Cellar/erlang/29.0.3/lib/erlang/lib/wx-2.6/ebin/wxFileDataObject.beam	loaded	7	2	5
OTP_STDLIB	wx-2.6	/opt/homebrew/Cellar/erlang/29.0.3/lib/erlang/lib/wx-2.6/ebin/wxFileDialog.beam	loaded	235	217	18
OTP_STDLIB	wx-2.6	/opt/homebrew/Cellar/erlang/29.0.3/lib/erlang/lib/wx-2.6/ebin/wxFileDirPickerEvent.beam	loaded	22	20	2
OTP_STDLIB	wx-2.6	/opt/homebrew/Cellar/erlang/29.0.3/lib/erlang/lib/wx-2.6/ebin/wxFilePickerCtrl.beam	loaded	208	199	9
OTP_STDLIB	wx-2.6	/opt/homebrew/Cellar/erlang/29.0.3/lib/erlang/lib/wx-2.6/ebin/wxFindReplaceData.beam	loaded	12	2	10
OTP_STDLIB	wx-2.6	/opt/homebrew/Cellar/erlang/29.0.3/lib/erlang/lib/wx-2.6/ebin/wxFindReplaceDialog.beam	loaded	225	217	8
OTP_STDLIB	wx-2.6	/opt/homebrew/Cellar/erlang/29.0.3/lib/erlang/lib/wx-2.6/ebin/wxFlexGridSizer.beam	loaded	75	59	16
OTP_STDLIB	wx-2.6	/opt/homebrew/Cellar/erlang/29.0.3/lib/erlang/lib/wx-2.6/ebin/wxFocusEvent.beam	loaded	13	11	2
OTP_STDLIB	wx-2.6	/opt/homebrew/Cellar/erlang/29.0.3/lib/erlang/lib/wx-2.6/ebin/wxFont.beam	loaded	27	2	25
OTP_STDLIB	wx-2.6	/opt/homebrew/Cellar/erlang/29.0.3/lib/erlang/lib/wx-2.6/ebin/wxFontData.beam	loaded	19	2	17
OTP_STDLIB	wx-2.6	/opt/homebrew/Cellar/erlang/29.0.3/lib/erlang/lib/wx-2.6/ebin/wxFontDialog.beam	loaded	223	217	6
OTP_STDLIB	wx-2.6	/opt/homebrew/Cellar/erlang/29.0.3/lib/erlang/lib/wx-2.6/ebin/wxFontPickerCtrl.beam	loaded	210	199	11
OTP_STDLIB	wx-2.6	/opt/homebrew/Cellar/erlang/29.0.3/lib/erlang/lib/wx-2.6/ebin/wxFontPickerEvent.beam	loaded	22	20	2
OTP_STDLIB	wx-2.6	/opt/homebrew/Cellar/erlang/29.0.3/lib/erlang/lib/wx-2.6/ebin/wxFrame.beam	loaded	234	208	26
OTP_STDLIB	wx-2.6	/opt/homebrew/Cellar/erlang/29.0.3/lib/erlang/lib/wx-2.6/ebin/wxGBSizerItem.beam	loaded	36	35	1
OTP_STDLIB	wx-2.6	/opt/homebrew/Cellar/erlang/29.0.3/lib/erlang/lib/wx-2.6/ebin/wxGCDC.beam	loaded	100	94	6
OTP_STDLIB	wx-2.6	/opt/homebrew/Cellar/erlang/29.0.3/lib/erlang/lib/wx-2.6/ebin/wxGLCanvas.beam	loaded	193	185	8
OTP_STDLIB	wx-2.6	/opt/homebrew/Cellar/erlang/29.0.3/lib/erlang/lib/wx-2.6/ebin/wxGLContext.beam	loaded	8	2	6
OTP_STDLIB	wx-2.6	/opt/homebrew/Cellar/erlang/29.0.3/lib/erlang/lib/wx-2.6/ebin/wxGauge.beam	loaded	198	185	13
OTP_STDLIB	wx-2.6	/opt/homebrew/Cellar/erlang/29.0.3/lib/erlang/lib/wx-2.6/ebin/wxGenericDirCtrl.beam	loaded	208	185	23
OTP_STDLIB	wx-2.6	/opt/homebrew/Cellar/erlang/29.0.3/lib/erlang/lib/wx-2.6/ebin/wxGraphicsBrush.beam	loaded	5	4	1
OTP_STDLIB	wx-2.6	/opt/homebrew/Cellar/erlang/29.0.3/lib/erlang/lib/wx-2.6/ebin/wxGraphicsContext.beam	loaded	52	4	48
OTP_STDLIB	wx-2.6	/opt/homebrew/Cellar/erlang/29.0.3/lib/erlang/lib/wx-2.6/ebin/wxGraphicsFont.beam	loaded	5	4	1
OTP_STDLIB	wx-2.6	/opt/homebrew/Cellar/erlang/29.0.3/lib/erlang/lib/wx-2.6/ebin/wxGraphicsGradientStops.beam	loaded	13	2	11
OTP_STDLIB	wx-2.6	/opt/homebrew/Cellar/erlang/29.0.3/lib/erlang/lib/wx-2.6/ebin/wxGraphicsMatrix.beam	loaded	17	4	13
OTP_STDLIB	wx-2.6	/opt/homebrew/Cellar/erlang/29.0.3/lib/erlang/lib/wx-2.6/ebin/wxGraphicsObject.beam	loaded	6	2	4
OTP_STDLIB	wx-2.6	/opt/homebrew/Cellar/erlang/29.0.3/lib/erlang/lib/wx-2.6/ebin/wxGraphicsPath.beam	loaded	27	4	23
OTP_STDLIB	wx-2.6	/opt/homebrew/Cellar/erlang/29.0.3/lib/erlang/lib/wx-2.6/ebin/wxGraphicsPen.beam	loaded	5	4	1
OTP_STDLIB	wx-2.6	/opt/homebrew/Cellar/erlang/29.0.3/lib/erlang/lib/wx-2.6/ebin/wxGraphicsRenderer.beam	loaded	14	2	12
OTP_STDLIB	wx-2.6	/opt/homebrew/Cellar/erlang/29.0.3/lib/erlang/lib/wx-2.6/ebin/wxGrid.beam	loaded	407	200	207
OTP_STDLIB	wx-2.6	/opt/homebrew/Cellar/erlang/29.0.3/lib/erlang/lib/wx-2.6/ebin/wxGridBagSizer.beam	loaded	88	65	23
OTP_STDLIB	wx-2.6	/opt/homebrew/Cellar/erlang/29.0.3/lib/erlang/lib/wx-2.6/ebin/wxGridCellAttr.beam	loaded	25	2	23
OTP_STDLIB	wx-2.6	/opt/homebrew/Cellar/erlang/29.0.3/lib/erlang/lib/wx-2.6/ebin/wxGridCellBoolEditor.beam	loaded	16	10	6
OTP_STDLIB	wx-2.6	/opt/homebrew/Cellar/erlang/29.0.3/lib/erlang/lib/wx-2.6/ebin/wxGridCellBoolRenderer.beam	loaded	7	4	3
OTP_STDLIB	wx-2.6	/opt/homebrew/Cellar/erlang/29.0.3/lib/erlang/lib/wx-2.6/ebin/wxGridCellChoiceEditor.beam	loaded	15	10	5
OTP_STDLIB	wx-2.6	/opt/homebrew/Cellar/erlang/29.0.3/lib/erlang/lib/wx-2.6/ebin/wxGridCellEditor.beam	loaded	12	2	10
OTP_STDLIB	wx-2.6	/opt/homebrew/Cellar/erlang/29.0.3/lib/erlang/lib/wx-2.6/ebin/wxGridCellFloatEditor.beam	loaded	15	10	5
OTP_STDLIB	wx-2.6	/opt/homebrew/Cellar/erlang/29.0.3/lib/erlang/lib/wx-2.6/ebin/wxGridCellFloatRenderer.beam	loaded	13	4	9
OTP_STDLIB	wx-2.6	/opt/homebrew/Cellar/erlang/29.0.3/lib/erlang/lib/wx-2.6/ebin/wxGridCellNumberEditor.beam	loaded	16	10	6
OTP_STDLIB	wx-2.6	/opt/homebrew/Cellar/erlang/29.0.3/lib/erlang/lib/wx-2.6/ebin/wxGridCellNumberRenderer.beam	loaded	7	4	3
OTP_STDLIB	wx-2.6	/opt/homebrew/Cellar/erlang/29.0.3/lib/erlang/lib/wx-2.6/ebin/wxGridCellRenderer.beam	loaded	5	2	3
OTP_STDLIB	wx-2.6	/opt/homebrew/Cellar/erlang/29.0.3/lib/erlang/lib/wx-2.6/ebin/wxGridCellStringRenderer.beam	loaded	7	4	3
OTP_STDLIB	wx-2.6	/opt/homebrew/Cellar/erlang/29.0.3/lib/erlang/lib/wx-2.6/ebin/wxGridCellTextEditor.beam	loaded	15	10	5
OTP_STDLIB	wx-2.6	/opt/homebrew/Cellar/erlang/29.0.3/lib/erlang/lib/wx-2.6/ebin/wxGridEvent.beam	loaded	32	23	9
OTP_STDLIB	wx-2.6	/opt/homebrew/Cellar/erlang/29.0.3/lib/erlang/lib/wx-2.6/ebin/wxGridSizer.beam	loaded	65	51	14
OTP_STDLIB	wx-2.6	/opt/homebrew/Cellar/erlang/29.0.3/lib/erlang/lib/wx-2.6/ebin/wxHelpEvent.beam	loaded	16	11	5
OTP_STDLIB	wx-2.6	/opt/homebrew/Cellar/erlang/29.0.3/lib/erlang/lib/wx-2.6/ebin/wxHtmlEasyPrinting.beam	loaded	21	2	19
OTP_STDLIB	wx-2.6	/opt/homebrew/Cellar/erlang/29.0.3/lib/erlang/lib/wx-2.6/ebin/wxHtmlLinkEvent.beam	loaded	22	20	2
OTP_STDLIB	wx-2.6	/opt/homebrew/Cellar/erlang/29.0.3/lib/erlang/lib/wx-2.6/ebin/wxHtmlWindow.beam	loaded	230	201	29
OTP_STDLIB	wx-2.6	/opt/homebrew/Cellar/erlang/29.0.3/lib/erlang/lib/wx-2.6/ebin/wxIcon.beam	loaded	27	21	6
OTP_STDLIB	wx-2.6	/opt/homebrew/Cellar/erlang/29.0.3/lib/erlang/lib/wx-2.6/ebin/wxIconBundle.beam	loaded	12	2	10
OTP_STDLIB	wx-2.6	/opt/homebrew/Cellar/erlang/29.0.3/lib/erlang/lib/wx-2.6/ebin/wxIconizeEvent.beam	loaded	13	11	2
OTP_STDLIB	wx-2.6	/opt/homebrew/Cellar/erlang/29.0.3/lib/erlang/lib/wx-2.6/ebin/wxIdleEvent.beam	loaded	17	11	6
OTP_STDLIB	wx-2.6	/opt/homebrew/Cellar/erlang/29.0.3/lib/erlang/lib/wx-2.6/ebin/wxImage.beam	loaded	89	2	87
OTP_STDLIB	wx-2.6	/opt/homebrew/Cellar/erlang/29.0.3/lib/erlang/lib/wx-2.6/ebin/wxImageList.beam	loaded	21	2	19
OTP_STDLIB	wx-2.6	/opt/homebrew/Cellar/erlang/29.0.3/lib/erlang/lib/wx-2.6/ebin/wxInitDialogEvent.beam	loaded	12	11	1
OTP_STDLIB	wx-2.6	/opt/homebrew/Cellar/erlang/29.0.3/lib/erlang/lib/wx-2.6/ebin/wxJoystickEvent.beam	loaded	26	11	15
OTP_STDLIB	wx-2.6	/opt/homebrew/Cellar/erlang/29.0.3/lib/erlang/lib/wx-2.6/ebin/wxKeyEvent.beam	loaded	26	11	15
OTP_STDLIB	wx-2.6	/opt/homebrew/Cellar/erlang/29.0.3/lib/erlang/lib/wx-2.6/ebin/wxLayoutAlgorithm.beam	loaded	11	2	9
OTP_STDLIB	wx-2.6	/opt/homebrew/Cellar/erlang/29.0.3/lib/erlang/lib/wx-2.6/ebin/wxListBox.beam	loaded	223	208	15
OTP_STDLIB	wx-2.6	/opt/homebrew/Cellar/erlang/29.0.3/lib/erlang/lib/wx-2.6/ebin/wxListCtrl.beam	loaded	258	183	75
OTP_STDLIB	wx-2.6	/opt/homebrew/Cellar/erlang/29.0.3/lib/erlang/lib/wx-2.6/ebin/wxListEvent.beam	loaded	37	23	14
OTP_STDLIB	wx-2.6	/opt/homebrew/Cellar/erlang/29.0.3/lib/erlang/lib/wx-2.6/ebin/wxListItem.beam	loaded	30	2	28
OTP_STDLIB	wx-2.6	/opt/homebrew/Cellar/erlang/29.0.3/lib/erlang/lib/wx-2.6/ebin/wxListItemAttr.beam	loaded	15	2	13
OTP_STDLIB	wx-2.6	/opt/homebrew/Cellar/erlang/29.0.3/lib/erlang/lib/wx-2.6/ebin/wxListView.beam	loaded	195	185	10
OTP_STDLIB	wx-2.6	/opt/homebrew/Cellar/erlang/29.0.3/lib/erlang/lib/wx-2.6/ebin/wxListbook.beam	loaded	216	187	29
OTP_STDLIB	wx-2.6	/opt/homebrew/Cellar/erlang/29.0.3/lib/erlang/lib/wx-2.6/ebin/wxLocale.beam	loaded	31	2	29
OTP_STDLIB	wx-2.6	/opt/homebrew/Cellar/erlang/29.0.3/lib/erlang/lib/wx-2.6/ebin/wxLogNull.beam	loaded	5	2	3
OTP_STDLIB	wx-2.6	/opt/homebrew/Cellar/erlang/29.0.3/lib/erlang/lib/wx-2.6/ebin/wxMDIChildFrame.beam	loaded	236	225	11
OTP_STDLIB	wx-2.6	/opt/homebrew/Cellar/erlang/29.0.3/lib/erlang/lib/wx-2.6/ebin/wxMDIClientWindow.beam	loaded	190	185	5
OTP_STDLIB	wx-2.6	/opt/homebrew/Cellar/erlang/29.0.3/lib/erlang/lib/wx-2.6/ebin/wxMDIParentFrame.beam	loaded	242	227	15
OTP_STDLIB	wx-2.6	/opt/homebrew/Cellar/erlang/29.0.3/lib/erlang/lib/wx-2.6/ebin/wxMask.beam	loaded	9	2	7
OTP_STDLIB	wx-2.6	/opt/homebrew/Cellar/erlang/29.0.3/lib/erlang/lib/wx-2.6/ebin/wxMaximizeEvent.beam	loaded	12	11	1
OTP_STDLIB	wx-2.6	/opt/homebrew/Cellar/erlang/29.0.3/lib/erlang/lib/wx-2.6/ebin/wxMemoryDC.beam	loaded	100	94	6
OTP_STDLIB	wx-2.6	/opt/homebrew/Cellar/erlang/29.0.3/lib/erlang/lib/wx-2.6/ebin/wxMenu.beam	loaded	57	7	50
OTP_STDLIB	wx-2.6	/opt/homebrew/Cellar/erlang/29.0.3/lib/erlang/lib/wx-2.6/ebin/wxMenuBar.beam	loaded	212	180	32
OTP_STDLIB	wx-2.6	/opt/homebrew/Cellar/erlang/29.0.3/lib/erlang/lib/wx-2.6/ebin/wxMenuEvent.beam	loaded	15	11	4
OTP_STDLIB	wx-2.6	/opt/homebrew/Cellar/erlang/29.0.3/lib/erlang/lib/wx-2.6/ebin/wxMenuItem.beam	loaded	33	2	31
OTP_STDLIB	wx-2.6	/opt/homebrew/Cellar/erlang/29.0.3/lib/erlang/lib/wx-2.6/ebin/wxMessageDialog.beam	loaded	221	217	4
OTP_STDLIB	wx-2.6	/opt/homebrew/Cellar/erlang/29.0.3/lib/erlang/lib/wx-2.6/ebin/wxMiniFrame.beam	loaded	234	227	7
OTP_STDLIB	wx-2.6	/opt/homebrew/Cellar/erlang/29.0.3/lib/erlang/lib/wx-2.6/ebin/wxMirrorDC.beam	loaded	97	94	3
OTP_STDLIB	wx-2.6	/opt/homebrew/Cellar/erlang/29.0.3/lib/erlang/lib/wx-2.6/ebin/wxMouseCaptureChangedEvent.beam	loaded	13	11	2
OTP_STDLIB	wx-2.6	/opt/homebrew/Cellar/erlang/29.0.3/lib/erlang/lib/wx-2.6/ebin/wxMouseCaptureLostEvent.beam	loaded	12	11	1
OTP_STDLIB	wx-2.6	/opt/homebrew/Cellar/erlang/29.0.3/lib/erlang/lib/wx-2.6/ebin/wxMouseEvent.beam	loaded	57	11	46
OTP_STDLIB	wx-2.6	/opt/homebrew/Cellar/erlang/29.0.3/lib/erlang/lib/wx-2.6/ebin/wxMoveEvent.beam	loaded	14	11	3
OTP_STDLIB	wx-2.6	/opt/homebrew/Cellar/erlang/29.0.3/lib/erlang/lib/wx-2.6/ebin/wxMultiChoiceDialog.beam	loaded	223	217	6
OTP_STDLIB	wx-2.6	/opt/homebrew/Cellar/erlang/29.0.3/lib/erlang/lib/wx-2.6/ebin/wxNavigationKeyEvent.beam	loaded	20	11	9
OTP_STDLIB	wx-2.6	/opt/homebrew/Cellar/erlang/29.0.3/lib/erlang/lib/wx-2.6/ebin/wxNotebook.beam	loaded	219	203	16
OTP_STDLIB	wx-2.6	/opt/homebrew/Cellar/erlang/29.0.3/lib/erlang/lib/wx-2.6/ebin/wxNotificationMessage.beam	loaded	25	7	18
OTP_STDLIB	wx-2.6	/opt/homebrew/Cellar/erlang/29.0.3/lib/erlang/lib/wx-2.6/ebin/wxNotifyEvent.beam	loaded	24	20	4
OTP_STDLIB	wx-2.6	/opt/homebrew/Cellar/erlang/29.0.3/lib/erlang/lib/wx-2.6/ebin/wxOverlay.beam	loaded	6	2	4
OTP_STDLIB	wx-2.6	/opt/homebrew/Cellar/erlang/29.0.3/lib/erlang/lib/wx-2.6/ebin/wxPageSetupDialog.beam	loaded	8	2	6
OTP_STDLIB	wx-2.6	/opt/homebrew/Cellar/erlang/29.0.3/lib/erlang/lib/wx-2.6/ebin/wxPageSetupDialogData.beam	loaded	35	2	33
OTP_STDLIB	wx-2.6	/opt/homebrew/Cellar/erlang/29.0.3/lib/erlang/lib/wx-2.6/ebin/wxPaintDC.beam	loaded	97	94	3
OTP_STDLIB	wx-2.6	/opt/homebrew/Cellar/erlang/29.0.3/lib/erlang/lib/wx-2.6/ebin/wxPaintEvent.beam	loaded	12	11	1
OTP_STDLIB	wx-2.6	/opt/homebrew/Cellar/erlang/29.0.3/lib/erlang/lib/wx-2.6/ebin/wxPalette.beam	loaded	13	2	11
OTP_STDLIB	wx-2.6	/opt/homebrew/Cellar/erlang/29.0.3/lib/erlang/lib/wx-2.6/ebin/wxPaletteChangedEvent.beam	loaded	14	11	3
OTP_STDLIB	wx-2.6	/opt/homebrew/Cellar/erlang/29.0.3/lib/erlang/lib/wx-2.6/ebin/wxPanel.beam	loaded	191	184	7
OTP_STDLIB	wx-2.6	/opt/homebrew/Cellar/erlang/29.0.3/lib/erlang/lib/wx-2.6/ebin/wxPasswordEntryDialog.beam	loaded	223	219	4
OTP_STDLIB	wx-2.6	/opt/homebrew/Cellar/erlang/29.0.3/lib/erlang/lib/wx-2.6/ebin/wxPen.beam	loaded	19	2	17
OTP_STDLIB	wx-2.6	/opt/homebrew/Cellar/erlang/29.0.3/lib/erlang/lib/wx-2.6/ebin/wxPickerBase.beam	loaded	200	185	15
OTP_STDLIB	wx-2.6	/opt/homebrew/Cellar/erlang/29.0.3/lib/erlang/lib/wx-2.6/ebin/wxPopupTransientWindow.beam	loaded	194	186	8
OTP_STDLIB	wx-2.6	/opt/homebrew/Cellar/erlang/29.0.3/lib/erlang/lib/wx-2.6/ebin/wxPopupWindow.beam	loaded	193	185	8
OTP_STDLIB	wx-2.6	/opt/homebrew/Cellar/erlang/29.0.3/lib/erlang/lib/wx-2.6/ebin/wxPostScriptDC.beam	loaded	98	94	4
OTP_STDLIB	wx-2.6	/opt/homebrew/Cellar/erlang/29.0.3/lib/erlang/lib/wx-2.6/ebin/wxPreviewCanvas.beam	loaded	202	201	1
OTP_STDLIB	wx-2.6	/opt/homebrew/Cellar/erlang/29.0.3/lib/erlang/lib/wx-2.6/ebin/wxPreviewControlBar.beam	loaded	194	186	8
OTP_STDLIB	wx-2.6	/opt/homebrew/Cellar/erlang/29.0.3/lib/erlang/lib/wx-2.6/ebin/wxPreviewFrame.beam	loaded	235	227	8
OTP_STDLIB	wx-2.6	/opt/homebrew/Cellar/erlang/29.0.3/lib/erlang/lib/wx-2.6/ebin/wxPrintData.beam	loaded	25	2	23
OTP_STDLIB	wx-2.6	/opt/homebrew/Cellar/erlang/29.0.3/lib/erlang/lib/wx-2.6/ebin/wxPrintDialog.beam	loaded	223	217	6
OTP_STDLIB	wx-2.6	/opt/homebrew/Cellar/erlang/29.0.3/lib/erlang/lib/wx-2.6/ebin/wxPrintDialogData.beam	loaded	30	2	28
OTP_STDLIB	wx-2.6	/opt/homebrew/Cellar/erlang/29.0.3/lib/erlang/lib/wx-2.6/ebin/wxPrintPreview.beam	loaded	23	2	21
OTP_STDLIB	wx-2.6	/opt/homebrew/Cellar/erlang/29.0.3/lib/erlang/lib/wx-2.6/ebin/wxPrinter.beam	loaded	15	2	13
OTP_STDLIB	wx-2.6	/opt/homebrew/Cellar/erlang/29.0.3/lib/erlang/lib/wx-2.6/ebin/wxPrintout.beam	loaded	26	2	24
OTP_STDLIB	wx-2.6	/opt/homebrew/Cellar/erlang/29.0.3/lib/erlang/lib/wx-2.6/ebin/wxProgressDialog.beam	loaded	223	216	7
OTP_STDLIB	wx-2.6	/opt/homebrew/Cellar/erlang/29.0.3/lib/erlang/lib/wx-2.6/ebin/wxQueryNewPaletteEvent.beam	loaded	14	11	3
OTP_STDLIB	wx-2.6	/opt/homebrew/Cellar/erlang/29.0.3/lib/erlang/lib/wx-2.6/ebin/wxRadioBox.beam	loaded	204	181	23
OTP_STDLIB	wx-2.6	/opt/homebrew/Cellar/erlang/29.0.3/lib/erlang/lib/wx-2.6/ebin/wxRadioButton.beam	loaded	194	185	9
OTP_STDLIB	wx-2.6	/opt/homebrew/Cellar/erlang/29.0.3/lib/erlang/lib/wx-2.6/ebin/wxRegion.beam	loaded	26	2	24
OTP_STDLIB	wx-2.6	/opt/homebrew/Cellar/erlang/29.0.3/lib/erlang/lib/wx-2.6/ebin/wxSashEvent.beam	loaded	24	20	4
OTP_STDLIB	wx-2.6	/opt/homebrew/Cellar/erlang/29.0.3/lib/erlang/lib/wx-2.6/ebin/wxSashLayoutWindow.beam	loaded	207	195	12
OTP_STDLIB	wx-2.6	/opt/homebrew/Cellar/erlang/29.0.3/lib/erlang/lib/wx-2.6/ebin/wxSashWindow.beam	loaded	200	185	15
OTP_STDLIB	wx-2.6	/opt/homebrew/Cellar/erlang/29.0.3/lib/erlang/lib/wx-2.6/ebin/wxScreenDC.beam	loaded	97	94	3
OTP_STDLIB	wx-2.6	/opt/homebrew/Cellar/erlang/29.0.3/lib/erlang/lib/wx-2.6/ebin/wxScrollBar.beam	loaded	197	183	14
OTP_STDLIB	wx-2.6	/opt/homebrew/Cellar/erlang/29.0.3/lib/erlang/lib/wx-2.6/ebin/wxScrollEvent.beam	loaded	23	20	3
OTP_STDLIB	wx-2.6	/opt/homebrew/Cellar/erlang/29.0.3/lib/erlang/lib/wx-2.6/ebin/wxScrollWinEvent.beam	loaded	14	11	3
OTP_STDLIB	wx-2.6	/opt/homebrew/Cellar/erlang/29.0.3/lib/erlang/lib/wx-2.6/ebin/wxScrolledWindow.beam	loaded	206	186	20
OTP_STDLIB	wx-2.6	/opt/homebrew/Cellar/erlang/29.0.3/lib/erlang/lib/wx-2.6/ebin/wxSetCursorEvent.beam	loaded	17	11	6
OTP_STDLIB	wx-2.6	/opt/homebrew/Cellar/erlang/29.0.3/lib/erlang/lib/wx-2.6/ebin/wxShowEvent.beam	loaded	14	11	3
OTP_STDLIB	wx-2.6	/opt/homebrew/Cellar/erlang/29.0.3/lib/erlang/lib/wx-2.6/ebin/wxSingleChoiceDialog.beam	loaded	224	217	7
OTP_STDLIB	wx-2.6	/opt/homebrew/Cellar/erlang/29.0.3/lib/erlang/lib/wx-2.6/ebin/wxSizeEvent.beam	loaded	14	11	3
OTP_STDLIB	wx-2.6	/opt/homebrew/Cellar/erlang/29.0.3/lib/erlang/lib/wx-2.6/ebin/wxSizer.beam	loaded	52	2	50
OTP_STDLIB	wx-2.6	/opt/homebrew/Cellar/erlang/29.0.3/lib/erlang/lib/wx-2.6/ebin/wxSizerFlags.beam	loaded	16	2	14
OTP_STDLIB	wx-2.6	/opt/homebrew/Cellar/erlang/29.0.3/lib/erlang/lib/wx-2.6/ebin/wxSizerItem.beam	loaded	40	2	38
OTP_STDLIB	wx-2.6	/opt/homebrew/Cellar/erlang/29.0.3/lib/erlang/lib/wx-2.6/ebin/wxSlider.beam	loaded	203	185	18
OTP_STDLIB	wx-2.6	/opt/homebrew/Cellar/erlang/29.0.3/lib/erlang/lib/wx-2.6/ebin/wxSpinButton.beam	loaded	197	185	12
OTP_STDLIB	wx-2.6	/opt/homebrew/Cellar/erlang/29.0.3/lib/erlang/lib/wx-2.6/ebin/wxSpinCtrl.beam	loaded	198	185	13
OTP_STDLIB	wx-2.6	/opt/homebrew/Cellar/erlang/29.0.3/lib/erlang/lib/wx-2.6/ebin/wxSpinEvent.beam	loaded	26	23	3
OTP_STDLIB	wx-2.6	/opt/homebrew/Cellar/erlang/29.0.3/lib/erlang/lib/wx-2.6/ebin/wxSplashScreen.beam	loaded	233	227	6
OTP_STDLIB	wx-2.6	/opt/homebrew/Cellar/erlang/29.0.3/lib/erlang/lib/wx-2.6/ebin/wxSplitterEvent.beam	loaded	29	23	6
OTP_STDLIB	wx-2.6	/opt/homebrew/Cellar/erlang/29.0.3/lib/erlang/lib/wx-2.6/ebin/wxSplitterWindow.beam	loaded	213	185	28
OTP_STDLIB	wx-2.6	/opt/homebrew/Cellar/erlang/29.0.3/lib/erlang/lib/wx-2.6/ebin/wxStaticBitmap.beam	loaded	194	185	9
OTP_STDLIB	wx-2.6	/opt/homebrew/Cellar/erlang/29.0.3/lib/erlang/lib/wx-2.6/ebin/wxStaticBox.beam	loaded	192	185	7
OTP_STDLIB	wx-2.6	/opt/homebrew/Cellar/erlang/29.0.3/lib/erlang/lib/wx-2.6/ebin/wxStaticBoxSizer.beam	loaded	57	52	5
OTP_STDLIB	wx-2.6	/opt/homebrew/Cellar/erlang/29.0.3/lib/erlang/lib/wx-2.6/ebin/wxStaticLine.beam	loaded	194	185	9
OTP_STDLIB	wx-2.6	/opt/homebrew/Cellar/erlang/29.0.3/lib/erlang/lib/wx-2.6/ebin/wxStaticText.beam	loaded	193	183	10
OTP_STDLIB	wx-2.6	/opt/homebrew/Cellar/erlang/29.0.3/lib/erlang/lib/wx-2.6/ebin/wxStatusBar.beam	loaded	207	185	22
OTP_STDLIB	wx-2.6	/opt/homebrew/Cellar/erlang/29.0.3/lib/erlang/lib/wx-2.6/ebin/wxStdDialogButtonSizer.beam	loaded	60	52	8
OTP_STDLIB	wx-2.6	/opt/homebrew/Cellar/erlang/29.0.3/lib/erlang/lib/wx-2.6/ebin/wxStyledTextCtrl.beam	loaded	630	181	449
OTP_STDLIB	wx-2.6	/opt/homebrew/Cellar/erlang/29.0.3/lib/erlang/lib/wx-2.6/ebin/wxStyledTextEvent.beam	loaded	44	20	24
OTP_STDLIB	wx-2.6	/opt/homebrew/Cellar/erlang/29.0.3/lib/erlang/lib/wx-2.6/ebin/wxSysColourChangedEvent.beam	loaded	12	11	1
OTP_STDLIB	wx-2.6	/opt/homebrew/Cellar/erlang/29.0.3/lib/erlang/lib/wx-2.6/ebin/wxSystemOptions.beam	loaded	8	2	6
OTP_STDLIB	wx-2.6	/opt/homebrew/Cellar/erlang/29.0.3/lib/erlang/lib/wx-2.6/ebin/wxSystemSettings.beam	loaded	8	2	6
OTP_STDLIB	wx-2.6	/opt/homebrew/Cellar/erlang/29.0.3/lib/erlang/lib/wx-2.6/ebin/wxTaskBarIcon.beam	loaded	15	7	8
OTP_STDLIB	wx-2.6	/opt/homebrew/Cellar/erlang/29.0.3/lib/erlang/lib/wx-2.6/ebin/wxTaskBarIconEvent.beam	loaded	12	11	1
OTP_STDLIB	wx-2.6	/opt/homebrew/Cellar/erlang/29.0.3/lib/erlang/lib/wx-2.6/ebin/wxTextAttr.beam	loaded	45	2	43
OTP_STDLIB	wx-2.6	/opt/homebrew/Cellar/erlang/29.0.3/lib/erlang/lib/wx-2.6/ebin/wxTextCtrl.beam	loaded	241	185	56
OTP_STDLIB	wx-2.6	/opt/homebrew/Cellar/erlang/29.0.3/lib/erlang/lib/wx-2.6/ebin/wxTextDataObject.beam	loaded	9	2	7
OTP_STDLIB	wx-2.6	/opt/homebrew/Cellar/erlang/29.0.3/lib/erlang/lib/wx-2.6/ebin/wxTextEntryDialog.beam	loaded	224	217	7
OTP_STDLIB	wx-2.6	/opt/homebrew/Cellar/erlang/29.0.3/lib/erlang/lib/wx-2.6/ebin/wxToggleButton.beam	loaded	194	185	9
OTP_STDLIB	wx-2.6	/opt/homebrew/Cellar/erlang/29.0.3/lib/erlang/lib/wx-2.6/ebin/wxToolBar.beam	loaded	230	185	45
OTP_STDLIB	wx-2.6	/opt/homebrew/Cellar/erlang/29.0.3/lib/erlang/lib/wx-2.6/ebin/wxToolTip.beam	loaded	10	2	8
OTP_STDLIB	wx-2.6	/opt/homebrew/Cellar/erlang/29.0.3/lib/erlang/lib/wx-2.6/ebin/wxToolbook.beam	loaded	216	187	29
OTP_STDLIB	wx-2.6	/opt/homebrew/Cellar/erlang/29.0.3/lib/erlang/lib/wx-2.6/ebin/wxTopLevelWindow.beam	loaded	209	185	24
OTP_STDLIB	wx-2.6	/opt/homebrew/Cellar/erlang/29.0.3/lib/erlang/lib/wx-2.6/ebin/wxTreeCtrl.beam	loaded	270	184	86
OTP_STDLIB	wx-2.6	/opt/homebrew/Cellar/erlang/29.0.3/lib/erlang/lib/wx-2.6/ebin/wxTreeEvent.beam	loaded	32	23	9
OTP_STDLIB	wx-2.6	/opt/homebrew/Cellar/erlang/29.0.3/lib/erlang/lib/wx-2.6/ebin/wxTreebook.beam	loaded	221	187	34
OTP_STDLIB	wx-2.6	/opt/homebrew/Cellar/erlang/29.0.3/lib/erlang/lib/wx-2.6/ebin/wxUpdateUIEvent.beam	loaded	39	20	19
OTP_STDLIB	wx-2.6	/opt/homebrew/Cellar/erlang/29.0.3/lib/erlang/lib/wx-2.6/ebin/wxWebView.beam	loaded	239	185	54
OTP_STDLIB	wx-2.6	/opt/homebrew/Cellar/erlang/29.0.3/lib/erlang/lib/wx-2.6/ebin/wxWebViewEvent.beam	loaded	26	21	5
OTP_STDLIB	wx-2.6	/opt/homebrew/Cellar/erlang/29.0.3/lib/erlang/lib/wx-2.6/ebin/wxWindow.beam	loaded	203	7	196
OTP_STDLIB	wx-2.6	/opt/homebrew/Cellar/erlang/29.0.3/lib/erlang/lib/wx-2.6/ebin/wxWindowCreateEvent.beam	loaded	21	20	1
OTP_STDLIB	wx-2.6	/opt/homebrew/Cellar/erlang/29.0.3/lib/erlang/lib/wx-2.6/ebin/wxWindowDC.beam	loaded	97	94	3
OTP_STDLIB	wx-2.6	/opt/homebrew/Cellar/erlang/29.0.3/lib/erlang/lib/wx-2.6/ebin/wxWindowDestroyEvent.beam	loaded	21	20	1
OTP_STDLIB	wx-2.6	/opt/homebrew/Cellar/erlang/29.0.3/lib/erlang/lib/wx-2.6/ebin/wxXmlResource.beam	loaded	34	2	32
OTP_STDLIB	wx-2.6	/opt/homebrew/Cellar/erlang/29.0.3/lib/erlang/lib/wx-2.6/ebin/wx_misc.beam	loaded	32	2	30
OTP_STDLIB	wx-2.6	/opt/homebrew/Cellar/erlang/29.0.3/lib/erlang/lib/wx-2.6/ebin/wx_object.beam	loaded	24	7	17
OTP_STDLIB	wx-2.6	/opt/homebrew/Cellar/erlang/29.0.3/lib/erlang/lib/wx-2.6/ebin/wxe_master.beam	loaded	12	5	7
OTP_STDLIB	wx-2.6	/opt/homebrew/Cellar/erlang/29.0.3/lib/erlang/lib/wx-2.6/ebin/wxe_server.beam	loaded	12	4	8
OTP_STDLIB	wx-2.6	/opt/homebrew/Cellar/erlang/29.0.3/lib/erlang/lib/wx-2.6/ebin/wxe_util.beam	loaded	35	3	32
OTP_STDLIB	xmerl-2.2	/opt/homebrew/Cellar/erlang/29.0.3/lib/erlang/lib/xmerl-2.2/ebin/xmerl.beam	loaded	12	2	10
OTP_STDLIB	xmerl-2.2	/opt/homebrew/Cellar/erlang/29.0.3/lib/erlang/lib/xmerl-2.2/ebin/xmerl_b64Bin.beam	loaded	5	2	3
OTP_STDLIB	xmerl-2.2	/opt/homebrew/Cellar/erlang/29.0.3/lib/erlang/lib/xmerl-2.2/ebin/xmerl_b64Bin_scan.beam	loaded	3	2	1
OTP_STDLIB	xmerl-2.2	/opt/homebrew/Cellar/erlang/29.0.3/lib/erlang/lib/xmerl-2.2/ebin/xmerl_eventp.beam	loaded	6	2	4
OTP_STDLIB	xmerl-2.2	/opt/homebrew/Cellar/erlang/29.0.3/lib/erlang/lib/xmerl-2.2/ebin/xmerl_html.beam	loaded	9	6	3
OTP_STDLIB	xmerl-2.2	/opt/homebrew/Cellar/erlang/29.0.3/lib/erlang/lib/xmerl-2.2/ebin/xmerl_lib.beam	loaded	43	3	40
OTP_STDLIB	xmerl-2.2	/opt/homebrew/Cellar/erlang/29.0.3/lib/erlang/lib/xmerl-2.2/ebin/xmerl_otpsgml.beam	loaded	8	4	4
OTP_STDLIB	xmerl-2.2	/opt/homebrew/Cellar/erlang/29.0.3/lib/erlang/lib/xmerl-2.2/ebin/xmerl_sax_old_dom.beam	loaded	5	3	2
OTP_STDLIB	xmerl-2.2	/opt/homebrew/Cellar/erlang/29.0.3/lib/erlang/lib/xmerl-2.2/ebin/xmerl_sax_parser.beam	loaded	5	2	3
OTP_STDLIB	xmerl-2.2	/opt/homebrew/Cellar/erlang/29.0.3/lib/erlang/lib/xmerl-2.2/ebin/xmerl_sax_parser_latin1.beam	loaded	9	2	7
OTP_STDLIB	xmerl-2.2	/opt/homebrew/Cellar/erlang/29.0.3/lib/erlang/lib/xmerl-2.2/ebin/xmerl_sax_parser_list.beam	loaded	9	2	7
OTP_STDLIB	xmerl-2.2	/opt/homebrew/Cellar/erlang/29.0.3/lib/erlang/lib/xmerl-2.2/ebin/xmerl_sax_parser_utf16be.beam	loaded	9	2	7
OTP_STDLIB	xmerl-2.2	/opt/homebrew/Cellar/erlang/29.0.3/lib/erlang/lib/xmerl-2.2/ebin/xmerl_sax_parser_utf16le.beam	loaded	9	2	7
OTP_STDLIB	xmerl-2.2	/opt/homebrew/Cellar/erlang/29.0.3/lib/erlang/lib/xmerl-2.2/ebin/xmerl_sax_parser_utf8.beam	loaded	9	2	7
OTP_STDLIB	xmerl-2.2	/opt/homebrew/Cellar/erlang/29.0.3/lib/erlang/lib/xmerl-2.2/ebin/xmerl_sax_simple_dom.beam	loaded	5	3	2
OTP_STDLIB	xmerl-2.2	/opt/homebrew/Cellar/erlang/29.0.3/lib/erlang/lib/xmerl-2.2/ebin/xmerl_scan.beam	loaded	19	8	11
OTP_STDLIB	xmerl-2.2	/opt/homebrew/Cellar/erlang/29.0.3/lib/erlang/lib/xmerl-2.2/ebin/xmerl_sgml.beam	loaded	7	6	1
OTP_STDLIB	xmerl-2.2	/opt/homebrew/Cellar/erlang/29.0.3/lib/erlang/lib/xmerl-2.2/ebin/xmerl_simple.beam	loaded	4	2	2
OTP_STDLIB	xmerl-2.2	/opt/homebrew/Cellar/erlang/29.0.3/lib/erlang/lib/xmerl-2.2/ebin/xmerl_text.beam	loaded	8	7	1
OTP_STDLIB	xmerl-2.2	/opt/homebrew/Cellar/erlang/29.0.3/lib/erlang/lib/xmerl-2.2/ebin/xmerl_ucs.beam	loaded	33	8	25
OTP_STDLIB	xmerl-2.2	/opt/homebrew/Cellar/erlang/29.0.3/lib/erlang/lib/xmerl-2.2/ebin/xmerl_uri.beam	loaded	4	3	1
OTP_STDLIB	xmerl-2.2	/opt/homebrew/Cellar/erlang/29.0.3/lib/erlang/lib/xmerl-2.2/ebin/xmerl_validate.beam	loaded	3	2	1
OTP_STDLIB	xmerl-2.2	/opt/homebrew/Cellar/erlang/29.0.3/lib/erlang/lib/xmerl-2.2/ebin/xmerl_xlate.beam	loaded	4	2	2
OTP_STDLIB	xmerl-2.2	/opt/homebrew/Cellar/erlang/29.0.3/lib/erlang/lib/xmerl-2.2/ebin/xmerl_xml.beam	loaded	8	6	2
OTP_STDLIB	xmerl-2.2	/opt/homebrew/Cellar/erlang/29.0.3/lib/erlang/lib/xmerl-2.2/ebin/xmerl_xml_indent.beam	loaded	7	4	3
OTP_STDLIB	xmerl-2.2	/opt/homebrew/Cellar/erlang/29.0.3/lib/erlang/lib/xmerl-2.2/ebin/xmerl_xpath.beam	loaded	9	2	7
OTP_STDLIB	xmerl-2.2	/opt/homebrew/Cellar/erlang/29.0.3/lib/erlang/lib/xmerl-2.2/ebin/xmerl_xpath_lib.beam	loaded	3	2	1
OTP_STDLIB	xmerl-2.2	/opt/homebrew/Cellar/erlang/29.0.3/lib/erlang/lib/xmerl-2.2/ebin/xmerl_xpath_parse.beam	loaded	5	2	3
OTP_STDLIB	xmerl-2.2	/opt/homebrew/Cellar/erlang/29.0.3/lib/erlang/lib/xmerl-2.2/ebin/xmerl_xpath_pred.beam	loaded	35	6	29
OTP_STDLIB	xmerl-2.2	/opt/homebrew/Cellar/erlang/29.0.3/lib/erlang/lib/xmerl-2.2/ebin/xmerl_xpath_scan.beam	loaded	4	2	2
OTP_STDLIB	xmerl-2.2	/opt/homebrew/Cellar/erlang/29.0.3/lib/erlang/lib/xmerl-2.2/ebin/xmerl_xs.beam	loaded	6	4	2
OTP_STDLIB	xmerl-2.2	/opt/homebrew/Cellar/erlang/29.0.3/lib/erlang/lib/xmerl-2.2/ebin/xmerl_xsd.beam	loaded	15	2	13
OTP_STDLIB	xmerl-2.2	/opt/homebrew/Cellar/erlang/29.0.3/lib/erlang/lib/xmerl-2.2/ebin/xmerl_xsd_re.beam	loaded	4	2	2
OTP_STDLIB	xmerl-2.2	/opt/homebrew/Cellar/erlang/29.0.3/lib/erlang/lib/xmerl-2.2/ebin/xmerl_xsd_re_parse.beam	loaded	5	2	3
OTP_STDLIB	xmerl-2.2	/opt/homebrew/Cellar/erlang/29.0.3/lib/erlang/lib/xmerl-2.2/ebin/xmerl_xsd_type.beam	loaded	18	2	16
