AlgorithmInformation-2009	public_key-1.21.4	/usr/local/lib/otp-29.0.5/lib/erlang/lib/public_key-1.21.4/ebin/AlgorithmInformation-2009.beam
AttributeCertificateVersion1-2009	public_key-1.21.4	/usr/local/lib/otp-29.0.5/lib/erlang/lib/public_key-1.21.4/ebin/AttributeCertificateVersion1-2009.beam
CMSAesRsaesOaep-2009	public_key-1.21.4	/usr/local/lib/otp-29.0.5/lib/erlang/lib/public_key-1.21.4/ebin/CMSAesRsaesOaep-2009.beam
CryptographicMessageSyntax-2009	public_key-1.21.4	/usr/local/lib/otp-29.0.5/lib/erlang/lib/public_key-1.21.4/ebin/CryptographicMessageSyntax-2009.beam
CryptographicMessageSyntaxAlgorithms-2009	public_key-1.21.4	/usr/local/lib/otp-29.0.5/lib/erlang/lib/public_key-1.21.4/ebin/CryptographicMessageSyntaxAlgorithms-2009.beam
DSS	public_key-1.21.4	/usr/local/lib/otp-29.0.5/lib/erlang/lib/public_key-1.21.4/ebin/DSS.beam
ECPrivateKey	public_key-1.21.4	/usr/local/lib/otp-29.0.5/lib/erlang/lib/public_key-1.21.4/ebin/ECPrivateKey.beam
ELDAPv3	eldap-1.3	/usr/local/lib/otp-29.0.5/lib/erlang/lib/eldap-1.3/ebin/ELDAPv3.beam
EnrollmentMessageSyntax-2009	public_key-1.21.4	/usr/local/lib/otp-29.0.5/lib/erlang/lib/public_key-1.21.4/ebin/EnrollmentMessageSyntax-2009.beam
KEMAlgorithmInformation-2023	public_key-1.21.4	/usr/local/lib/otp-29.0.5/lib/erlang/lib/public_key-1.21.4/ebin/KEMAlgorithmInformation-2023.beam
OCSP-2024-08	public_key-1.21.4	/usr/local/lib/otp-29.0.5/lib/erlang/lib/public_key-1.21.4/ebin/OCSP-2024-08.beam
OTP-PKIX	public_key-1.21.4	/usr/local/lib/otp-29.0.5/lib/erlang/lib/public_key-1.21.4/ebin/OTP-PKIX.beam
OTP-PKIX-Relaxed	public_key-1.21.4	/usr/local/lib/otp-29.0.5/lib/erlang/lib/public_key-1.21.4/ebin/OTP-PKIX-Relaxed.beam
PKCS-1	public_key-1.21.4	/usr/local/lib/otp-29.0.5/lib/erlang/lib/public_key-1.21.4/ebin/PKCS-1.beam
PKCS-10	public_key-1.21.4	/usr/local/lib/otp-29.0.5/lib/erlang/lib/public_key-1.21.4/ebin/PKCS-10.beam
PKCS-3	public_key-1.21.4	/usr/local/lib/otp-29.0.5/lib/erlang/lib/public_key-1.21.4/ebin/PKCS-3.beam
PKCS-FRAME	public_key-1.21.4	/usr/local/lib/otp-29.0.5/lib/erlang/lib/public_key-1.21.4/ebin/PKCS-FRAME.beam
PKIX-CommonTypes-2009	public_key-1.21.4	/usr/local/lib/otp-29.0.5/lib/erlang/lib/public_key-1.21.4/ebin/PKIX-CommonTypes-2009.beam
PKIX-X400Address-2009	public_key-1.21.4	/usr/local/lib/otp-29.0.5/lib/erlang/lib/public_key-1.21.4/ebin/PKIX-X400Address-2009.beam
PKIX1-PSS-OAEP-Algorithms-2009	public_key-1.21.4	/usr/local/lib/otp-29.0.5/lib/erlang/lib/public_key-1.21.4/ebin/PKIX1-PSS-OAEP-Algorithms-2009.beam
PKIX1Explicit-2009	public_key-1.21.4	/usr/local/lib/otp-29.0.5/lib/erlang/lib/public_key-1.21.4/ebin/PKIX1Explicit-2009.beam
PKIX1Implicit-2009	public_key-1.21.4	/usr/local/lib/otp-29.0.5/lib/erlang/lib/public_key-1.21.4/ebin/PKIX1Implicit-2009.beam
PKIXAlgs-2009	public_key-1.21.4	/usr/local/lib/otp-29.0.5/lib/erlang/lib/public_key-1.21.4/ebin/PKIXAlgs-2009.beam
PKIXAttributeCertificate-2009	public_key-1.21.4	/usr/local/lib/otp-29.0.5/lib/erlang/lib/public_key-1.21.4/ebin/PKIXAttributeCertificate-2009.beam
PKIXCMP-2023	public_key-1.21.4	/usr/local/lib/otp-29.0.5/lib/erlang/lib/public_key-1.21.4/ebin/PKIXCMP-2023.beam
PKIXCRMF-2009	public_key-1.21.4	/usr/local/lib/otp-29.0.5/lib/erlang/lib/public_key-1.21.4/ebin/PKIXCRMF-2009.beam
RFC5639	public_key-1.21.4	/usr/local/lib/otp-29.0.5/lib/erlang/lib/public_key-1.21.4/ebin/RFC5639.beam
SLH-DSA-Module-2024	public_key-1.21.4	/usr/local/lib/otp-29.0.5/lib/erlang/lib/public_key-1.21.4/ebin/SLH-DSA-Module-2024.beam
Safecurves-pkix-18	public_key-1.21.4	/usr/local/lib/otp-29.0.5/lib/erlang/lib/public_key-1.21.4/ebin/Safecurves-pkix-18.beam
SecureMimeMessageV3dot1-2009	public_key-1.21.4	/usr/local/lib/otp-29.0.5/lib/erlang/lib/public_key-1.21.4/ebin/SecureMimeMessageV3dot1-2009.beam
X509-ML-DSA-2025	public_key-1.21.4	/usr/local/lib/otp-29.0.5/lib/erlang/lib/public_key-1.21.4/ebin/X509-ML-DSA-2025.beam
X509-ML-KEM-2025	public_key-1.21.4	/usr/local/lib/otp-29.0.5/lib/erlang/lib/public_key-1.21.4/ebin/X509-ML-KEM-2025.beam
alarm_handler	sasl-4.4	/usr/local/lib/otp-29.0.5/lib/erlang/lib/sasl-4.4/ebin/alarm_handler.beam
application	kernel-11.0.3	/usr/local/lib/otp-29.0.5/lib/erlang/lib/kernel-11.0.3/ebin/application.beam
application_controller	kernel-11.0.3	/usr/local/lib/otp-29.0.5/lib/erlang/lib/kernel-11.0.3/ebin/application_controller.beam
application_master	kernel-11.0.3	/usr/local/lib/otp-29.0.5/lib/erlang/lib/kernel-11.0.3/ebin/application_master.beam
application_starter	kernel-11.0.3	/usr/local/lib/otp-29.0.5/lib/erlang/lib/kernel-11.0.3/ebin/application_starter.beam
appmon_info	runtime_tools-2.4	/usr/local/lib/otp-29.0.5/lib/erlang/lib/runtime_tools-2.4/ebin/appmon_info.beam
argparse	stdlib-8.0.3	/usr/local/lib/otp-29.0.5/lib/erlang/lib/stdlib-8.0.3/ebin/argparse.beam
array	stdlib-8.0.3	/usr/local/lib/otp-29.0.5/lib/erlang/lib/stdlib-8.0.3/ebin/array.beam
asn1_db	asn1-5.5	/usr/local/lib/otp-29.0.5/lib/erlang/lib/asn1-5.5/ebin/asn1_db.beam
asn1ct	asn1-5.5	/usr/local/lib/otp-29.0.5/lib/erlang/lib/asn1-5.5/ebin/asn1ct.beam
asn1ct_check	asn1-5.5	/usr/local/lib/otp-29.0.5/lib/erlang/lib/asn1-5.5/ebin/asn1ct_check.beam
asn1ct_constructed_ber_bin_v2	asn1-5.5	/usr/local/lib/otp-29.0.5/lib/erlang/lib/asn1-5.5/ebin/asn1ct_constructed_ber_bin_v2.beam
asn1ct_constructed_per	asn1-5.5	/usr/local/lib/otp-29.0.5/lib/erlang/lib/asn1-5.5/ebin/asn1ct_constructed_per.beam
asn1ct_eval_ext	asn1-5.5	/usr/local/lib/otp-29.0.5/lib/erlang/lib/asn1-5.5/ebin/asn1ct_eval_ext.beam
asn1ct_func	asn1-5.5	/usr/local/lib/otp-29.0.5/lib/erlang/lib/asn1-5.5/ebin/asn1ct_func.beam
asn1ct_gen	asn1-5.5	/usr/local/lib/otp-29.0.5/lib/erlang/lib/asn1-5.5/ebin/asn1ct_gen.beam
asn1ct_gen_ber_bin_v2	asn1-5.5	/usr/local/lib/otp-29.0.5/lib/erlang/lib/asn1-5.5/ebin/asn1ct_gen_ber_bin_v2.beam
asn1ct_gen_check	asn1-5.5	/usr/local/lib/otp-29.0.5/lib/erlang/lib/asn1-5.5/ebin/asn1ct_gen_check.beam
asn1ct_gen_jer	asn1-5.5	/usr/local/lib/otp-29.0.5/lib/erlang/lib/asn1-5.5/ebin/asn1ct_gen_jer.beam
asn1ct_gen_per	asn1-5.5	/usr/local/lib/otp-29.0.5/lib/erlang/lib/asn1-5.5/ebin/asn1ct_gen_per.beam
asn1ct_imm	asn1-5.5	/usr/local/lib/otp-29.0.5/lib/erlang/lib/asn1-5.5/ebin/asn1ct_imm.beam
asn1ct_name	asn1-5.5	/usr/local/lib/otp-29.0.5/lib/erlang/lib/asn1-5.5/ebin/asn1ct_name.beam
asn1ct_parser2	asn1-5.5	/usr/local/lib/otp-29.0.5/lib/erlang/lib/asn1-5.5/ebin/asn1ct_parser2.beam
asn1ct_partial_decode	asn1-5.5	/usr/local/lib/otp-29.0.5/lib/erlang/lib/asn1-5.5/ebin/asn1ct_partial_decode.beam
asn1ct_pretty_format	asn1-5.5	/usr/local/lib/otp-29.0.5/lib/erlang/lib/asn1-5.5/ebin/asn1ct_pretty_format.beam
asn1ct_rtt	asn1-5.5	/usr/local/lib/otp-29.0.5/lib/erlang/lib/asn1-5.5/ebin/asn1ct_rtt.beam
asn1ct_table	asn1-5.5	/usr/local/lib/otp-29.0.5/lib/erlang/lib/asn1-5.5/ebin/asn1ct_table.beam
asn1ct_tok	asn1-5.5	/usr/local/lib/otp-29.0.5/lib/erlang/lib/asn1-5.5/ebin/asn1ct_tok.beam
asn1ct_value	asn1-5.5	/usr/local/lib/otp-29.0.5/lib/erlang/lib/asn1-5.5/ebin/asn1ct_value.beam
asn1rt_nif	asn1-5.5	/usr/local/lib/otp-29.0.5/lib/erlang/lib/asn1-5.5/ebin/asn1rt_nif.beam
atomics	erts-17.0.5	/usr/local/lib/otp-29.0.5/lib/erlang/lib/erts-17.0.5/ebin/atomics.beam
auth	kernel-11.0.3	/usr/local/lib/otp-29.0.5/lib/erlang/lib/kernel-11.0.3/ebin/auth.beam
base64	stdlib-8.0.3	/usr/local/lib/otp-29.0.5/lib/erlang/lib/stdlib-8.0.3/ebin/base64.beam
beam_a	compiler-10.0.3	/usr/local/lib/otp-29.0.5/lib/erlang/lib/compiler-10.0.3/ebin/beam_a.beam
beam_asm	compiler-10.0.3	/usr/local/lib/otp-29.0.5/lib/erlang/lib/compiler-10.0.3/ebin/beam_asm.beam
beam_block	compiler-10.0.3	/usr/local/lib/otp-29.0.5/lib/erlang/lib/compiler-10.0.3/ebin/beam_block.beam
beam_bounds	compiler-10.0.3	/usr/local/lib/otp-29.0.5/lib/erlang/lib/compiler-10.0.3/ebin/beam_bounds.beam
beam_call_types	compiler-10.0.3	/usr/local/lib/otp-29.0.5/lib/erlang/lib/compiler-10.0.3/ebin/beam_call_types.beam
beam_clean	compiler-10.0.3	/usr/local/lib/otp-29.0.5/lib/erlang/lib/compiler-10.0.3/ebin/beam_clean.beam
beam_core_to_ssa	compiler-10.0.3	/usr/local/lib/otp-29.0.5/lib/erlang/lib/compiler-10.0.3/ebin/beam_core_to_ssa.beam
beam_dict	compiler-10.0.3	/usr/local/lib/otp-29.0.5/lib/erlang/lib/compiler-10.0.3/ebin/beam_dict.beam
beam_disasm	compiler-10.0.3	/usr/local/lib/otp-29.0.5/lib/erlang/lib/compiler-10.0.3/ebin/beam_disasm.beam
beam_doc	compiler-10.0.3	/usr/local/lib/otp-29.0.5/lib/erlang/lib/compiler-10.0.3/ebin/beam_doc.beam
beam_flatten	compiler-10.0.3	/usr/local/lib/otp-29.0.5/lib/erlang/lib/compiler-10.0.3/ebin/beam_flatten.beam
beam_jump	compiler-10.0.3	/usr/local/lib/otp-29.0.5/lib/erlang/lib/compiler-10.0.3/ebin/beam_jump.beam
beam_lib	stdlib-8.0.3	/usr/local/lib/otp-29.0.5/lib/erlang/lib/stdlib-8.0.3/ebin/beam_lib.beam
beam_listing	compiler-10.0.3	/usr/local/lib/otp-29.0.5/lib/erlang/lib/compiler-10.0.3/ebin/beam_listing.beam
beam_opcodes	compiler-10.0.3	/usr/local/lib/otp-29.0.5/lib/erlang/lib/compiler-10.0.3/ebin/beam_opcodes.beam
beam_ssa	compiler-10.0.3	/usr/local/lib/otp-29.0.5/lib/erlang/lib/compiler-10.0.3/ebin/beam_ssa.beam
beam_ssa_alias	compiler-10.0.3	/usr/local/lib/otp-29.0.5/lib/erlang/lib/compiler-10.0.3/ebin/beam_ssa_alias.beam
beam_ssa_bc_size	compiler-10.0.3	/usr/local/lib/otp-29.0.5/lib/erlang/lib/compiler-10.0.3/ebin/beam_ssa_bc_size.beam
beam_ssa_bool	compiler-10.0.3	/usr/local/lib/otp-29.0.5/lib/erlang/lib/compiler-10.0.3/ebin/beam_ssa_bool.beam
beam_ssa_bsm	compiler-10.0.3	/usr/local/lib/otp-29.0.5/lib/erlang/lib/compiler-10.0.3/ebin/beam_ssa_bsm.beam
beam_ssa_check	compiler-10.0.3	/usr/local/lib/otp-29.0.5/lib/erlang/lib/compiler-10.0.3/ebin/beam_ssa_check.beam
beam_ssa_codegen	compiler-10.0.3	/usr/local/lib/otp-29.0.5/lib/erlang/lib/compiler-10.0.3/ebin/beam_ssa_codegen.beam
beam_ssa_dead	compiler-10.0.3	/usr/local/lib/otp-29.0.5/lib/erlang/lib/compiler-10.0.3/ebin/beam_ssa_dead.beam
beam_ssa_destructive_update	compiler-10.0.3	/usr/local/lib/otp-29.0.5/lib/erlang/lib/compiler-10.0.3/ebin/beam_ssa_destructive_update.beam
beam_ssa_lint	compiler-10.0.3	/usr/local/lib/otp-29.0.5/lib/erlang/lib/compiler-10.0.3/ebin/beam_ssa_lint.beam
beam_ssa_opt	compiler-10.0.3	/usr/local/lib/otp-29.0.5/lib/erlang/lib/compiler-10.0.3/ebin/beam_ssa_opt.beam
beam_ssa_pp	compiler-10.0.3	/usr/local/lib/otp-29.0.5/lib/erlang/lib/compiler-10.0.3/ebin/beam_ssa_pp.beam
beam_ssa_pre_codegen	compiler-10.0.3	/usr/local/lib/otp-29.0.5/lib/erlang/lib/compiler-10.0.3/ebin/beam_ssa_pre_codegen.beam
beam_ssa_recv	compiler-10.0.3	/usr/local/lib/otp-29.0.5/lib/erlang/lib/compiler-10.0.3/ebin/beam_ssa_recv.beam
beam_ssa_share	compiler-10.0.3	/usr/local/lib/otp-29.0.5/lib/erlang/lib/compiler-10.0.3/ebin/beam_ssa_share.beam
beam_ssa_ss	compiler-10.0.3	/usr/local/lib/otp-29.0.5/lib/erlang/lib/compiler-10.0.3/ebin/beam_ssa_ss.beam
beam_ssa_throw	compiler-10.0.3	/usr/local/lib/otp-29.0.5/lib/erlang/lib/compiler-10.0.3/ebin/beam_ssa_throw.beam
beam_ssa_type	compiler-10.0.3	/usr/local/lib/otp-29.0.5/lib/erlang/lib/compiler-10.0.3/ebin/beam_ssa_type.beam
beam_trim	compiler-10.0.3	/usr/local/lib/otp-29.0.5/lib/erlang/lib/compiler-10.0.3/ebin/beam_trim.beam
beam_types	compiler-10.0.3	/usr/local/lib/otp-29.0.5/lib/erlang/lib/compiler-10.0.3/ebin/beam_types.beam
beam_utils	compiler-10.0.3	/usr/local/lib/otp-29.0.5/lib/erlang/lib/compiler-10.0.3/ebin/beam_utils.beam
beam_validator	compiler-10.0.3	/usr/local/lib/otp-29.0.5/lib/erlang/lib/compiler-10.0.3/ebin/beam_validator.beam
beam_z	compiler-10.0.3	/usr/local/lib/otp-29.0.5/lib/erlang/lib/compiler-10.0.3/ebin/beam_z.beam
binary	stdlib-8.0.3	/usr/local/lib/otp-29.0.5/lib/erlang/lib/stdlib-8.0.3/ebin/binary.beam
c	stdlib-8.0.3	/usr/local/lib/otp-29.0.5/lib/erlang/lib/stdlib-8.0.3/ebin/c.beam
calendar	stdlib-8.0.3	/usr/local/lib/otp-29.0.5/lib/erlang/lib/stdlib-8.0.3/ebin/calendar.beam
cdv_atom_cb	observer-2.19	/usr/local/lib/otp-29.0.5/lib/erlang/lib/observer-2.19/ebin/cdv_atom_cb.beam
cdv_bin_cb	observer-2.19	/usr/local/lib/otp-29.0.5/lib/erlang/lib/observer-2.19/ebin/cdv_bin_cb.beam
cdv_detail_wx	observer-2.19	/usr/local/lib/otp-29.0.5/lib/erlang/lib/observer-2.19/ebin/cdv_detail_wx.beam
cdv_dist_cb	observer-2.19	/usr/local/lib/otp-29.0.5/lib/erlang/lib/observer-2.19/ebin/cdv_dist_cb.beam
cdv_ets_cb	observer-2.19	/usr/local/lib/otp-29.0.5/lib/erlang/lib/observer-2.19/ebin/cdv_ets_cb.beam
cdv_fun_cb	observer-2.19	/usr/local/lib/otp-29.0.5/lib/erlang/lib/observer-2.19/ebin/cdv_fun_cb.beam
cdv_gen_cb	observer-2.19	/usr/local/lib/otp-29.0.5/lib/erlang/lib/observer-2.19/ebin/cdv_gen_cb.beam
cdv_html_wx	observer-2.19	/usr/local/lib/otp-29.0.5/lib/erlang/lib/observer-2.19/ebin/cdv_html_wx.beam
cdv_info_wx	observer-2.19	/usr/local/lib/otp-29.0.5/lib/erlang/lib/observer-2.19/ebin/cdv_info_wx.beam
cdv_int_tab_cb	observer-2.19	/usr/local/lib/otp-29.0.5/lib/erlang/lib/observer-2.19/ebin/cdv_int_tab_cb.beam
cdv_mem_cb	observer-2.19	/usr/local/lib/otp-29.0.5/lib/erlang/lib/observer-2.19/ebin/cdv_mem_cb.beam
cdv_mod_cb	observer-2.19	/usr/local/lib/otp-29.0.5/lib/erlang/lib/observer-2.19/ebin/cdv_mod_cb.beam
cdv_multi_wx	observer-2.19	/usr/local/lib/otp-29.0.5/lib/erlang/lib/observer-2.19/ebin/cdv_multi_wx.beam
cdv_persistent_cb	observer-2.19	/usr/local/lib/otp-29.0.5/lib/erlang/lib/observer-2.19/ebin/cdv_persistent_cb.beam
cdv_port_cb	observer-2.19	/usr/local/lib/otp-29.0.5/lib/erlang/lib/observer-2.19/ebin/cdv_port_cb.beam
cdv_proc_cb	observer-2.19	/usr/local/lib/otp-29.0.5/lib/erlang/lib/observer-2.19/ebin/cdv_proc_cb.beam
cdv_sched_cb	observer-2.19	/usr/local/lib/otp-29.0.5/lib/erlang/lib/observer-2.19/ebin/cdv_sched_cb.beam
cdv_table_wx	observer-2.19	/usr/local/lib/otp-29.0.5/lib/erlang/lib/observer-2.19/ebin/cdv_table_wx.beam
cdv_term_cb	observer-2.19	/usr/local/lib/otp-29.0.5/lib/erlang/lib/observer-2.19/ebin/cdv_term_cb.beam
cdv_timer_cb	observer-2.19	/usr/local/lib/otp-29.0.5/lib/erlang/lib/observer-2.19/ebin/cdv_timer_cb.beam
cdv_virtual_list_wx	observer-2.19	/usr/local/lib/otp-29.0.5/lib/erlang/lib/observer-2.19/ebin/cdv_virtual_list_wx.beam
cdv_wx	observer-2.19	/usr/local/lib/otp-29.0.5/lib/erlang/lib/observer-2.19/ebin/cdv_wx.beam
cerl	compiler-10.0.3	/usr/local/lib/otp-29.0.5/lib/erlang/lib/compiler-10.0.3/ebin/cerl.beam
cerl_clauses	compiler-10.0.3	/usr/local/lib/otp-29.0.5/lib/erlang/lib/compiler-10.0.3/ebin/cerl_clauses.beam
cerl_inline	compiler-10.0.3	/usr/local/lib/otp-29.0.5/lib/erlang/lib/compiler-10.0.3/ebin/cerl_inline.beam
cerl_prettypr	dialyzer-6.0.2	/usr/local/lib/otp-29.0.5/lib/erlang/lib/dialyzer-6.0.2/ebin/cerl_prettypr.beam
cerl_trees	compiler-10.0.3	/usr/local/lib/otp-29.0.5/lib/erlang/lib/compiler-10.0.3/ebin/cerl_trees.beam
code	kernel-11.0.3	/usr/local/lib/otp-29.0.5/lib/erlang/lib/kernel-11.0.3/ebin/code.beam
code_server	kernel-11.0.3	/usr/local/lib/otp-29.0.5/lib/erlang/lib/kernel-11.0.3/ebin/code_server.beam
compile	compiler-10.0.3	/usr/local/lib/otp-29.0.5/lib/erlang/lib/compiler-10.0.3/ebin/compile.beam
core_lib	compiler-10.0.3	/usr/local/lib/otp-29.0.5/lib/erlang/lib/compiler-10.0.3/ebin/core_lib.beam
core_lint	compiler-10.0.3	/usr/local/lib/otp-29.0.5/lib/erlang/lib/compiler-10.0.3/ebin/core_lint.beam
core_parse	compiler-10.0.3	/usr/local/lib/otp-29.0.5/lib/erlang/lib/compiler-10.0.3/ebin/core_parse.beam
core_pp	compiler-10.0.3	/usr/local/lib/otp-29.0.5/lib/erlang/lib/compiler-10.0.3/ebin/core_pp.beam
core_scan	compiler-10.0.3	/usr/local/lib/otp-29.0.5/lib/erlang/lib/compiler-10.0.3/ebin/core_scan.beam
counters	erts-17.0.5	/usr/local/lib/otp-29.0.5/lib/erlang/lib/erts-17.0.5/ebin/counters.beam
cover	tools-4.2.1	/usr/local/lib/otp-29.0.5/lib/erlang/lib/tools-4.2.1/ebin/cover.beam
cprof	tools-4.2.1	/usr/local/lib/otp-29.0.5/lib/erlang/lib/tools-4.2.1/ebin/cprof.beam
cpu_sup	os_mon-2.12	/usr/local/lib/otp-29.0.5/lib/erlang/lib/os_mon-2.12/ebin/cpu_sup.beam
crashdump	tools-4.2.1	/usr/local/lib/otp-29.0.5/lib/erlang/lib/tools-4.2.1/ebin/crashdump.beam
crashdump_viewer	observer-2.19	/usr/local/lib/otp-29.0.5/lib/erlang/lib/observer-2.19/ebin/crashdump_viewer.beam
crypto	crypto-5.9.2	/usr/local/lib/otp-29.0.5/lib/erlang/lib/crypto-5.9.2/ebin/crypto.beam
crypto_ec_curves	crypto-5.9.2	/usr/local/lib/otp-29.0.5/lib/erlang/lib/crypto-5.9.2/ebin/crypto_ec_curves.beam
ct	common_test-1.31.1	/usr/local/lib/otp-29.0.5/lib/erlang/lib/common_test-1.31.1/ebin/ct.beam
ct_config	common_test-1.31.1	/usr/local/lib/otp-29.0.5/lib/erlang/lib/common_test-1.31.1/ebin/ct_config.beam
ct_config_plain	common_test-1.31.1	/usr/local/lib/otp-29.0.5/lib/erlang/lib/common_test-1.31.1/ebin/ct_config_plain.beam
ct_config_xml	common_test-1.31.1	/usr/local/lib/otp-29.0.5/lib/erlang/lib/common_test-1.31.1/ebin/ct_config_xml.beam
ct_conn_log_h	common_test-1.31.1	/usr/local/lib/otp-29.0.5/lib/erlang/lib/common_test-1.31.1/ebin/ct_conn_log_h.beam
ct_cover	common_test-1.31.1	/usr/local/lib/otp-29.0.5/lib/erlang/lib/common_test-1.31.1/ebin/ct_cover.beam
ct_default_gl	common_test-1.31.1	/usr/local/lib/otp-29.0.5/lib/erlang/lib/common_test-1.31.1/ebin/ct_default_gl.beam
ct_doctest	common_test-1.31.1	/usr/local/lib/otp-29.0.5/lib/erlang/lib/common_test-1.31.1/ebin/ct_doctest.beam
ct_event	common_test-1.31.1	/usr/local/lib/otp-29.0.5/lib/erlang/lib/common_test-1.31.1/ebin/ct_event.beam
ct_framework	common_test-1.31.1	/usr/local/lib/otp-29.0.5/lib/erlang/lib/common_test-1.31.1/ebin/ct_framework.beam
ct_ftp	common_test-1.31.1	/usr/local/lib/otp-29.0.5/lib/erlang/lib/common_test-1.31.1/ebin/ct_ftp.beam
ct_gen_conn	common_test-1.31.1	/usr/local/lib/otp-29.0.5/lib/erlang/lib/common_test-1.31.1/ebin/ct_gen_conn.beam
ct_groups	common_test-1.31.1	/usr/local/lib/otp-29.0.5/lib/erlang/lib/common_test-1.31.1/ebin/ct_groups.beam
ct_hooks	common_test-1.31.1	/usr/local/lib/otp-29.0.5/lib/erlang/lib/common_test-1.31.1/ebin/ct_hooks.beam
ct_hooks_lock	common_test-1.31.1	/usr/local/lib/otp-29.0.5/lib/erlang/lib/common_test-1.31.1/ebin/ct_hooks_lock.beam
ct_logs	common_test-1.31.1	/usr/local/lib/otp-29.0.5/lib/erlang/lib/common_test-1.31.1/ebin/ct_logs.beam
ct_make	common_test-1.31.1	/usr/local/lib/otp-29.0.5/lib/erlang/lib/common_test-1.31.1/ebin/ct_make.beam
ct_master	common_test-1.31.1	/usr/local/lib/otp-29.0.5/lib/erlang/lib/common_test-1.31.1/ebin/ct_master.beam
ct_master_event	common_test-1.31.1	/usr/local/lib/otp-29.0.5/lib/erlang/lib/common_test-1.31.1/ebin/ct_master_event.beam
ct_master_logs	common_test-1.31.1	/usr/local/lib/otp-29.0.5/lib/erlang/lib/common_test-1.31.1/ebin/ct_master_logs.beam
ct_master_status	common_test-1.31.1	/usr/local/lib/otp-29.0.5/lib/erlang/lib/common_test-1.31.1/ebin/ct_master_status.beam
ct_netconfc	common_test-1.31.1	/usr/local/lib/otp-29.0.5/lib/erlang/lib/common_test-1.31.1/ebin/ct_netconfc.beam
ct_property_test	common_test-1.31.1	/usr/local/lib/otp-29.0.5/lib/erlang/lib/common_test-1.31.1/ebin/ct_property_test.beam
ct_release_test	common_test-1.31.1	/usr/local/lib/otp-29.0.5/lib/erlang/lib/common_test-1.31.1/ebin/ct_release_test.beam
ct_repeat	common_test-1.31.1	/usr/local/lib/otp-29.0.5/lib/erlang/lib/common_test-1.31.1/ebin/ct_repeat.beam
ct_rpc	common_test-1.31.1	/usr/local/lib/otp-29.0.5/lib/erlang/lib/common_test-1.31.1/ebin/ct_rpc.beam
ct_run	common_test-1.31.1	/usr/local/lib/otp-29.0.5/lib/erlang/lib/common_test-1.31.1/ebin/ct_run.beam
ct_slave	common_test-1.31.1	/usr/local/lib/otp-29.0.5/lib/erlang/lib/common_test-1.31.1/ebin/ct_slave.beam
ct_snmp	common_test-1.31.1	/usr/local/lib/otp-29.0.5/lib/erlang/lib/common_test-1.31.1/ebin/ct_snmp.beam
ct_ssh	common_test-1.31.1	/usr/local/lib/otp-29.0.5/lib/erlang/lib/common_test-1.31.1/ebin/ct_ssh.beam
ct_suite	common_test-1.31.1	/usr/local/lib/otp-29.0.5/lib/erlang/lib/common_test-1.31.1/ebin/ct_suite.beam
ct_telnet	common_test-1.31.1	/usr/local/lib/otp-29.0.5/lib/erlang/lib/common_test-1.31.1/ebin/ct_telnet.beam
ct_telnet_client	common_test-1.31.1	/usr/local/lib/otp-29.0.5/lib/erlang/lib/common_test-1.31.1/ebin/ct_telnet_client.beam
ct_testspec	common_test-1.31.1	/usr/local/lib/otp-29.0.5/lib/erlang/lib/common_test-1.31.1/ebin/ct_testspec.beam
ct_util	common_test-1.31.1	/usr/local/lib/otp-29.0.5/lib/erlang/lib/common_test-1.31.1/ebin/ct_util.beam
cte_track	common_test-1.31.1	/usr/local/lib/otp-29.0.5/lib/erlang/lib/common_test-1.31.1/ebin/cte_track.beam
cth_conn_log	common_test-1.31.1	/usr/local/lib/otp-29.0.5/lib/erlang/lib/common_test-1.31.1/ebin/cth_conn_log.beam
cth_log_redirect	common_test-1.31.1	/usr/local/lib/otp-29.0.5/lib/erlang/lib/common_test-1.31.1/ebin/cth_log_redirect.beam
cth_surefire	common_test-1.31.1	/usr/local/lib/otp-29.0.5/lib/erlang/lib/common_test-1.31.1/ebin/cth_surefire.beam
data_publisher	kernel-11.0.3	/usr/local/lib/otp-29.0.5/lib/erlang/lib/kernel-11.0.3/ebin/data_publisher.beam
dbg	runtime_tools-2.4	/usr/local/lib/otp-29.0.5/lib/erlang/lib/runtime_tools-2.4/ebin/dbg.beam
dbg_debugged	debugger-7.0	/usr/local/lib/otp-29.0.5/lib/erlang/lib/debugger-7.0/ebin/dbg_debugged.beam
dbg_icmd	debugger-7.0	/usr/local/lib/otp-29.0.5/lib/erlang/lib/debugger-7.0/ebin/dbg_icmd.beam
dbg_idb	debugger-7.0	/usr/local/lib/otp-29.0.5/lib/erlang/lib/debugger-7.0/ebin/dbg_idb.beam
dbg_ieval	debugger-7.0	/usr/local/lib/otp-29.0.5/lib/erlang/lib/debugger-7.0/ebin/dbg_ieval.beam
dbg_iload	debugger-7.0	/usr/local/lib/otp-29.0.5/lib/erlang/lib/debugger-7.0/ebin/dbg_iload.beam
dbg_iserver	debugger-7.0	/usr/local/lib/otp-29.0.5/lib/erlang/lib/debugger-7.0/ebin/dbg_iserver.beam
dbg_istk	debugger-7.0	/usr/local/lib/otp-29.0.5/lib/erlang/lib/debugger-7.0/ebin/dbg_istk.beam
dbg_wx_break	debugger-7.0	/usr/local/lib/otp-29.0.5/lib/erlang/lib/debugger-7.0/ebin/dbg_wx_break.beam
dbg_wx_break_win	debugger-7.0	/usr/local/lib/otp-29.0.5/lib/erlang/lib/debugger-7.0/ebin/dbg_wx_break_win.beam
dbg_wx_code	debugger-7.0	/usr/local/lib/otp-29.0.5/lib/erlang/lib/debugger-7.0/ebin/dbg_wx_code.beam
dbg_wx_filedialog_win	debugger-7.0	/usr/local/lib/otp-29.0.5/lib/erlang/lib/debugger-7.0/ebin/dbg_wx_filedialog_win.beam
dbg_wx_interpret	debugger-7.0	/usr/local/lib/otp-29.0.5/lib/erlang/lib/debugger-7.0/ebin/dbg_wx_interpret.beam
dbg_wx_mon	debugger-7.0	/usr/local/lib/otp-29.0.5/lib/erlang/lib/debugger-7.0/ebin/dbg_wx_mon.beam
dbg_wx_mon_win	debugger-7.0	/usr/local/lib/otp-29.0.5/lib/erlang/lib/debugger-7.0/ebin/dbg_wx_mon_win.beam
dbg_wx_settings	debugger-7.0	/usr/local/lib/otp-29.0.5/lib/erlang/lib/debugger-7.0/ebin/dbg_wx_settings.beam
dbg_wx_src_view	debugger-7.0	/usr/local/lib/otp-29.0.5/lib/erlang/lib/debugger-7.0/ebin/dbg_wx_src_view.beam
dbg_wx_trace	debugger-7.0	/usr/local/lib/otp-29.0.5/lib/erlang/lib/debugger-7.0/ebin/dbg_wx_trace.beam
dbg_wx_trace_win	debugger-7.0	/usr/local/lib/otp-29.0.5/lib/erlang/lib/debugger-7.0/ebin/dbg_wx_trace_win.beam
dbg_wx_view	debugger-7.0	/usr/local/lib/otp-29.0.5/lib/erlang/lib/debugger-7.0/ebin/dbg_wx_view.beam
dbg_wx_win	debugger-7.0	/usr/local/lib/otp-29.0.5/lib/erlang/lib/debugger-7.0/ebin/dbg_wx_win.beam
dbg_wx_winman	debugger-7.0	/usr/local/lib/otp-29.0.5/lib/erlang/lib/debugger-7.0/ebin/dbg_wx_winman.beam
debugger	debugger-7.0	/usr/local/lib/otp-29.0.5/lib/erlang/lib/debugger-7.0/ebin/debugger.beam
dets	stdlib-8.0.3	/usr/local/lib/otp-29.0.5/lib/erlang/lib/stdlib-8.0.3/ebin/dets.beam
dets_server	stdlib-8.0.3	/usr/local/lib/otp-29.0.5/lib/erlang/lib/stdlib-8.0.3/ebin/dets_server.beam
dets_sup	stdlib-8.0.3	/usr/local/lib/otp-29.0.5/lib/erlang/lib/stdlib-8.0.3/ebin/dets_sup.beam
dets_utils	stdlib-8.0.3	/usr/local/lib/otp-29.0.5/lib/erlang/lib/stdlib-8.0.3/ebin/dets_utils.beam
dets_v9	stdlib-8.0.3	/usr/local/lib/otp-29.0.5/lib/erlang/lib/stdlib-8.0.3/ebin/dets_v9.beam
dialyzer	dialyzer-6.0.2	/usr/local/lib/otp-29.0.5/lib/erlang/lib/dialyzer-6.0.2/ebin/dialyzer.beam
dialyzer_analysis_callgraph	dialyzer-6.0.2	/usr/local/lib/otp-29.0.5/lib/erlang/lib/dialyzer-6.0.2/ebin/dialyzer_analysis_callgraph.beam
dialyzer_behaviours	dialyzer-6.0.2	/usr/local/lib/otp-29.0.5/lib/erlang/lib/dialyzer-6.0.2/ebin/dialyzer_behaviours.beam
dialyzer_callgraph	dialyzer-6.0.2	/usr/local/lib/otp-29.0.5/lib/erlang/lib/dialyzer-6.0.2/ebin/dialyzer_callgraph.beam
dialyzer_cl	dialyzer-6.0.2	/usr/local/lib/otp-29.0.5/lib/erlang/lib/dialyzer-6.0.2/ebin/dialyzer_cl.beam
dialyzer_cl_parse	dialyzer-6.0.2	/usr/local/lib/otp-29.0.5/lib/erlang/lib/dialyzer-6.0.2/ebin/dialyzer_cl_parse.beam
dialyzer_clean_core	dialyzer-6.0.2	/usr/local/lib/otp-29.0.5/lib/erlang/lib/dialyzer-6.0.2/ebin/dialyzer_clean_core.beam
dialyzer_codeserver	dialyzer-6.0.2	/usr/local/lib/otp-29.0.5/lib/erlang/lib/dialyzer-6.0.2/ebin/dialyzer_codeserver.beam
dialyzer_contracts	dialyzer-6.0.2	/usr/local/lib/otp-29.0.5/lib/erlang/lib/dialyzer-6.0.2/ebin/dialyzer_contracts.beam
dialyzer_coordinator	dialyzer-6.0.2	/usr/local/lib/otp-29.0.5/lib/erlang/lib/dialyzer-6.0.2/ebin/dialyzer_coordinator.beam
dialyzer_cplt	dialyzer-6.0.2	/usr/local/lib/otp-29.0.5/lib/erlang/lib/dialyzer-6.0.2/ebin/dialyzer_cplt.beam
dialyzer_dataflow	dialyzer-6.0.2	/usr/local/lib/otp-29.0.5/lib/erlang/lib/dialyzer-6.0.2/ebin/dialyzer_dataflow.beam
dialyzer_dep	dialyzer-6.0.2	/usr/local/lib/otp-29.0.5/lib/erlang/lib/dialyzer-6.0.2/ebin/dialyzer_dep.beam
dialyzer_dot	dialyzer-6.0.2	/usr/local/lib/otp-29.0.5/lib/erlang/lib/dialyzer-6.0.2/ebin/dialyzer_dot.beam
dialyzer_incremental	dialyzer-6.0.2	/usr/local/lib/otp-29.0.5/lib/erlang/lib/dialyzer-6.0.2/ebin/dialyzer_incremental.beam
dialyzer_iplt	dialyzer-6.0.2	/usr/local/lib/otp-29.0.5/lib/erlang/lib/dialyzer-6.0.2/ebin/dialyzer_iplt.beam
dialyzer_options	dialyzer-6.0.2	/usr/local/lib/otp-29.0.5/lib/erlang/lib/dialyzer-6.0.2/ebin/dialyzer_options.beam
dialyzer_plt	dialyzer-6.0.2	/usr/local/lib/otp-29.0.5/lib/erlang/lib/dialyzer-6.0.2/ebin/dialyzer_plt.beam
dialyzer_succ_typings	dialyzer-6.0.2	/usr/local/lib/otp-29.0.5/lib/erlang/lib/dialyzer-6.0.2/ebin/dialyzer_succ_typings.beam
dialyzer_timing	dialyzer-6.0.2	/usr/local/lib/otp-29.0.5/lib/erlang/lib/dialyzer-6.0.2/ebin/dialyzer_timing.beam
dialyzer_typegraph	dialyzer-6.0.2	/usr/local/lib/otp-29.0.5/lib/erlang/lib/dialyzer-6.0.2/ebin/dialyzer_typegraph.beam
dialyzer_typesig	dialyzer-6.0.2	/usr/local/lib/otp-29.0.5/lib/erlang/lib/dialyzer-6.0.2/ebin/dialyzer_typesig.beam
dialyzer_utils	dialyzer-6.0.2	/usr/local/lib/otp-29.0.5/lib/erlang/lib/dialyzer-6.0.2/ebin/dialyzer_utils.beam
dialyzer_worker	dialyzer-6.0.2	/usr/local/lib/otp-29.0.5/lib/erlang/lib/dialyzer-6.0.2/ebin/dialyzer_worker.beam
diameter	diameter-2.7.2	/usr/local/lib/otp-29.0.5/lib/erlang/lib/diameter-2.7.2/ebin/diameter.beam
diameter_app	diameter-2.7.2	/usr/local/lib/otp-29.0.5/lib/erlang/lib/diameter-2.7.2/ebin/diameter_app.beam
diameter_callback	diameter-2.7.2	/usr/local/lib/otp-29.0.5/lib/erlang/lib/diameter-2.7.2/ebin/diameter_callback.beam
diameter_capx	diameter-2.7.2	/usr/local/lib/otp-29.0.5/lib/erlang/lib/diameter-2.7.2/ebin/diameter_capx.beam
diameter_codec	diameter-2.7.2	/usr/local/lib/otp-29.0.5/lib/erlang/lib/diameter-2.7.2/ebin/diameter_codec.beam
diameter_codegen	diameter-2.7.2	/usr/local/lib/otp-29.0.5/lib/erlang/lib/diameter-2.7.2/ebin/diameter_codegen.beam
diameter_config	diameter-2.7.2	/usr/local/lib/otp-29.0.5/lib/erlang/lib/diameter-2.7.2/ebin/diameter_config.beam
diameter_config_sup	diameter-2.7.2	/usr/local/lib/otp-29.0.5/lib/erlang/lib/diameter-2.7.2/ebin/diameter_config_sup.beam
diameter_dbg	diameter-2.7.2	/usr/local/lib/otp-29.0.5/lib/erlang/lib/diameter-2.7.2/ebin/diameter_dbg.beam
diameter_dict_parser	diameter-2.7.2	/usr/local/lib/otp-29.0.5/lib/erlang/lib/diameter-2.7.2/ebin/diameter_dict_parser.beam
diameter_dict_scanner	diameter-2.7.2	/usr/local/lib/otp-29.0.5/lib/erlang/lib/diameter-2.7.2/ebin/diameter_dict_scanner.beam
diameter_dict_util	diameter-2.7.2	/usr/local/lib/otp-29.0.5/lib/erlang/lib/diameter-2.7.2/ebin/diameter_dict_util.beam
diameter_dist	diameter-2.7.2	/usr/local/lib/otp-29.0.5/lib/erlang/lib/diameter-2.7.2/ebin/diameter_dist.beam
diameter_etcp	diameter-2.7.2	/usr/local/lib/otp-29.0.5/lib/erlang/lib/diameter-2.7.2/ebin/diameter_etcp.beam
diameter_etcp_sup	diameter-2.7.2	/usr/local/lib/otp-29.0.5/lib/erlang/lib/diameter-2.7.2/ebin/diameter_etcp_sup.beam
diameter_exprecs	diameter-2.7.2	/usr/local/lib/otp-29.0.5/lib/erlang/lib/diameter-2.7.2/ebin/diameter_exprecs.beam
diameter_gen	diameter-2.7.2	/usr/local/lib/otp-29.0.5/lib/erlang/lib/diameter-2.7.2/ebin/diameter_gen.beam
diameter_gen_acct_rfc6733	diameter-2.7.2	/usr/local/lib/otp-29.0.5/lib/erlang/lib/diameter-2.7.2/ebin/diameter_gen_acct_rfc6733.beam
diameter_gen_base_accounting	diameter-2.7.2	/usr/local/lib/otp-29.0.5/lib/erlang/lib/diameter-2.7.2/ebin/diameter_gen_base_accounting.beam
diameter_gen_base_rfc3588	diameter-2.7.2	/usr/local/lib/otp-29.0.5/lib/erlang/lib/diameter-2.7.2/ebin/diameter_gen_base_rfc3588.beam
diameter_gen_base_rfc6733	diameter-2.7.2	/usr/local/lib/otp-29.0.5/lib/erlang/lib/diameter-2.7.2/ebin/diameter_gen_base_rfc6733.beam
diameter_gen_doic_rfc7683	diameter-2.7.2	/usr/local/lib/otp-29.0.5/lib/erlang/lib/diameter-2.7.2/ebin/diameter_gen_doic_rfc7683.beam
diameter_gen_relay	diameter-2.7.2	/usr/local/lib/otp-29.0.5/lib/erlang/lib/diameter-2.7.2/ebin/diameter_gen_relay.beam
diameter_info	diameter-2.7.2	/usr/local/lib/otp-29.0.5/lib/erlang/lib/diameter-2.7.2/ebin/diameter_info.beam
diameter_lib	diameter-2.7.2	/usr/local/lib/otp-29.0.5/lib/erlang/lib/diameter-2.7.2/ebin/diameter_lib.beam
diameter_make	diameter-2.7.2	/usr/local/lib/otp-29.0.5/lib/erlang/lib/diameter-2.7.2/ebin/diameter_make.beam
diameter_misc_sup	diameter-2.7.2	/usr/local/lib/otp-29.0.5/lib/erlang/lib/diameter-2.7.2/ebin/diameter_misc_sup.beam
diameter_peer	diameter-2.7.2	/usr/local/lib/otp-29.0.5/lib/erlang/lib/diameter-2.7.2/ebin/diameter_peer.beam
diameter_peer_fsm	diameter-2.7.2	/usr/local/lib/otp-29.0.5/lib/erlang/lib/diameter-2.7.2/ebin/diameter_peer_fsm.beam
diameter_peer_fsm_sup	diameter-2.7.2	/usr/local/lib/otp-29.0.5/lib/erlang/lib/diameter-2.7.2/ebin/diameter_peer_fsm_sup.beam
diameter_reg	diameter-2.7.2	/usr/local/lib/otp-29.0.5/lib/erlang/lib/diameter-2.7.2/ebin/diameter_reg.beam
diameter_sctp	diameter-2.7.2	/usr/local/lib/otp-29.0.5/lib/erlang/lib/diameter-2.7.2/ebin/diameter_sctp.beam
diameter_sctp_sup	diameter-2.7.2	/usr/local/lib/otp-29.0.5/lib/erlang/lib/diameter-2.7.2/ebin/diameter_sctp_sup.beam
diameter_service	diameter-2.7.2	/usr/local/lib/otp-29.0.5/lib/erlang/lib/diameter-2.7.2/ebin/diameter_service.beam
diameter_service_sup	diameter-2.7.2	/usr/local/lib/otp-29.0.5/lib/erlang/lib/diameter-2.7.2/ebin/diameter_service_sup.beam
diameter_session	diameter-2.7.2	/usr/local/lib/otp-29.0.5/lib/erlang/lib/diameter-2.7.2/ebin/diameter_session.beam
diameter_stats	diameter-2.7.2	/usr/local/lib/otp-29.0.5/lib/erlang/lib/diameter-2.7.2/ebin/diameter_stats.beam
diameter_sup	diameter-2.7.2	/usr/local/lib/otp-29.0.5/lib/erlang/lib/diameter-2.7.2/ebin/diameter_sup.beam
diameter_sync	diameter-2.7.2	/usr/local/lib/otp-29.0.5/lib/erlang/lib/diameter-2.7.2/ebin/diameter_sync.beam
diameter_tcp	diameter-2.7.2	/usr/local/lib/otp-29.0.5/lib/erlang/lib/diameter-2.7.2/ebin/diameter_tcp.beam
diameter_tcp_sup	diameter-2.7.2	/usr/local/lib/otp-29.0.5/lib/erlang/lib/diameter-2.7.2/ebin/diameter_tcp_sup.beam
diameter_traffic	diameter-2.7.2	/usr/local/lib/otp-29.0.5/lib/erlang/lib/diameter-2.7.2/ebin/diameter_traffic.beam
diameter_transport	diameter-2.7.2	/usr/local/lib/otp-29.0.5/lib/erlang/lib/diameter-2.7.2/ebin/diameter_transport.beam
diameter_transport_sup	diameter-2.7.2	/usr/local/lib/otp-29.0.5/lib/erlang/lib/diameter-2.7.2/ebin/diameter_transport_sup.beam
diameter_types	diameter-2.7.2	/usr/local/lib/otp-29.0.5/lib/erlang/lib/diameter-2.7.2/ebin/diameter_types.beam
diameter_watchdog	diameter-2.7.2	/usr/local/lib/otp-29.0.5/lib/erlang/lib/diameter-2.7.2/ebin/diameter_watchdog.beam
diameter_watchdog_sup	diameter-2.7.2	/usr/local/lib/otp-29.0.5/lib/erlang/lib/diameter-2.7.2/ebin/diameter_watchdog_sup.beam
dict	stdlib-8.0.3	/usr/local/lib/otp-29.0.5/lib/erlang/lib/stdlib-8.0.3/ebin/dict.beam
digraph	stdlib-8.0.3	/usr/local/lib/otp-29.0.5/lib/erlang/lib/stdlib-8.0.3/ebin/digraph.beam
digraph_utils	stdlib-8.0.3	/usr/local/lib/otp-29.0.5/lib/erlang/lib/stdlib-8.0.3/ebin/digraph_utils.beam
disk_log	kernel-11.0.3	/usr/local/lib/otp-29.0.5/lib/erlang/lib/kernel-11.0.3/ebin/disk_log.beam
disk_log_1	kernel-11.0.3	/usr/local/lib/otp-29.0.5/lib/erlang/lib/kernel-11.0.3/ebin/disk_log_1.beam
disk_log_server	kernel-11.0.3	/usr/local/lib/otp-29.0.5/lib/erlang/lib/kernel-11.0.3/ebin/disk_log_server.beam
disk_log_sup	kernel-11.0.3	/usr/local/lib/otp-29.0.5/lib/erlang/lib/kernel-11.0.3/ebin/disk_log_sup.beam
disksup	os_mon-2.12	/usr/local/lib/otp-29.0.5/lib/erlang/lib/os_mon-2.12/ebin/disksup.beam
dist_ac	kernel-11.0.3	/usr/local/lib/otp-29.0.5/lib/erlang/lib/kernel-11.0.3/ebin/dist_ac.beam
dist_util	kernel-11.0.3	/usr/local/lib/otp-29.0.5/lib/erlang/lib/kernel-11.0.3/ebin/dist_util.beam
dtls_client_connection	ssl-11.7.4	/usr/local/lib/otp-29.0.5/lib/erlang/lib/ssl-11.7.4/ebin/dtls_client_connection.beam
dtls_connection_sup	ssl-11.7.4	/usr/local/lib/otp-29.0.5/lib/erlang/lib/ssl-11.7.4/ebin/dtls_connection_sup.beam
dtls_gen_connection	ssl-11.7.4	/usr/local/lib/otp-29.0.5/lib/erlang/lib/ssl-11.7.4/ebin/dtls_gen_connection.beam
dtls_handshake	ssl-11.7.4	/usr/local/lib/otp-29.0.5/lib/erlang/lib/ssl-11.7.4/ebin/dtls_handshake.beam
dtls_listener_sup	ssl-11.7.4	/usr/local/lib/otp-29.0.5/lib/erlang/lib/ssl-11.7.4/ebin/dtls_listener_sup.beam
dtls_packet_demux	ssl-11.7.4	/usr/local/lib/otp-29.0.5/lib/erlang/lib/ssl-11.7.4/ebin/dtls_packet_demux.beam
dtls_record	ssl-11.7.4	/usr/local/lib/otp-29.0.5/lib/erlang/lib/ssl-11.7.4/ebin/dtls_record.beam
dtls_server_connection	ssl-11.7.4	/usr/local/lib/otp-29.0.5/lib/erlang/lib/ssl-11.7.4/ebin/dtls_server_connection.beam
dtls_server_session_cache_sup	ssl-11.7.4	/usr/local/lib/otp-29.0.5/lib/erlang/lib/ssl-11.7.4/ebin/dtls_server_session_cache_sup.beam
dtls_server_sup	ssl-11.7.4	/usr/local/lib/otp-29.0.5/lib/erlang/lib/ssl-11.7.4/ebin/dtls_server_sup.beam
dtls_socket	ssl-11.7.4	/usr/local/lib/otp-29.0.5/lib/erlang/lib/ssl-11.7.4/ebin/dtls_socket.beam
dtls_sup	ssl-11.7.4	/usr/local/lib/otp-29.0.5/lib/erlang/lib/ssl-11.7.4/ebin/dtls_sup.beam
dtls_v1	ssl-11.7.4	/usr/local/lib/otp-29.0.5/lib/erlang/lib/ssl-11.7.4/ebin/dtls_v1.beam
dyntrace	runtime_tools-2.4	/usr/local/lib/otp-29.0.5/lib/erlang/lib/runtime_tools-2.4/ebin/dyntrace.beam
edlin	stdlib-8.0.3	/usr/local/lib/otp-29.0.5/lib/erlang/lib/stdlib-8.0.3/ebin/edlin.beam
edlin_context	stdlib-8.0.3	/usr/local/lib/otp-29.0.5/lib/erlang/lib/stdlib-8.0.3/ebin/edlin_context.beam
edlin_expand	stdlib-8.0.3	/usr/local/lib/otp-29.0.5/lib/erlang/lib/stdlib-8.0.3/ebin/edlin_expand.beam
edlin_key	stdlib-8.0.3	/usr/local/lib/otp-29.0.5/lib/erlang/lib/stdlib-8.0.3/ebin/edlin_key.beam
edlin_type_suggestion	stdlib-8.0.3	/usr/local/lib/otp-29.0.5/lib/erlang/lib/stdlib-8.0.3/ebin/edlin_type_suggestion.beam
edoc	edoc-1.5	/usr/local/lib/otp-29.0.5/lib/erlang/lib/edoc-1.5/ebin/edoc.beam
edoc_cli	edoc-1.5	/usr/local/lib/otp-29.0.5/lib/erlang/lib/edoc-1.5/ebin/edoc_cli.beam
edoc_data	edoc-1.5	/usr/local/lib/otp-29.0.5/lib/erlang/lib/edoc-1.5/ebin/edoc_data.beam
edoc_doclet	edoc-1.5	/usr/local/lib/otp-29.0.5/lib/erlang/lib/edoc-1.5/ebin/edoc_doclet.beam
edoc_doclet_chunks	edoc-1.5	/usr/local/lib/otp-29.0.5/lib/erlang/lib/edoc-1.5/ebin/edoc_doclet_chunks.beam
edoc_doclet_markdown	edoc-1.5	/usr/local/lib/otp-29.0.5/lib/erlang/lib/edoc-1.5/ebin/edoc_doclet_markdown.beam
edoc_extract	edoc-1.5	/usr/local/lib/otp-29.0.5/lib/erlang/lib/edoc-1.5/ebin/edoc_extract.beam
edoc_html_to_markdown	edoc-1.5	/usr/local/lib/otp-29.0.5/lib/erlang/lib/edoc-1.5/ebin/edoc_html_to_markdown.beam
edoc_layout	edoc-1.5	/usr/local/lib/otp-29.0.5/lib/erlang/lib/edoc-1.5/ebin/edoc_layout.beam
edoc_layout_chunks	edoc-1.5	/usr/local/lib/otp-29.0.5/lib/erlang/lib/edoc-1.5/ebin/edoc_layout_chunks.beam
edoc_lib	edoc-1.5	/usr/local/lib/otp-29.0.5/lib/erlang/lib/edoc-1.5/ebin/edoc_lib.beam
edoc_macros	edoc-1.5	/usr/local/lib/otp-29.0.5/lib/erlang/lib/edoc-1.5/ebin/edoc_macros.beam
edoc_parser	edoc-1.5	/usr/local/lib/otp-29.0.5/lib/erlang/lib/edoc-1.5/ebin/edoc_parser.beam
edoc_refs	edoc-1.5	/usr/local/lib/otp-29.0.5/lib/erlang/lib/edoc-1.5/ebin/edoc_refs.beam
edoc_report	edoc-1.5	/usr/local/lib/otp-29.0.5/lib/erlang/lib/edoc-1.5/ebin/edoc_report.beam
edoc_run	edoc-1.5	/usr/local/lib/otp-29.0.5/lib/erlang/lib/edoc-1.5/ebin/edoc_run.beam
edoc_scanner	edoc-1.5	/usr/local/lib/otp-29.0.5/lib/erlang/lib/edoc-1.5/ebin/edoc_scanner.beam
edoc_specs	edoc-1.5	/usr/local/lib/otp-29.0.5/lib/erlang/lib/edoc-1.5/ebin/edoc_specs.beam
edoc_tags	edoc-1.5	/usr/local/lib/otp-29.0.5/lib/erlang/lib/edoc-1.5/ebin/edoc_tags.beam
edoc_types	edoc-1.5	/usr/local/lib/otp-29.0.5/lib/erlang/lib/edoc-1.5/ebin/edoc_types.beam
edoc_wiki	edoc-1.5	/usr/local/lib/otp-29.0.5/lib/erlang/lib/edoc-1.5/ebin/edoc_wiki.beam
eldap	eldap-1.3	/usr/local/lib/otp-29.0.5/lib/erlang/lib/eldap-1.3/ebin/eldap.beam
epp	stdlib-8.0.3	/usr/local/lib/otp-29.0.5/lib/erlang/lib/stdlib-8.0.3/ebin/epp.beam
epp_dodger	syntax_tools-4.1	/usr/local/lib/otp-29.0.5/lib/erlang/lib/syntax_tools-4.1/ebin/epp_dodger.beam
eprof	tools-4.2.1	/usr/local/lib/otp-29.0.5/lib/erlang/lib/tools-4.2.1/ebin/eprof.beam
erl2html2	common_test-1.31.1	/usr/local/lib/otp-29.0.5/lib/erlang/lib/common_test-1.31.1/ebin/erl2html2.beam
erl_abstract_code	stdlib-8.0.3	/usr/local/lib/otp-29.0.5/lib/erlang/lib/stdlib-8.0.3/ebin/erl_abstract_code.beam
erl_anno	stdlib-8.0.3	/usr/local/lib/otp-29.0.5/lib/erlang/lib/stdlib-8.0.3/ebin/erl_anno.beam
erl_bif_types	dialyzer-6.0.2	/usr/local/lib/otp-29.0.5/lib/erlang/lib/dialyzer-6.0.2/ebin/erl_bif_types.beam
erl_bifs	compiler-10.0.3	/usr/local/lib/otp-29.0.5/lib/erlang/lib/compiler-10.0.3/ebin/erl_bifs.beam
erl_bits	stdlib-8.0.3	/usr/local/lib/otp-29.0.5/lib/erlang/lib/stdlib-8.0.3/ebin/erl_bits.beam
erl_boot_server	kernel-11.0.3	/usr/local/lib/otp-29.0.5/lib/erlang/lib/kernel-11.0.3/ebin/erl_boot_server.beam
erl_comment_scan	syntax_tools-4.1	/usr/local/lib/otp-29.0.5/lib/erlang/lib/syntax_tools-4.1/ebin/erl_comment_scan.beam
erl_compile	stdlib-8.0.3	/usr/local/lib/otp-29.0.5/lib/erlang/lib/stdlib-8.0.3/ebin/erl_compile.beam
erl_compile_server	kernel-11.0.3	/usr/local/lib/otp-29.0.5/lib/erlang/lib/kernel-11.0.3/ebin/erl_compile_server.beam
erl_ddll	kernel-11.0.3	/usr/local/lib/otp-29.0.5/lib/erlang/lib/kernel-11.0.3/ebin/erl_ddll.beam
erl_debugger	kernel-11.0.3	/usr/local/lib/otp-29.0.5/lib/erlang/lib/kernel-11.0.3/ebin/erl_debugger.beam
erl_distribution	kernel-11.0.3	/usr/local/lib/otp-29.0.5/lib/erlang/lib/kernel-11.0.3/ebin/erl_distribution.beam
erl_epmd	kernel-11.0.3	/usr/local/lib/otp-29.0.5/lib/erlang/lib/kernel-11.0.3/ebin/erl_epmd.beam
erl_error	stdlib-8.0.3	/usr/local/lib/otp-29.0.5/lib/erlang/lib/stdlib-8.0.3/ebin/erl_error.beam
erl_erts_errors	kernel-11.0.3	/usr/local/lib/otp-29.0.5/lib/erlang/lib/kernel-11.0.3/ebin/erl_erts_errors.beam
erl_eval	stdlib-8.0.3	/usr/local/lib/otp-29.0.5/lib/erlang/lib/stdlib-8.0.3/ebin/erl_eval.beam
erl_expand_records	stdlib-8.0.3	/usr/local/lib/otp-29.0.5/lib/erlang/lib/stdlib-8.0.3/ebin/erl_expand_records.beam
erl_features	stdlib-8.0.3	/usr/local/lib/otp-29.0.5/lib/erlang/lib/stdlib-8.0.3/ebin/erl_features.beam
erl_init	erts-17.0.5	/usr/local/lib/otp-29.0.5/lib/erlang/lib/erts-17.0.5/ebin/erl_init.beam
erl_internal	stdlib-8.0.3	/usr/local/lib/otp-29.0.5/lib/erlang/lib/stdlib-8.0.3/ebin/erl_internal.beam
erl_kernel_errors	kernel-11.0.3	/usr/local/lib/otp-29.0.5/lib/erlang/lib/kernel-11.0.3/ebin/erl_kernel_errors.beam
erl_lint	stdlib-8.0.3	/usr/local/lib/otp-29.0.5/lib/erlang/lib/stdlib-8.0.3/ebin/erl_lint.beam
erl_parse	stdlib-8.0.3	/usr/local/lib/otp-29.0.5/lib/erlang/lib/stdlib-8.0.3/ebin/erl_parse.beam
erl_posix_msg	stdlib-8.0.3	/usr/local/lib/otp-29.0.5/lib/erlang/lib/stdlib-8.0.3/ebin/erl_posix_msg.beam
erl_pp	stdlib-8.0.3	/usr/local/lib/otp-29.0.5/lib/erlang/lib/stdlib-8.0.3/ebin/erl_pp.beam
erl_prettypr	syntax_tools-4.1	/usr/local/lib/otp-29.0.5/lib/erlang/lib/syntax_tools-4.1/ebin/erl_prettypr.beam
erl_prim_loader	erts-17.0.5	/usr/local/lib/otp-29.0.5/lib/erlang/lib/erts-17.0.5/ebin/erl_prim_loader.beam
erl_recomment	syntax_tools-4.1	/usr/local/lib/otp-29.0.5/lib/erlang/lib/syntax_tools-4.1/ebin/erl_recomment.beam
erl_reply	kernel-11.0.3	/usr/local/lib/otp-29.0.5/lib/erlang/lib/kernel-11.0.3/ebin/erl_reply.beam
erl_scan	stdlib-8.0.3	/usr/local/lib/otp-29.0.5/lib/erlang/lib/stdlib-8.0.3/ebin/erl_scan.beam
erl_signal_handler	kernel-11.0.3	/usr/local/lib/otp-29.0.5/lib/erlang/lib/kernel-11.0.3/ebin/erl_signal_handler.beam
erl_stdlib_errors	stdlib-8.0.3	/usr/local/lib/otp-29.0.5/lib/erlang/lib/stdlib-8.0.3/ebin/erl_stdlib_errors.beam
erl_syntax	syntax_tools-4.1	/usr/local/lib/otp-29.0.5/lib/erlang/lib/syntax_tools-4.1/ebin/erl_syntax.beam
erl_syntax_lib	syntax_tools-4.1	/usr/local/lib/otp-29.0.5/lib/erlang/lib/syntax_tools-4.1/ebin/erl_syntax_lib.beam
erl_tar	stdlib-8.0.3	/usr/local/lib/otp-29.0.5/lib/erlang/lib/stdlib-8.0.3/ebin/erl_tar.beam
erl_tracer	erts-17.0.5	/usr/local/lib/otp-29.0.5/lib/erlang/lib/erts-17.0.5/ebin/erl_tracer.beam
erl_types	dialyzer-6.0.2	/usr/local/lib/otp-29.0.5/lib/erlang/lib/dialyzer-6.0.2/ebin/erl_types.beam
erlang	erts-17.0.5	/usr/local/lib/otp-29.0.5/lib/erlang/lib/erts-17.0.5/ebin/erlang.beam
erlsrv	sasl-4.4	/usr/local/lib/otp-29.0.5/lib/erlang/lib/sasl-4.4/ebin/erlsrv.beam
erpc	kernel-11.0.3	/usr/local/lib/otp-29.0.5/lib/erlang/lib/kernel-11.0.3/ebin/erpc.beam
error_handler	kernel-11.0.3	/usr/local/lib/otp-29.0.5/lib/erlang/lib/kernel-11.0.3/ebin/error_handler.beam
error_logger	kernel-11.0.3	/usr/local/lib/otp-29.0.5/lib/erlang/lib/kernel-11.0.3/ebin/error_logger.beam
error_logger_file_h	stdlib-8.0.3	/usr/local/lib/otp-29.0.5/lib/erlang/lib/stdlib-8.0.3/ebin/error_logger_file_h.beam
error_logger_tty_h	stdlib-8.0.3	/usr/local/lib/otp-29.0.5/lib/erlang/lib/stdlib-8.0.3/ebin/error_logger_tty_h.beam
erts_alloc_config	runtime_tools-2.4	/usr/local/lib/otp-29.0.5/lib/erlang/lib/runtime_tools-2.4/ebin/erts_alloc_config.beam
erts_code_purger	erts-17.0.5	/usr/local/lib/otp-29.0.5/lib/erlang/lib/erts-17.0.5/ebin/erts_code_purger.beam
erts_debug	kernel-11.0.3	/usr/local/lib/otp-29.0.5/lib/erlang/lib/kernel-11.0.3/ebin/erts_debug.beam
erts_dirty_process_signal_handler	erts-17.0.5	/usr/local/lib/otp-29.0.5/lib/erlang/lib/erts-17.0.5/ebin/erts_dirty_process_signal_handler.beam
erts_internal	erts-17.0.5	/usr/local/lib/otp-29.0.5/lib/erlang/lib/erts-17.0.5/ebin/erts_internal.beam
erts_literal_area_collector	erts-17.0.5	/usr/local/lib/otp-29.0.5/lib/erlang/lib/erts-17.0.5/ebin/erts_literal_area_collector.beam
erts_trace_cleaner	erts-17.0.5	/usr/local/lib/otp-29.0.5/lib/erlang/lib/erts-17.0.5/ebin/erts_trace_cleaner.beam
escript	stdlib-8.0.3	/usr/local/lib/otp-29.0.5/lib/erlang/lib/stdlib-8.0.3/ebin/escript.beam
et	et-1.8	/usr/local/lib/otp-29.0.5/lib/erlang/lib/et-1.8/ebin/et.beam
et_collector	et-1.8	/usr/local/lib/otp-29.0.5/lib/erlang/lib/et-1.8/ebin/et_collector.beam
et_selector	et-1.8	/usr/local/lib/otp-29.0.5/lib/erlang/lib/et-1.8/ebin/et_selector.beam
et_viewer	et-1.8	/usr/local/lib/otp-29.0.5/lib/erlang/lib/et-1.8/ebin/et_viewer.beam
et_wx_contents_viewer	et-1.8	/usr/local/lib/otp-29.0.5/lib/erlang/lib/et-1.8/ebin/et_wx_contents_viewer.beam
et_wx_viewer	et-1.8	/usr/local/lib/otp-29.0.5/lib/erlang/lib/et-1.8/ebin/et_wx_viewer.beam
etop	observer-2.19	/usr/local/lib/otp-29.0.5/lib/erlang/lib/observer-2.19/ebin/etop.beam
etop_tr	observer-2.19	/usr/local/lib/otp-29.0.5/lib/erlang/lib/observer-2.19/ebin/etop_tr.beam
etop_txt	observer-2.19	/usr/local/lib/otp-29.0.5/lib/erlang/lib/observer-2.19/ebin/etop_txt.beam
ets	stdlib-8.0.3	/usr/local/lib/otp-29.0.5/lib/erlang/lib/stdlib-8.0.3/ebin/ets.beam
eunit	eunit-2.11	/usr/local/lib/otp-29.0.5/lib/erlang/lib/eunit-2.11/ebin/eunit.beam
eunit_autoexport	eunit-2.11	/usr/local/lib/otp-29.0.5/lib/erlang/lib/eunit-2.11/ebin/eunit_autoexport.beam
eunit_data	eunit-2.11	/usr/local/lib/otp-29.0.5/lib/erlang/lib/eunit-2.11/ebin/eunit_data.beam
eunit_lib	eunit-2.11	/usr/local/lib/otp-29.0.5/lib/erlang/lib/eunit-2.11/ebin/eunit_lib.beam
eunit_listener	eunit-2.11	/usr/local/lib/otp-29.0.5/lib/erlang/lib/eunit-2.11/ebin/eunit_listener.beam
eunit_proc	eunit-2.11	/usr/local/lib/otp-29.0.5/lib/erlang/lib/eunit-2.11/ebin/eunit_proc.beam
eunit_serial	eunit-2.11	/usr/local/lib/otp-29.0.5/lib/erlang/lib/eunit-2.11/ebin/eunit_serial.beam
eunit_server	eunit-2.11	/usr/local/lib/otp-29.0.5/lib/erlang/lib/eunit-2.11/ebin/eunit_server.beam
eunit_striptests	eunit-2.11	/usr/local/lib/otp-29.0.5/lib/erlang/lib/eunit-2.11/ebin/eunit_striptests.beam
eunit_surefire	eunit-2.11	/usr/local/lib/otp-29.0.5/lib/erlang/lib/eunit-2.11/ebin/eunit_surefire.beam
eunit_test	eunit-2.11	/usr/local/lib/otp-29.0.5/lib/erlang/lib/eunit-2.11/ebin/eunit_test.beam
eunit_tests	eunit-2.11	/usr/local/lib/otp-29.0.5/lib/erlang/lib/eunit-2.11/ebin/eunit_tests.beam
eunit_tty	eunit-2.11	/usr/local/lib/otp-29.0.5/lib/erlang/lib/eunit-2.11/ebin/eunit_tty.beam
eval_bits	stdlib-8.0.3	/usr/local/lib/otp-29.0.5/lib/erlang/lib/stdlib-8.0.3/ebin/eval_bits.beam
file	kernel-11.0.3	/usr/local/lib/otp-29.0.5/lib/erlang/lib/kernel-11.0.3/ebin/file.beam
file_io_server	kernel-11.0.3	/usr/local/lib/otp-29.0.5/lib/erlang/lib/kernel-11.0.3/ebin/file_io_server.beam
file_server	kernel-11.0.3	/usr/local/lib/otp-29.0.5/lib/erlang/lib/kernel-11.0.3/ebin/file_server.beam
file_sorter	stdlib-8.0.3	/usr/local/lib/otp-29.0.5/lib/erlang/lib/stdlib-8.0.3/ebin/file_sorter.beam
filelib	stdlib-8.0.3	/usr/local/lib/otp-29.0.5/lib/erlang/lib/stdlib-8.0.3/ebin/filelib.beam
filename	stdlib-8.0.3	/usr/local/lib/otp-29.0.5/lib/erlang/lib/stdlib-8.0.3/ebin/filename.beam
format_lib_supp	sasl-4.4	/usr/local/lib/otp-29.0.5/lib/erlang/lib/sasl-4.4/ebin/format_lib_supp.beam
fprof	tools-4.2.1	/usr/local/lib/otp-29.0.5/lib/erlang/lib/tools-4.2.1/ebin/fprof.beam
ftp	ftp-1.2.6	/usr/local/lib/otp-29.0.5/lib/erlang/lib/ftp-1.2.6/ebin/ftp.beam
ftp_app	ftp-1.2.6	/usr/local/lib/otp-29.0.5/lib/erlang/lib/ftp-1.2.6/ebin/ftp_app.beam
ftp_internal	ftp-1.2.6	/usr/local/lib/otp-29.0.5/lib/erlang/lib/ftp-1.2.6/ebin/ftp_internal.beam
ftp_progress	ftp-1.2.6	/usr/local/lib/otp-29.0.5/lib/erlang/lib/ftp-1.2.6/ebin/ftp_progress.beam
ftp_response	ftp-1.2.6	/usr/local/lib/otp-29.0.5/lib/erlang/lib/ftp-1.2.6/ebin/ftp_response.beam
ftp_sup	ftp-1.2.6	/usr/local/lib/otp-29.0.5/lib/erlang/lib/ftp-1.2.6/ebin/ftp_sup.beam
gb_sets	stdlib-8.0.3	/usr/local/lib/otp-29.0.5/lib/erlang/lib/stdlib-8.0.3/ebin/gb_sets.beam
gb_trees	stdlib-8.0.3	/usr/local/lib/otp-29.0.5/lib/erlang/lib/stdlib-8.0.3/ebin/gb_trees.beam
gen	stdlib-8.0.3	/usr/local/lib/otp-29.0.5/lib/erlang/lib/stdlib-8.0.3/ebin/gen.beam
gen_event	stdlib-8.0.3	/usr/local/lib/otp-29.0.5/lib/erlang/lib/stdlib-8.0.3/ebin/gen_event.beam
gen_fsm	stdlib-8.0.3	/usr/local/lib/otp-29.0.5/lib/erlang/lib/stdlib-8.0.3/ebin/gen_fsm.beam
gen_sctp	kernel-11.0.3	/usr/local/lib/otp-29.0.5/lib/erlang/lib/kernel-11.0.3/ebin/gen_sctp.beam
gen_server	stdlib-8.0.3	/usr/local/lib/otp-29.0.5/lib/erlang/lib/stdlib-8.0.3/ebin/gen_server.beam
gen_statem	stdlib-8.0.3	/usr/local/lib/otp-29.0.5/lib/erlang/lib/stdlib-8.0.3/ebin/gen_statem.beam
gen_tcp	kernel-11.0.3	/usr/local/lib/otp-29.0.5/lib/erlang/lib/kernel-11.0.3/ebin/gen_tcp.beam
gen_tcp_socket	kernel-11.0.3	/usr/local/lib/otp-29.0.5/lib/erlang/lib/kernel-11.0.3/ebin/gen_tcp_socket.beam
gen_udp	kernel-11.0.3	/usr/local/lib/otp-29.0.5/lib/erlang/lib/kernel-11.0.3/ebin/gen_udp.beam
gen_udp_socket	kernel-11.0.3	/usr/local/lib/otp-29.0.5/lib/erlang/lib/kernel-11.0.3/ebin/gen_udp_socket.beam
gl	wx-2.6	/usr/local/lib/otp-29.0.5/lib/erlang/lib/wx-2.6/ebin/gl.beam
global	kernel-11.0.3	/usr/local/lib/otp-29.0.5/lib/erlang/lib/kernel-11.0.3/ebin/global.beam
global_group	kernel-11.0.3	/usr/local/lib/otp-29.0.5/lib/erlang/lib/kernel-11.0.3/ebin/global_group.beam
global_search	kernel-11.0.3	/usr/local/lib/otp-29.0.5/lib/erlang/lib/kernel-11.0.3/ebin/global_search.beam
glu	wx-2.6	/usr/local/lib/otp-29.0.5/lib/erlang/lib/wx-2.6/ebin/glu.beam
graph	stdlib-8.0.3	/usr/local/lib/otp-29.0.5/lib/erlang/lib/stdlib-8.0.3/ebin/graph.beam
group	kernel-11.0.3	/usr/local/lib/otp-29.0.5/lib/erlang/lib/kernel-11.0.3/ebin/group.beam
group_history	kernel-11.0.3	/usr/local/lib/otp-29.0.5/lib/erlang/lib/kernel-11.0.3/ebin/group_history.beam
heart	kernel-11.0.3	/usr/local/lib/otp-29.0.5/lib/erlang/lib/kernel-11.0.3/ebin/heart.beam
http_chunk	inets-9.7.1	/usr/local/lib/otp-29.0.5/lib/erlang/lib/inets-9.7.1/ebin/http_chunk.beam
http_request	inets-9.7.1	/usr/local/lib/otp-29.0.5/lib/erlang/lib/inets-9.7.1/ebin/http_request.beam
http_response	inets-9.7.1	/usr/local/lib/otp-29.0.5/lib/erlang/lib/inets-9.7.1/ebin/http_response.beam
http_transport	inets-9.7.1	/usr/local/lib/otp-29.0.5/lib/erlang/lib/inets-9.7.1/ebin/http_transport.beam
http_uri	inets-9.7.1	/usr/local/lib/otp-29.0.5/lib/erlang/lib/inets-9.7.1/ebin/http_uri.beam
http_util	inets-9.7.1	/usr/local/lib/otp-29.0.5/lib/erlang/lib/inets-9.7.1/ebin/http_util.beam
httpc	inets-9.7.1	/usr/local/lib/otp-29.0.5/lib/erlang/lib/inets-9.7.1/ebin/httpc.beam
httpc_cookie	inets-9.7.1	/usr/local/lib/otp-29.0.5/lib/erlang/lib/inets-9.7.1/ebin/httpc_cookie.beam
httpc_handler	inets-9.7.1	/usr/local/lib/otp-29.0.5/lib/erlang/lib/inets-9.7.1/ebin/httpc_handler.beam
httpc_handler_sup	inets-9.7.1	/usr/local/lib/otp-29.0.5/lib/erlang/lib/inets-9.7.1/ebin/httpc_handler_sup.beam
httpc_manager	inets-9.7.1	/usr/local/lib/otp-29.0.5/lib/erlang/lib/inets-9.7.1/ebin/httpc_manager.beam
httpc_profile_sup	inets-9.7.1	/usr/local/lib/otp-29.0.5/lib/erlang/lib/inets-9.7.1/ebin/httpc_profile_sup.beam
httpc_request	inets-9.7.1	/usr/local/lib/otp-29.0.5/lib/erlang/lib/inets-9.7.1/ebin/httpc_request.beam
httpc_response	inets-9.7.1	/usr/local/lib/otp-29.0.5/lib/erlang/lib/inets-9.7.1/ebin/httpc_response.beam
httpc_sup	inets-9.7.1	/usr/local/lib/otp-29.0.5/lib/erlang/lib/inets-9.7.1/ebin/httpc_sup.beam
httpd	inets-9.7.1	/usr/local/lib/otp-29.0.5/lib/erlang/lib/inets-9.7.1/ebin/httpd.beam
httpd_acceptor	inets-9.7.1	/usr/local/lib/otp-29.0.5/lib/erlang/lib/inets-9.7.1/ebin/httpd_acceptor.beam
httpd_acceptor_sup	inets-9.7.1	/usr/local/lib/otp-29.0.5/lib/erlang/lib/inets-9.7.1/ebin/httpd_acceptor_sup.beam
httpd_cgi	inets-9.7.1	/usr/local/lib/otp-29.0.5/lib/erlang/lib/inets-9.7.1/ebin/httpd_cgi.beam
httpd_conf	inets-9.7.1	/usr/local/lib/otp-29.0.5/lib/erlang/lib/inets-9.7.1/ebin/httpd_conf.beam
httpd_connection_sup	inets-9.7.1	/usr/local/lib/otp-29.0.5/lib/erlang/lib/inets-9.7.1/ebin/httpd_connection_sup.beam
httpd_custom	inets-9.7.1	/usr/local/lib/otp-29.0.5/lib/erlang/lib/inets-9.7.1/ebin/httpd_custom.beam
httpd_custom_api	inets-9.7.1	/usr/local/lib/otp-29.0.5/lib/erlang/lib/inets-9.7.1/ebin/httpd_custom_api.beam
httpd_esi	inets-9.7.1	/usr/local/lib/otp-29.0.5/lib/erlang/lib/inets-9.7.1/ebin/httpd_esi.beam
httpd_example	inets-9.7.1	/usr/local/lib/otp-29.0.5/lib/erlang/lib/inets-9.7.1/ebin/httpd_example.beam
httpd_file	inets-9.7.1	/usr/local/lib/otp-29.0.5/lib/erlang/lib/inets-9.7.1/ebin/httpd_file.beam
httpd_instance_sup	inets-9.7.1	/usr/local/lib/otp-29.0.5/lib/erlang/lib/inets-9.7.1/ebin/httpd_instance_sup.beam
httpd_log	inets-9.7.1	/usr/local/lib/otp-29.0.5/lib/erlang/lib/inets-9.7.1/ebin/httpd_log.beam
httpd_logger	inets-9.7.1	/usr/local/lib/otp-29.0.5/lib/erlang/lib/inets-9.7.1/ebin/httpd_logger.beam
httpd_manager	inets-9.7.1	/usr/local/lib/otp-29.0.5/lib/erlang/lib/inets-9.7.1/ebin/httpd_manager.beam
httpd_misc_sup	inets-9.7.1	/usr/local/lib/otp-29.0.5/lib/erlang/lib/inets-9.7.1/ebin/httpd_misc_sup.beam
httpd_request	inets-9.7.1	/usr/local/lib/otp-29.0.5/lib/erlang/lib/inets-9.7.1/ebin/httpd_request.beam
httpd_request_handler	inets-9.7.1	/usr/local/lib/otp-29.0.5/lib/erlang/lib/inets-9.7.1/ebin/httpd_request_handler.beam
httpd_response	inets-9.7.1	/usr/local/lib/otp-29.0.5/lib/erlang/lib/inets-9.7.1/ebin/httpd_response.beam
httpd_script_env	inets-9.7.1	/usr/local/lib/otp-29.0.5/lib/erlang/lib/inets-9.7.1/ebin/httpd_script_env.beam
httpd_socket	inets-9.7.1	/usr/local/lib/otp-29.0.5/lib/erlang/lib/inets-9.7.1/ebin/httpd_socket.beam
httpd_sup	inets-9.7.1	/usr/local/lib/otp-29.0.5/lib/erlang/lib/inets-9.7.1/ebin/httpd_sup.beam
httpd_util	inets-9.7.1	/usr/local/lib/otp-29.0.5/lib/erlang/lib/inets-9.7.1/ebin/httpd_util.beam
i	debugger-7.0	/usr/local/lib/otp-29.0.5/lib/erlang/lib/debugger-7.0/ebin/i.beam
inet	kernel-11.0.3	/usr/local/lib/otp-29.0.5/lib/erlang/lib/kernel-11.0.3/ebin/inet.beam
inet6_sctp	kernel-11.0.3	/usr/local/lib/otp-29.0.5/lib/erlang/lib/kernel-11.0.3/ebin/inet6_sctp.beam
inet6_tcp	kernel-11.0.3	/usr/local/lib/otp-29.0.5/lib/erlang/lib/kernel-11.0.3/ebin/inet6_tcp.beam
inet6_tcp_dist	kernel-11.0.3	/usr/local/lib/otp-29.0.5/lib/erlang/lib/kernel-11.0.3/ebin/inet6_tcp_dist.beam
inet6_tls_dist	ssl-11.7.4	/usr/local/lib/otp-29.0.5/lib/erlang/lib/ssl-11.7.4/ebin/inet6_tls_dist.beam
inet6_udp	kernel-11.0.3	/usr/local/lib/otp-29.0.5/lib/erlang/lib/kernel-11.0.3/ebin/inet6_udp.beam
inet_config	kernel-11.0.3	/usr/local/lib/otp-29.0.5/lib/erlang/lib/kernel-11.0.3/ebin/inet_config.beam
inet_db	kernel-11.0.3	/usr/local/lib/otp-29.0.5/lib/erlang/lib/kernel-11.0.3/ebin/inet_db.beam
inet_dns	kernel-11.0.3	/usr/local/lib/otp-29.0.5/lib/erlang/lib/kernel-11.0.3/ebin/inet_dns.beam
inet_dns_tsig	kernel-11.0.3	/usr/local/lib/otp-29.0.5/lib/erlang/lib/kernel-11.0.3/ebin/inet_dns_tsig.beam
inet_epmd_dist	kernel-11.0.3	/usr/local/lib/otp-29.0.5/lib/erlang/lib/kernel-11.0.3/ebin/inet_epmd_dist.beam
inet_epmd_socket	kernel-11.0.3	/usr/local/lib/otp-29.0.5/lib/erlang/lib/kernel-11.0.3/ebin/inet_epmd_socket.beam
inet_epmd_tls_socket	ssl-11.7.4	/usr/local/lib/otp-29.0.5/lib/erlang/lib/ssl-11.7.4/ebin/inet_epmd_tls_socket.beam
inet_gethost_native	kernel-11.0.3	/usr/local/lib/otp-29.0.5/lib/erlang/lib/kernel-11.0.3/ebin/inet_gethost_native.beam
inet_hosts	kernel-11.0.3	/usr/local/lib/otp-29.0.5/lib/erlang/lib/kernel-11.0.3/ebin/inet_hosts.beam
inet_parse	kernel-11.0.3	/usr/local/lib/otp-29.0.5/lib/erlang/lib/kernel-11.0.3/ebin/inet_parse.beam
inet_res	kernel-11.0.3	/usr/local/lib/otp-29.0.5/lib/erlang/lib/kernel-11.0.3/ebin/inet_res.beam
inet_sctp	kernel-11.0.3	/usr/local/lib/otp-29.0.5/lib/erlang/lib/kernel-11.0.3/ebin/inet_sctp.beam
inet_tcp	kernel-11.0.3	/usr/local/lib/otp-29.0.5/lib/erlang/lib/kernel-11.0.3/ebin/inet_tcp.beam
inet_tcp_dist	kernel-11.0.3	/usr/local/lib/otp-29.0.5/lib/erlang/lib/kernel-11.0.3/ebin/inet_tcp_dist.beam
inet_tls_dist	ssl-11.7.4	/usr/local/lib/otp-29.0.5/lib/erlang/lib/ssl-11.7.4/ebin/inet_tls_dist.beam
inet_udp	kernel-11.0.3	/usr/local/lib/otp-29.0.5/lib/erlang/lib/kernel-11.0.3/ebin/inet_udp.beam
inets	inets-9.7.1	/usr/local/lib/otp-29.0.5/lib/erlang/lib/inets-9.7.1/ebin/inets.beam
inets_app	inets-9.7.1	/usr/local/lib/otp-29.0.5/lib/erlang/lib/inets-9.7.1/ebin/inets_app.beam
inets_lib	inets-9.7.1	/usr/local/lib/otp-29.0.5/lib/erlang/lib/inets-9.7.1/ebin/inets_lib.beam
inets_service	inets-9.7.1	/usr/local/lib/otp-29.0.5/lib/erlang/lib/inets-9.7.1/ebin/inets_service.beam
inets_sup	inets-9.7.1	/usr/local/lib/otp-29.0.5/lib/erlang/lib/inets-9.7.1/ebin/inets_sup.beam
inets_trace	inets-9.7.1	/usr/local/lib/otp-29.0.5/lib/erlang/lib/inets-9.7.1/ebin/inets_trace.beam
init	erts-17.0.5	/usr/local/lib/otp-29.0.5/lib/erlang/lib/erts-17.0.5/ebin/init.beam
instrument	runtime_tools-2.4	/usr/local/lib/otp-29.0.5/lib/erlang/lib/runtime_tools-2.4/ebin/instrument.beam
int	debugger-7.0	/usr/local/lib/otp-29.0.5/lib/erlang/lib/debugger-7.0/ebin/int.beam
io	stdlib-8.0.3	/usr/local/lib/otp-29.0.5/lib/erlang/lib/stdlib-8.0.3/ebin/io.beam
io_ansi	stdlib-8.0.3	/usr/local/lib/otp-29.0.5/lib/erlang/lib/stdlib-8.0.3/ebin/io_ansi.beam
io_lib	stdlib-8.0.3	/usr/local/lib/otp-29.0.5/lib/erlang/lib/stdlib-8.0.3/ebin/io_lib.beam
io_lib_format	stdlib-8.0.3	/usr/local/lib/otp-29.0.5/lib/erlang/lib/stdlib-8.0.3/ebin/io_lib_format.beam
io_lib_fread	stdlib-8.0.3	/usr/local/lib/otp-29.0.5/lib/erlang/lib/stdlib-8.0.3/ebin/io_lib_fread.beam
io_lib_pretty	stdlib-8.0.3	/usr/local/lib/otp-29.0.5/lib/erlang/lib/stdlib-8.0.3/ebin/io_lib_pretty.beam
json	stdlib-8.0.3	/usr/local/lib/otp-29.0.5/lib/erlang/lib/stdlib-8.0.3/ebin/json.beam
kernel	kernel-11.0.3	/usr/local/lib/otp-29.0.5/lib/erlang/lib/kernel-11.0.3/ebin/kernel.beam
kernel_config	kernel-11.0.3	/usr/local/lib/otp-29.0.5/lib/erlang/lib/kernel-11.0.3/ebin/kernel_config.beam
kernel_refc	kernel-11.0.3	/usr/local/lib/otp-29.0.5/lib/erlang/lib/kernel-11.0.3/ebin/kernel_refc.beam
lcnt	tools-4.2.1	/usr/local/lib/otp-29.0.5/lib/erlang/lib/tools-4.2.1/ebin/lcnt.beam
leex	parsetools-2.8	/usr/local/lib/otp-29.0.5/lib/erlang/lib/parsetools-2.8/ebin/leex.beam
lists	stdlib-8.0.3	/usr/local/lib/otp-29.0.5/lib/erlang/lib/stdlib-8.0.3/ebin/lists.beam
local_tcp	kernel-11.0.3	/usr/local/lib/otp-29.0.5/lib/erlang/lib/kernel-11.0.3/ebin/local_tcp.beam
local_udp	kernel-11.0.3	/usr/local/lib/otp-29.0.5/lib/erlang/lib/kernel-11.0.3/ebin/local_udp.beam
log_mf_h	stdlib-8.0.3	/usr/local/lib/otp-29.0.5/lib/erlang/lib/stdlib-8.0.3/ebin/log_mf_h.beam
logger	kernel-11.0.3	/usr/local/lib/otp-29.0.5/lib/erlang/lib/kernel-11.0.3/ebin/logger.beam
logger_backend	kernel-11.0.3	/usr/local/lib/otp-29.0.5/lib/erlang/lib/kernel-11.0.3/ebin/logger_backend.beam
logger_config	kernel-11.0.3	/usr/local/lib/otp-29.0.5/lib/erlang/lib/kernel-11.0.3/ebin/logger_config.beam
logger_disk_log_h	kernel-11.0.3	/usr/local/lib/otp-29.0.5/lib/erlang/lib/kernel-11.0.3/ebin/logger_disk_log_h.beam
logger_filters	kernel-11.0.3	/usr/local/lib/otp-29.0.5/lib/erlang/lib/kernel-11.0.3/ebin/logger_filters.beam
logger_formatter	kernel-11.0.3	/usr/local/lib/otp-29.0.5/lib/erlang/lib/kernel-11.0.3/ebin/logger_formatter.beam
logger_h_common	kernel-11.0.3	/usr/local/lib/otp-29.0.5/lib/erlang/lib/kernel-11.0.3/ebin/logger_h_common.beam
logger_handler	kernel-11.0.3	/usr/local/lib/otp-29.0.5/lib/erlang/lib/kernel-11.0.3/ebin/logger_handler.beam
logger_handler_watcher	kernel-11.0.3	/usr/local/lib/otp-29.0.5/lib/erlang/lib/kernel-11.0.3/ebin/logger_handler_watcher.beam
logger_olp	kernel-11.0.3	/usr/local/lib/otp-29.0.5/lib/erlang/lib/kernel-11.0.3/ebin/logger_olp.beam
logger_proxy	kernel-11.0.3	/usr/local/lib/otp-29.0.5/lib/erlang/lib/kernel-11.0.3/ebin/logger_proxy.beam
logger_server	kernel-11.0.3	/usr/local/lib/otp-29.0.5/lib/erlang/lib/kernel-11.0.3/ebin/logger_server.beam
logger_simple_h	kernel-11.0.3	/usr/local/lib/otp-29.0.5/lib/erlang/lib/kernel-11.0.3/ebin/logger_simple_h.beam
logger_std_h	kernel-11.0.3	/usr/local/lib/otp-29.0.5/lib/erlang/lib/kernel-11.0.3/ebin/logger_std_h.beam
logger_sup	kernel-11.0.3	/usr/local/lib/otp-29.0.5/lib/erlang/lib/kernel-11.0.3/ebin/logger_sup.beam
make	tools-4.2.1	/usr/local/lib/otp-29.0.5/lib/erlang/lib/tools-4.2.1/ebin/make.beam
man_docs	stdlib-8.0.3	/usr/local/lib/otp-29.0.5/lib/erlang/lib/stdlib-8.0.3/ebin/man_docs.beam
maps	stdlib-8.0.3	/usr/local/lib/otp-29.0.5/lib/erlang/lib/stdlib-8.0.3/ebin/maps.beam
math	stdlib-8.0.3	/usr/local/lib/otp-29.0.5/lib/erlang/lib/stdlib-8.0.3/ebin/math.beam
megaco	megaco-4.9.1	/usr/local/lib/otp-29.0.5/lib/erlang/lib/megaco-4.9.1/ebin/megaco.beam
megaco_ber_encoder	megaco-4.9.1	/usr/local/lib/otp-29.0.5/lib/erlang/lib/megaco-4.9.1/ebin/megaco_ber_encoder.beam
megaco_ber_media_gateway_control_v1	megaco-4.9.1	/usr/local/lib/otp-29.0.5/lib/erlang/lib/megaco-4.9.1/ebin/megaco_ber_media_gateway_control_v1.beam
megaco_ber_media_gateway_control_v2	megaco-4.9.1	/usr/local/lib/otp-29.0.5/lib/erlang/lib/megaco-4.9.1/ebin/megaco_ber_media_gateway_control_v2.beam
megaco_ber_media_gateway_control_v3	megaco-4.9.1	/usr/local/lib/otp-29.0.5/lib/erlang/lib/megaco-4.9.1/ebin/megaco_ber_media_gateway_control_v3.beam
megaco_binary_encoder	megaco-4.9.1	/usr/local/lib/otp-29.0.5/lib/erlang/lib/megaco-4.9.1/ebin/megaco_binary_encoder.beam
megaco_binary_encoder_lib	megaco-4.9.1	/usr/local/lib/otp-29.0.5/lib/erlang/lib/megaco-4.9.1/ebin/megaco_binary_encoder_lib.beam
megaco_binary_name_resolver_v1	megaco-4.9.1	/usr/local/lib/otp-29.0.5/lib/erlang/lib/megaco-4.9.1/ebin/megaco_binary_name_resolver_v1.beam
megaco_binary_name_resolver_v2	megaco-4.9.1	/usr/local/lib/otp-29.0.5/lib/erlang/lib/megaco-4.9.1/ebin/megaco_binary_name_resolver_v2.beam
megaco_binary_name_resolver_v3	megaco-4.9.1	/usr/local/lib/otp-29.0.5/lib/erlang/lib/megaco-4.9.1/ebin/megaco_binary_name_resolver_v3.beam
megaco_binary_term_id	megaco-4.9.1	/usr/local/lib/otp-29.0.5/lib/erlang/lib/megaco-4.9.1/ebin/megaco_binary_term_id.beam
megaco_binary_term_id_gen	megaco-4.9.1	/usr/local/lib/otp-29.0.5/lib/erlang/lib/megaco-4.9.1/ebin/megaco_binary_term_id_gen.beam
megaco_binary_transformer_v1	megaco-4.9.1	/usr/local/lib/otp-29.0.5/lib/erlang/lib/megaco-4.9.1/ebin/megaco_binary_transformer_v1.beam
megaco_binary_transformer_v2	megaco-4.9.1	/usr/local/lib/otp-29.0.5/lib/erlang/lib/megaco-4.9.1/ebin/megaco_binary_transformer_v2.beam
megaco_binary_transformer_v3	megaco-4.9.1	/usr/local/lib/otp-29.0.5/lib/erlang/lib/megaco-4.9.1/ebin/megaco_binary_transformer_v3.beam
megaco_compact_text_encoder	megaco-4.9.1	/usr/local/lib/otp-29.0.5/lib/erlang/lib/megaco-4.9.1/ebin/megaco_compact_text_encoder.beam
megaco_compact_text_encoder_v1	megaco-4.9.1	/usr/local/lib/otp-29.0.5/lib/erlang/lib/megaco-4.9.1/ebin/megaco_compact_text_encoder_v1.beam
megaco_compact_text_encoder_v2	megaco-4.9.1	/usr/local/lib/otp-29.0.5/lib/erlang/lib/megaco-4.9.1/ebin/megaco_compact_text_encoder_v2.beam
megaco_compact_text_encoder_v3	megaco-4.9.1	/usr/local/lib/otp-29.0.5/lib/erlang/lib/megaco-4.9.1/ebin/megaco_compact_text_encoder_v3.beam
megaco_config	megaco-4.9.1	/usr/local/lib/otp-29.0.5/lib/erlang/lib/megaco-4.9.1/ebin/megaco_config.beam
megaco_config_misc	megaco-4.9.1	/usr/local/lib/otp-29.0.5/lib/erlang/lib/megaco-4.9.1/ebin/megaco_config_misc.beam
megaco_digit_map	megaco-4.9.1	/usr/local/lib/otp-29.0.5/lib/erlang/lib/megaco-4.9.1/ebin/megaco_digit_map.beam
megaco_edist_compress	megaco-4.9.1	/usr/local/lib/otp-29.0.5/lib/erlang/lib/megaco-4.9.1/ebin/megaco_edist_compress.beam
megaco_encoder	megaco-4.9.1	/usr/local/lib/otp-29.0.5/lib/erlang/lib/megaco-4.9.1/ebin/megaco_encoder.beam
megaco_erl_dist_encoder	megaco-4.9.1	/usr/local/lib/otp-29.0.5/lib/erlang/lib/megaco-4.9.1/ebin/megaco_erl_dist_encoder.beam
megaco_erl_dist_encoder_mc	megaco-4.9.1	/usr/local/lib/otp-29.0.5/lib/erlang/lib/megaco-4.9.1/ebin/megaco_erl_dist_encoder_mc.beam
megaco_filter	megaco-4.9.1	/usr/local/lib/otp-29.0.5/lib/erlang/lib/megaco-4.9.1/ebin/megaco_filter.beam
megaco_flex_scanner	megaco-4.9.1	/usr/local/lib/otp-29.0.5/lib/erlang/lib/megaco-4.9.1/ebin/megaco_flex_scanner.beam
megaco_flex_scanner_handler	megaco-4.9.1	/usr/local/lib/otp-29.0.5/lib/erlang/lib/megaco-4.9.1/ebin/megaco_flex_scanner_handler.beam
megaco_messenger	megaco-4.9.1	/usr/local/lib/otp-29.0.5/lib/erlang/lib/megaco-4.9.1/ebin/megaco_messenger.beam
megaco_messenger_misc	megaco-4.9.1	/usr/local/lib/otp-29.0.5/lib/erlang/lib/megaco-4.9.1/ebin/megaco_messenger_misc.beam
megaco_misc_sup	megaco-4.9.1	/usr/local/lib/otp-29.0.5/lib/erlang/lib/megaco-4.9.1/ebin/megaco_misc_sup.beam
megaco_monitor	megaco-4.9.1	/usr/local/lib/otp-29.0.5/lib/erlang/lib/megaco-4.9.1/ebin/megaco_monitor.beam
megaco_per_encoder	megaco-4.9.1	/usr/local/lib/otp-29.0.5/lib/erlang/lib/megaco-4.9.1/ebin/megaco_per_encoder.beam
megaco_per_media_gateway_control_v1	megaco-4.9.1	/usr/local/lib/otp-29.0.5/lib/erlang/lib/megaco-4.9.1/ebin/megaco_per_media_gateway_control_v1.beam
megaco_per_media_gateway_control_v2	megaco-4.9.1	/usr/local/lib/otp-29.0.5/lib/erlang/lib/megaco-4.9.1/ebin/megaco_per_media_gateway_control_v2.beam
megaco_per_media_gateway_control_v3	megaco-4.9.1	/usr/local/lib/otp-29.0.5/lib/erlang/lib/megaco-4.9.1/ebin/megaco_per_media_gateway_control_v3.beam
megaco_pretty_text_encoder	megaco-4.9.1	/usr/local/lib/otp-29.0.5/lib/erlang/lib/megaco-4.9.1/ebin/megaco_pretty_text_encoder.beam
megaco_pretty_text_encoder_v1	megaco-4.9.1	/usr/local/lib/otp-29.0.5/lib/erlang/lib/megaco-4.9.1/ebin/megaco_pretty_text_encoder_v1.beam
megaco_pretty_text_encoder_v2	megaco-4.9.1	/usr/local/lib/otp-29.0.5/lib/erlang/lib/megaco-4.9.1/ebin/megaco_pretty_text_encoder_v2.beam
megaco_pretty_text_encoder_v3	megaco-4.9.1	/usr/local/lib/otp-29.0.5/lib/erlang/lib/megaco-4.9.1/ebin/megaco_pretty_text_encoder_v3.beam
megaco_sdp	megaco-4.9.1	/usr/local/lib/otp-29.0.5/lib/erlang/lib/megaco-4.9.1/ebin/megaco_sdp.beam
megaco_stats	megaco-4.9.1	/usr/local/lib/otp-29.0.5/lib/erlang/lib/megaco-4.9.1/ebin/megaco_stats.beam
megaco_sup	megaco-4.9.1	/usr/local/lib/otp-29.0.5/lib/erlang/lib/megaco-4.9.1/ebin/megaco_sup.beam
megaco_tcp	megaco-4.9.1	/usr/local/lib/otp-29.0.5/lib/erlang/lib/megaco-4.9.1/ebin/megaco_tcp.beam
megaco_tcp_accept	megaco-4.9.1	/usr/local/lib/otp-29.0.5/lib/erlang/lib/megaco-4.9.1/ebin/megaco_tcp_accept.beam
megaco_tcp_accept_sup	megaco-4.9.1	/usr/local/lib/otp-29.0.5/lib/erlang/lib/megaco-4.9.1/ebin/megaco_tcp_accept_sup.beam
megaco_tcp_connection	megaco-4.9.1	/usr/local/lib/otp-29.0.5/lib/erlang/lib/megaco-4.9.1/ebin/megaco_tcp_connection.beam
megaco_tcp_connection_sup	megaco-4.9.1	/usr/local/lib/otp-29.0.5/lib/erlang/lib/megaco-4.9.1/ebin/megaco_tcp_connection_sup.beam
megaco_tcp_sup	megaco-4.9.1	/usr/local/lib/otp-29.0.5/lib/erlang/lib/megaco-4.9.1/ebin/megaco_tcp_sup.beam
megaco_text_mini_decoder	megaco-4.9.1	/usr/local/lib/otp-29.0.5/lib/erlang/lib/megaco-4.9.1/ebin/megaco_text_mini_decoder.beam
megaco_text_mini_parser	megaco-4.9.1	/usr/local/lib/otp-29.0.5/lib/erlang/lib/megaco-4.9.1/ebin/megaco_text_mini_parser.beam
megaco_text_parser_v1	megaco-4.9.1	/usr/local/lib/otp-29.0.5/lib/erlang/lib/megaco-4.9.1/ebin/megaco_text_parser_v1.beam
megaco_text_parser_v2	megaco-4.9.1	/usr/local/lib/otp-29.0.5/lib/erlang/lib/megaco-4.9.1/ebin/megaco_text_parser_v2.beam
megaco_text_parser_v3	megaco-4.9.1	/usr/local/lib/otp-29.0.5/lib/erlang/lib/megaco-4.9.1/ebin/megaco_text_parser_v3.beam
megaco_text_scanner	megaco-4.9.1	/usr/local/lib/otp-29.0.5/lib/erlang/lib/megaco-4.9.1/ebin/megaco_text_scanner.beam
megaco_timer	megaco-4.9.1	/usr/local/lib/otp-29.0.5/lib/erlang/lib/megaco-4.9.1/ebin/megaco_timer.beam
megaco_trans_sender	megaco-4.9.1	/usr/local/lib/otp-29.0.5/lib/erlang/lib/megaco-4.9.1/ebin/megaco_trans_sender.beam
megaco_trans_sup	megaco-4.9.1	/usr/local/lib/otp-29.0.5/lib/erlang/lib/megaco-4.9.1/ebin/megaco_trans_sup.beam
megaco_transport	megaco-4.9.1	/usr/local/lib/otp-29.0.5/lib/erlang/lib/megaco-4.9.1/ebin/megaco_transport.beam
megaco_udp	megaco-4.9.1	/usr/local/lib/otp-29.0.5/lib/erlang/lib/megaco-4.9.1/ebin/megaco_udp.beam
megaco_udp_server	megaco-4.9.1	/usr/local/lib/otp-29.0.5/lib/erlang/lib/megaco-4.9.1/ebin/megaco_udp_server.beam
megaco_udp_sup	megaco-4.9.1	/usr/local/lib/otp-29.0.5/lib/erlang/lib/megaco-4.9.1/ebin/megaco_udp_sup.beam
megaco_user	megaco-4.9.1	/usr/local/lib/otp-29.0.5/lib/erlang/lib/megaco-4.9.1/ebin/megaco_user.beam
megaco_user_default	megaco-4.9.1	/usr/local/lib/otp-29.0.5/lib/erlang/lib/megaco-4.9.1/ebin/megaco_user_default.beam
memsup	os_mon-2.12	/usr/local/lib/otp-29.0.5/lib/erlang/lib/os_mon-2.12/ebin/memsup.beam
merl	syntax_tools-4.1	/usr/local/lib/otp-29.0.5/lib/erlang/lib/syntax_tools-4.1/ebin/merl.beam
merl_transform	syntax_tools-4.1	/usr/local/lib/otp-29.0.5/lib/erlang/lib/syntax_tools-4.1/ebin/merl_transform.beam
misc_supp	sasl-4.4	/usr/local/lib/otp-29.0.5/lib/erlang/lib/sasl-4.4/ebin/misc_supp.beam
mnesia	mnesia-4.26.1	/usr/local/lib/otp-29.0.5/lib/erlang/lib/mnesia-4.26.1/ebin/mnesia.beam
mnesia_app	mnesia-4.26.1	/usr/local/lib/otp-29.0.5/lib/erlang/lib/mnesia-4.26.1/ebin/mnesia_app.beam
mnesia_backend_type	mnesia-4.26.1	/usr/local/lib/otp-29.0.5/lib/erlang/lib/mnesia-4.26.1/ebin/mnesia_backend_type.beam
mnesia_backup	mnesia-4.26.1	/usr/local/lib/otp-29.0.5/lib/erlang/lib/mnesia-4.26.1/ebin/mnesia_backup.beam
mnesia_bup	mnesia-4.26.1	/usr/local/lib/otp-29.0.5/lib/erlang/lib/mnesia-4.26.1/ebin/mnesia_bup.beam
mnesia_checkpoint	mnesia-4.26.1	/usr/local/lib/otp-29.0.5/lib/erlang/lib/mnesia-4.26.1/ebin/mnesia_checkpoint.beam
mnesia_checkpoint_sup	mnesia-4.26.1	/usr/local/lib/otp-29.0.5/lib/erlang/lib/mnesia-4.26.1/ebin/mnesia_checkpoint_sup.beam
mnesia_controller	mnesia-4.26.1	/usr/local/lib/otp-29.0.5/lib/erlang/lib/mnesia-4.26.1/ebin/mnesia_controller.beam
mnesia_dumper	mnesia-4.26.1	/usr/local/lib/otp-29.0.5/lib/erlang/lib/mnesia-4.26.1/ebin/mnesia_dumper.beam
mnesia_event	mnesia-4.26.1	/usr/local/lib/otp-29.0.5/lib/erlang/lib/mnesia-4.26.1/ebin/mnesia_event.beam
mnesia_ext_sup	mnesia-4.26.1	/usr/local/lib/otp-29.0.5/lib/erlang/lib/mnesia-4.26.1/ebin/mnesia_ext_sup.beam
mnesia_frag	mnesia-4.26.1	/usr/local/lib/otp-29.0.5/lib/erlang/lib/mnesia-4.26.1/ebin/mnesia_frag.beam
mnesia_frag_hash	mnesia-4.26.1	/usr/local/lib/otp-29.0.5/lib/erlang/lib/mnesia-4.26.1/ebin/mnesia_frag_hash.beam
mnesia_index	mnesia-4.26.1	/usr/local/lib/otp-29.0.5/lib/erlang/lib/mnesia-4.26.1/ebin/mnesia_index.beam
mnesia_kernel_sup	mnesia-4.26.1	/usr/local/lib/otp-29.0.5/lib/erlang/lib/mnesia-4.26.1/ebin/mnesia_kernel_sup.beam
mnesia_late_loader	mnesia-4.26.1	/usr/local/lib/otp-29.0.5/lib/erlang/lib/mnesia-4.26.1/ebin/mnesia_late_loader.beam
mnesia_lib	mnesia-4.26.1	/usr/local/lib/otp-29.0.5/lib/erlang/lib/mnesia-4.26.1/ebin/mnesia_lib.beam
mnesia_loader	mnesia-4.26.1	/usr/local/lib/otp-29.0.5/lib/erlang/lib/mnesia-4.26.1/ebin/mnesia_loader.beam
mnesia_locker	mnesia-4.26.1	/usr/local/lib/otp-29.0.5/lib/erlang/lib/mnesia-4.26.1/ebin/mnesia_locker.beam
mnesia_log	mnesia-4.26.1	/usr/local/lib/otp-29.0.5/lib/erlang/lib/mnesia-4.26.1/ebin/mnesia_log.beam
mnesia_monitor	mnesia-4.26.1	/usr/local/lib/otp-29.0.5/lib/erlang/lib/mnesia-4.26.1/ebin/mnesia_monitor.beam
mnesia_recover	mnesia-4.26.1	/usr/local/lib/otp-29.0.5/lib/erlang/lib/mnesia-4.26.1/ebin/mnesia_recover.beam
mnesia_registry	mnesia-4.26.1	/usr/local/lib/otp-29.0.5/lib/erlang/lib/mnesia-4.26.1/ebin/mnesia_registry.beam
mnesia_rpc	mnesia-4.26.1	/usr/local/lib/otp-29.0.5/lib/erlang/lib/mnesia-4.26.1/ebin/mnesia_rpc.beam
mnesia_schema	mnesia-4.26.1	/usr/local/lib/otp-29.0.5/lib/erlang/lib/mnesia-4.26.1/ebin/mnesia_schema.beam
mnesia_snmp_hook	mnesia-4.26.1	/usr/local/lib/otp-29.0.5/lib/erlang/lib/mnesia-4.26.1/ebin/mnesia_snmp_hook.beam
mnesia_sp	mnesia-4.26.1	/usr/local/lib/otp-29.0.5/lib/erlang/lib/mnesia-4.26.1/ebin/mnesia_sp.beam
mnesia_subscr	mnesia-4.26.1	/usr/local/lib/otp-29.0.5/lib/erlang/lib/mnesia-4.26.1/ebin/mnesia_subscr.beam
mnesia_sup	mnesia-4.26.1	/usr/local/lib/otp-29.0.5/lib/erlang/lib/mnesia-4.26.1/ebin/mnesia_sup.beam
mnesia_text	mnesia-4.26.1	/usr/local/lib/otp-29.0.5/lib/erlang/lib/mnesia-4.26.1/ebin/mnesia_text.beam
mnesia_tm	mnesia-4.26.1	/usr/local/lib/otp-29.0.5/lib/erlang/lib/mnesia-4.26.1/ebin/mnesia_tm.beam
mod_actions	inets-9.7.1	/usr/local/lib/otp-29.0.5/lib/erlang/lib/inets-9.7.1/ebin/mod_actions.beam
mod_alias	inets-9.7.1	/usr/local/lib/otp-29.0.5/lib/erlang/lib/inets-9.7.1/ebin/mod_alias.beam
mod_auth	inets-9.7.1	/usr/local/lib/otp-29.0.5/lib/erlang/lib/inets-9.7.1/ebin/mod_auth.beam
mod_auth_dets	inets-9.7.1	/usr/local/lib/otp-29.0.5/lib/erlang/lib/inets-9.7.1/ebin/mod_auth_dets.beam
mod_auth_mnesia	inets-9.7.1	/usr/local/lib/otp-29.0.5/lib/erlang/lib/inets-9.7.1/ebin/mod_auth_mnesia.beam
mod_auth_plain	inets-9.7.1	/usr/local/lib/otp-29.0.5/lib/erlang/lib/inets-9.7.1/ebin/mod_auth_plain.beam
mod_auth_server	inets-9.7.1	/usr/local/lib/otp-29.0.5/lib/erlang/lib/inets-9.7.1/ebin/mod_auth_server.beam
mod_cgi	inets-9.7.1	/usr/local/lib/otp-29.0.5/lib/erlang/lib/inets-9.7.1/ebin/mod_cgi.beam
mod_dir	inets-9.7.1	/usr/local/lib/otp-29.0.5/lib/erlang/lib/inets-9.7.1/ebin/mod_dir.beam
mod_disk_log	inets-9.7.1	/usr/local/lib/otp-29.0.5/lib/erlang/lib/inets-9.7.1/ebin/mod_disk_log.beam
mod_esi	inets-9.7.1	/usr/local/lib/otp-29.0.5/lib/erlang/lib/inets-9.7.1/ebin/mod_esi.beam
mod_get	inets-9.7.1	/usr/local/lib/otp-29.0.5/lib/erlang/lib/inets-9.7.1/ebin/mod_get.beam
mod_head	inets-9.7.1	/usr/local/lib/otp-29.0.5/lib/erlang/lib/inets-9.7.1/ebin/mod_head.beam
mod_log	inets-9.7.1	/usr/local/lib/otp-29.0.5/lib/erlang/lib/inets-9.7.1/ebin/mod_log.beam
mod_range	inets-9.7.1	/usr/local/lib/otp-29.0.5/lib/erlang/lib/inets-9.7.1/ebin/mod_range.beam
mod_responsecontrol	inets-9.7.1	/usr/local/lib/otp-29.0.5/lib/erlang/lib/inets-9.7.1/ebin/mod_responsecontrol.beam
mod_security	inets-9.7.1	/usr/local/lib/otp-29.0.5/lib/erlang/lib/inets-9.7.1/ebin/mod_security.beam
mod_security_server	inets-9.7.1	/usr/local/lib/otp-29.0.5/lib/erlang/lib/inets-9.7.1/ebin/mod_security_server.beam
mod_trace	inets-9.7.1	/usr/local/lib/otp-29.0.5/lib/erlang/lib/inets-9.7.1/ebin/mod_trace.beam
ms_transform	stdlib-8.0.3	/usr/local/lib/otp-29.0.5/lib/erlang/lib/stdlib-8.0.3/ebin/ms_transform.beam
msacc	runtime_tools-2.4	/usr/local/lib/otp-29.0.5/lib/erlang/lib/runtime_tools-2.4/ebin/msacc.beam
net	kernel-11.0.3	/usr/local/lib/otp-29.0.5/lib/erlang/lib/kernel-11.0.3/ebin/net.beam
net_adm	kernel-11.0.3	/usr/local/lib/otp-29.0.5/lib/erlang/lib/kernel-11.0.3/ebin/net_adm.beam
net_kernel	kernel-11.0.3	/usr/local/lib/otp-29.0.5/lib/erlang/lib/kernel-11.0.3/ebin/net_kernel.beam
nteventlog	os_mon-2.12	/usr/local/lib/otp-29.0.5/lib/erlang/lib/os_mon-2.12/ebin/nteventlog.beam
observer	observer-2.19	/usr/local/lib/otp-29.0.5/lib/erlang/lib/observer-2.19/ebin/observer.beam
observer_alloc_wx	observer-2.19	/usr/local/lib/otp-29.0.5/lib/erlang/lib/observer-2.19/ebin/observer_alloc_wx.beam
observer_app_wx	observer-2.19	/usr/local/lib/otp-29.0.5/lib/erlang/lib/observer-2.19/ebin/observer_app_wx.beam
observer_backend	runtime_tools-2.4	/usr/local/lib/otp-29.0.5/lib/erlang/lib/runtime_tools-2.4/ebin/observer_backend.beam
observer_html_lib	observer-2.19	/usr/local/lib/otp-29.0.5/lib/erlang/lib/observer-2.19/ebin/observer_html_lib.beam
observer_lib	observer-2.19	/usr/local/lib/otp-29.0.5/lib/erlang/lib/observer-2.19/ebin/observer_lib.beam
observer_perf_wx	observer-2.19	/usr/local/lib/otp-29.0.5/lib/erlang/lib/observer-2.19/ebin/observer_perf_wx.beam
observer_port_wx	observer-2.19	/usr/local/lib/otp-29.0.5/lib/erlang/lib/observer-2.19/ebin/observer_port_wx.beam
observer_pro_wx	observer-2.19	/usr/local/lib/otp-29.0.5/lib/erlang/lib/observer-2.19/ebin/observer_pro_wx.beam
observer_procinfo	observer-2.19	/usr/local/lib/otp-29.0.5/lib/erlang/lib/observer-2.19/ebin/observer_procinfo.beam
observer_sock_wx	observer-2.19	/usr/local/lib/otp-29.0.5/lib/erlang/lib/observer-2.19/ebin/observer_sock_wx.beam
observer_sys_wx	observer-2.19	/usr/local/lib/otp-29.0.5/lib/erlang/lib/observer-2.19/ebin/observer_sys_wx.beam
observer_trace_wx	observer-2.19	/usr/local/lib/otp-29.0.5/lib/erlang/lib/observer-2.19/ebin/observer_trace_wx.beam
observer_traceoptions_wx	observer-2.19	/usr/local/lib/otp-29.0.5/lib/erlang/lib/observer-2.19/ebin/observer_traceoptions_wx.beam
observer_tv_table	observer-2.19	/usr/local/lib/otp-29.0.5/lib/erlang/lib/observer-2.19/ebin/observer_tv_table.beam
observer_tv_wx	observer-2.19	/usr/local/lib/otp-29.0.5/lib/erlang/lib/observer-2.19/ebin/observer_tv_wx.beam
observer_wx	observer-2.19	/usr/local/lib/otp-29.0.5/lib/erlang/lib/observer-2.19/ebin/observer_wx.beam
odbc	odbc-2.17	/usr/local/lib/otp-29.0.5/lib/erlang/lib/odbc-2.17/ebin/odbc.beam
odbc_app	odbc-2.17	/usr/local/lib/otp-29.0.5/lib/erlang/lib/odbc-2.17/ebin/odbc_app.beam
odbc_sup	odbc-2.17	/usr/local/lib/otp-29.0.5/lib/erlang/lib/odbc-2.17/ebin/odbc_sup.beam
orddict	stdlib-8.0.3	/usr/local/lib/otp-29.0.5/lib/erlang/lib/stdlib-8.0.3/ebin/orddict.beam
ordsets	stdlib-8.0.3	/usr/local/lib/otp-29.0.5/lib/erlang/lib/stdlib-8.0.3/ebin/ordsets.beam
os	kernel-11.0.3	/usr/local/lib/otp-29.0.5/lib/erlang/lib/kernel-11.0.3/ebin/os.beam
os_mon	os_mon-2.12	/usr/local/lib/otp-29.0.5/lib/erlang/lib/os_mon-2.12/ebin/os_mon.beam
os_mon_mib	os_mon-2.12	/usr/local/lib/otp-29.0.5/lib/erlang/lib/os_mon-2.12/ebin/os_mon_mib.beam
os_mon_sysinfo	os_mon-2.12	/usr/local/lib/otp-29.0.5/lib/erlang/lib/os_mon-2.12/ebin/os_mon_sysinfo.beam
os_sup	os_mon-2.12	/usr/local/lib/otp-29.0.5/lib/erlang/lib/os_mon-2.12/ebin/os_sup.beam
otp_internal	stdlib-8.0.3	/usr/local/lib/otp-29.0.5/lib/erlang/lib/stdlib-8.0.3/ebin/otp_internal.beam
peer	stdlib-8.0.3	/usr/local/lib/otp-29.0.5/lib/erlang/lib/stdlib-8.0.3/ebin/peer.beam
persistent_term	erts-17.0.5	/usr/local/lib/otp-29.0.5/lib/erlang/lib/erts-17.0.5/ebin/persistent_term.beam
pg	kernel-11.0.3	/usr/local/lib/otp-29.0.5/lib/erlang/lib/kernel-11.0.3/ebin/pg.beam
pg2	kernel-11.0.3	/usr/local/lib/otp-29.0.5/lib/erlang/lib/kernel-11.0.3/ebin/pg2.beam
pool	stdlib-8.0.3	/usr/local/lib/otp-29.0.5/lib/erlang/lib/stdlib-8.0.3/ebin/pool.beam
prettypr	syntax_tools-4.1	/usr/local/lib/otp-29.0.5/lib/erlang/lib/syntax_tools-4.1/ebin/prettypr.beam
prim_buffer	erts-17.0.5	/usr/local/lib/otp-29.0.5/lib/erlang/lib/erts-17.0.5/ebin/prim_buffer.beam
prim_eval	erts-17.0.5	/usr/local/lib/otp-29.0.5/lib/erlang/lib/erts-17.0.5/ebin/prim_eval.beam
prim_file	erts-17.0.5	/usr/local/lib/otp-29.0.5/lib/erlang/lib/erts-17.0.5/ebin/prim_file.beam
prim_inet	erts-17.0.5	/usr/local/lib/otp-29.0.5/lib/erlang/lib/erts-17.0.5/ebin/prim_inet.beam
prim_net	erts-17.0.5	/usr/local/lib/otp-29.0.5/lib/erlang/lib/erts-17.0.5/ebin/prim_net.beam
prim_socket	erts-17.0.5	/usr/local/lib/otp-29.0.5/lib/erlang/lib/erts-17.0.5/ebin/prim_socket.beam
prim_tty	kernel-11.0.3	/usr/local/lib/otp-29.0.5/lib/erlang/lib/kernel-11.0.3/ebin/prim_tty.beam
prim_tty_sighandler	kernel-11.0.3	/usr/local/lib/otp-29.0.5/lib/erlang/lib/kernel-11.0.3/ebin/prim_tty_sighandler.beam
prim_zip	erts-17.0.5	/usr/local/lib/otp-29.0.5/lib/erlang/lib/erts-17.0.5/ebin/prim_zip.beam
proc_lib	stdlib-8.0.3	/usr/local/lib/otp-29.0.5/lib/erlang/lib/stdlib-8.0.3/ebin/proc_lib.beam
proplists	stdlib-8.0.3	/usr/local/lib/otp-29.0.5/lib/erlang/lib/stdlib-8.0.3/ebin/proplists.beam
pubkey_cert	public_key-1.21.4	/usr/local/lib/otp-29.0.5/lib/erlang/lib/public_key-1.21.4/ebin/pubkey_cert.beam
pubkey_cert_records	public_key-1.21.4	/usr/local/lib/otp-29.0.5/lib/erlang/lib/public_key-1.21.4/ebin/pubkey_cert_records.beam
pubkey_crl	public_key-1.21.4	/usr/local/lib/otp-29.0.5/lib/erlang/lib/public_key-1.21.4/ebin/pubkey_crl.beam
pubkey_ocsp	public_key-1.21.4	/usr/local/lib/otp-29.0.5/lib/erlang/lib/public_key-1.21.4/ebin/pubkey_ocsp.beam
pubkey_os_cacerts	public_key-1.21.4	/usr/local/lib/otp-29.0.5/lib/erlang/lib/public_key-1.21.4/ebin/pubkey_os_cacerts.beam
pubkey_pbe	public_key-1.21.4	/usr/local/lib/otp-29.0.5/lib/erlang/lib/public_key-1.21.4/ebin/pubkey_pbe.beam
pubkey_pem	public_key-1.21.4	/usr/local/lib/otp-29.0.5/lib/erlang/lib/public_key-1.21.4/ebin/pubkey_pem.beam
pubkey_policy_tree	public_key-1.21.4	/usr/local/lib/otp-29.0.5/lib/erlang/lib/public_key-1.21.4/ebin/pubkey_policy_tree.beam
pubkey_ssh	public_key-1.21.4	/usr/local/lib/otp-29.0.5/lib/erlang/lib/public_key-1.21.4/ebin/pubkey_ssh.beam
pubkey_translation	public_key-1.21.4	/usr/local/lib/otp-29.0.5/lib/erlang/lib/public_key-1.21.4/ebin/pubkey_translation.beam
public_key	public_key-1.21.4	/usr/local/lib/otp-29.0.5/lib/erlang/lib/public_key-1.21.4/ebin/public_key.beam
qlc	stdlib-8.0.3	/usr/local/lib/otp-29.0.5/lib/erlang/lib/stdlib-8.0.3/ebin/qlc.beam
qlc_pt	stdlib-8.0.3	/usr/local/lib/otp-29.0.5/lib/erlang/lib/stdlib-8.0.3/ebin/qlc_pt.beam
queue	stdlib-8.0.3	/usr/local/lib/otp-29.0.5/lib/erlang/lib/stdlib-8.0.3/ebin/queue.beam
ram_file	kernel-11.0.3	/usr/local/lib/otp-29.0.5/lib/erlang/lib/kernel-11.0.3/ebin/ram_file.beam
rand	stdlib-8.0.3	/usr/local/lib/otp-29.0.5/lib/erlang/lib/stdlib-8.0.3/ebin/rand.beam
random	stdlib-8.0.3	/usr/local/lib/otp-29.0.5/lib/erlang/lib/stdlib-8.0.3/ebin/random.beam
raw_file_io	kernel-11.0.3	/usr/local/lib/otp-29.0.5/lib/erlang/lib/kernel-11.0.3/ebin/raw_file_io.beam
raw_file_io_compressed	kernel-11.0.3	/usr/local/lib/otp-29.0.5/lib/erlang/lib/kernel-11.0.3/ebin/raw_file_io_compressed.beam
raw_file_io_deflate	kernel-11.0.3	/usr/local/lib/otp-29.0.5/lib/erlang/lib/kernel-11.0.3/ebin/raw_file_io_deflate.beam
raw_file_io_delayed	kernel-11.0.3	/usr/local/lib/otp-29.0.5/lib/erlang/lib/kernel-11.0.3/ebin/raw_file_io_delayed.beam
raw_file_io_inflate	kernel-11.0.3	/usr/local/lib/otp-29.0.5/lib/erlang/lib/kernel-11.0.3/ebin/raw_file_io_inflate.beam
raw_file_io_list	kernel-11.0.3	/usr/local/lib/otp-29.0.5/lib/erlang/lib/kernel-11.0.3/ebin/raw_file_io_list.beam
rb	sasl-4.4	/usr/local/lib/otp-29.0.5/lib/erlang/lib/sasl-4.4/ebin/rb.beam
rb_format_supp	sasl-4.4	/usr/local/lib/otp-29.0.5/lib/erlang/lib/sasl-4.4/ebin/rb_format_supp.beam
re	stdlib-8.0.3	/usr/local/lib/otp-29.0.5/lib/erlang/lib/stdlib-8.0.3/ebin/re.beam
rec_env	compiler-10.0.3	/usr/local/lib/otp-29.0.5/lib/erlang/lib/compiler-10.0.3/ebin/rec_env.beam
records	stdlib-8.0.3	/usr/local/lib/otp-29.0.5/lib/erlang/lib/stdlib-8.0.3/ebin/records.beam
release_handler	sasl-4.4	/usr/local/lib/otp-29.0.5/lib/erlang/lib/sasl-4.4/ebin/release_handler.beam
release_handler_1	sasl-4.4	/usr/local/lib/otp-29.0.5/lib/erlang/lib/sasl-4.4/ebin/release_handler_1.beam
reltool	reltool-1.1	/usr/local/lib/otp-29.0.5/lib/erlang/lib/reltool-1.1/ebin/reltool.beam
reltool_app_win	reltool-1.1	/usr/local/lib/otp-29.0.5/lib/erlang/lib/reltool-1.1/ebin/reltool_app_win.beam
reltool_fgraph	reltool-1.1	/usr/local/lib/otp-29.0.5/lib/erlang/lib/reltool-1.1/ebin/reltool_fgraph.beam
reltool_fgraph_win	reltool-1.1	/usr/local/lib/otp-29.0.5/lib/erlang/lib/reltool-1.1/ebin/reltool_fgraph_win.beam
reltool_mod_win	reltool-1.1	/usr/local/lib/otp-29.0.5/lib/erlang/lib/reltool-1.1/ebin/reltool_mod_win.beam
reltool_server	reltool-1.1	/usr/local/lib/otp-29.0.5/lib/erlang/lib/reltool-1.1/ebin/reltool_server.beam
reltool_sys_win	reltool-1.1	/usr/local/lib/otp-29.0.5/lib/erlang/lib/reltool-1.1/ebin/reltool_sys_win.beam
reltool_target	reltool-1.1	/usr/local/lib/otp-29.0.5/lib/erlang/lib/reltool-1.1/ebin/reltool_target.beam
reltool_utils	reltool-1.1	/usr/local/lib/otp-29.0.5/lib/erlang/lib/reltool-1.1/ebin/reltool_utils.beam
rpc	kernel-11.0.3	/usr/local/lib/otp-29.0.5/lib/erlang/lib/kernel-11.0.3/ebin/rpc.beam
runtime_tools	runtime_tools-2.4	/usr/local/lib/otp-29.0.5/lib/erlang/lib/runtime_tools-2.4/ebin/runtime_tools.beam
runtime_tools_sup	runtime_tools-2.4	/usr/local/lib/otp-29.0.5/lib/erlang/lib/runtime_tools-2.4/ebin/runtime_tools_sup.beam
sasl	sasl-4.4	/usr/local/lib/otp-29.0.5/lib/erlang/lib/sasl-4.4/ebin/sasl.beam
sasl_report	sasl-4.4	/usr/local/lib/otp-29.0.5/lib/erlang/lib/sasl-4.4/ebin/sasl_report.beam
sasl_report_file_h	sasl-4.4	/usr/local/lib/otp-29.0.5/lib/erlang/lib/sasl-4.4/ebin/sasl_report_file_h.beam
sasl_report_tty_h	sasl-4.4	/usr/local/lib/otp-29.0.5/lib/erlang/lib/sasl-4.4/ebin/sasl_report_tty_h.beam
scheduler	runtime_tools-2.4	/usr/local/lib/otp-29.0.5/lib/erlang/lib/runtime_tools-2.4/ebin/scheduler.beam
seq_trace	kernel-11.0.3	/usr/local/lib/otp-29.0.5/lib/erlang/lib/kernel-11.0.3/ebin/seq_trace.beam
sets	stdlib-8.0.3	/usr/local/lib/otp-29.0.5/lib/erlang/lib/stdlib-8.0.3/ebin/sets.beam
shell	stdlib-8.0.3	/usr/local/lib/otp-29.0.5/lib/erlang/lib/stdlib-8.0.3/ebin/shell.beam
shell_default	stdlib-8.0.3	/usr/local/lib/otp-29.0.5/lib/erlang/lib/stdlib-8.0.3/ebin/shell_default.beam
shell_docs	stdlib-8.0.3	/usr/local/lib/otp-29.0.5/lib/erlang/lib/stdlib-8.0.3/ebin/shell_docs.beam
shell_docs_markdown	stdlib-8.0.3	/usr/local/lib/otp-29.0.5/lib/erlang/lib/stdlib-8.0.3/ebin/shell_docs_markdown.beam
slave	stdlib-8.0.3	/usr/local/lib/otp-29.0.5/lib/erlang/lib/stdlib-8.0.3/ebin/slave.beam
snmp	snmp-5.20.4	/usr/local/lib/otp-29.0.5/lib/erlang/lib/snmp-5.20.4/ebin/snmp.beam
snmp_app	snmp-5.20.4	/usr/local/lib/otp-29.0.5/lib/erlang/lib/snmp-5.20.4/ebin/snmp_app.beam
snmp_app_sup	snmp-5.20.4	/usr/local/lib/otp-29.0.5/lib/erlang/lib/snmp-5.20.4/ebin/snmp_app_sup.beam
snmp_community_mib	snmp-5.20.4	/usr/local/lib/otp-29.0.5/lib/erlang/lib/snmp-5.20.4/ebin/snmp_community_mib.beam
snmp_conf	snmp-5.20.4	/usr/local/lib/otp-29.0.5/lib/erlang/lib/snmp-5.20.4/ebin/snmp_conf.beam
snmp_config	snmp-5.20.4	/usr/local/lib/otp-29.0.5/lib/erlang/lib/snmp-5.20.4/ebin/snmp_config.beam
snmp_framework_mib	snmp-5.20.4	/usr/local/lib/otp-29.0.5/lib/erlang/lib/snmp-5.20.4/ebin/snmp_framework_mib.beam
snmp_generic	snmp-5.20.4	/usr/local/lib/otp-29.0.5/lib/erlang/lib/snmp-5.20.4/ebin/snmp_generic.beam
snmp_generic_mnesia	snmp-5.20.4	/usr/local/lib/otp-29.0.5/lib/erlang/lib/snmp-5.20.4/ebin/snmp_generic_mnesia.beam
snmp_index	snmp-5.20.4	/usr/local/lib/otp-29.0.5/lib/erlang/lib/snmp-5.20.4/ebin/snmp_index.beam
snmp_log	snmp-5.20.4	/usr/local/lib/otp-29.0.5/lib/erlang/lib/snmp-5.20.4/ebin/snmp_log.beam
snmp_mini_mib	snmp-5.20.4	/usr/local/lib/otp-29.0.5/lib/erlang/lib/snmp-5.20.4/ebin/snmp_mini_mib.beam
snmp_misc	snmp-5.20.4	/usr/local/lib/otp-29.0.5/lib/erlang/lib/snmp-5.20.4/ebin/snmp_misc.beam
snmp_note_store	snmp-5.20.4	/usr/local/lib/otp-29.0.5/lib/erlang/lib/snmp-5.20.4/ebin/snmp_note_store.beam
snmp_notification_mib	snmp-5.20.4	/usr/local/lib/otp-29.0.5/lib/erlang/lib/snmp-5.20.4/ebin/snmp_notification_mib.beam
snmp_pdus	snmp-5.20.4	/usr/local/lib/otp-29.0.5/lib/erlang/lib/snmp-5.20.4/ebin/snmp_pdus.beam
snmp_pdus_basic	snmp-5.20.4	/usr/local/lib/otp-29.0.5/lib/erlang/lib/snmp-5.20.4/ebin/snmp_pdus_basic.beam
snmp_shadow_table	snmp-5.20.4	/usr/local/lib/otp-29.0.5/lib/erlang/lib/snmp-5.20.4/ebin/snmp_shadow_table.beam
snmp_standard_mib	snmp-5.20.4	/usr/local/lib/otp-29.0.5/lib/erlang/lib/snmp-5.20.4/ebin/snmp_standard_mib.beam
snmp_target_mib	snmp-5.20.4	/usr/local/lib/otp-29.0.5/lib/erlang/lib/snmp-5.20.4/ebin/snmp_target_mib.beam
snmp_user_based_sm_mib	snmp-5.20.4	/usr/local/lib/otp-29.0.5/lib/erlang/lib/snmp-5.20.4/ebin/snmp_user_based_sm_mib.beam
snmp_usm	snmp-5.20.4	/usr/local/lib/otp-29.0.5/lib/erlang/lib/snmp-5.20.4/ebin/snmp_usm.beam
snmp_verbosity	snmp-5.20.4	/usr/local/lib/otp-29.0.5/lib/erlang/lib/snmp-5.20.4/ebin/snmp_verbosity.beam
snmp_view_based_acm_mib	snmp-5.20.4	/usr/local/lib/otp-29.0.5/lib/erlang/lib/snmp-5.20.4/ebin/snmp_view_based_acm_mib.beam
snmpa	snmp-5.20.4	/usr/local/lib/otp-29.0.5/lib/erlang/lib/snmp-5.20.4/ebin/snmpa.beam
snmpa_acm	snmp-5.20.4	/usr/local/lib/otp-29.0.5/lib/erlang/lib/snmp-5.20.4/ebin/snmpa_acm.beam
snmpa_agent	snmp-5.20.4	/usr/local/lib/otp-29.0.5/lib/erlang/lib/snmp-5.20.4/ebin/snmpa_agent.beam
snmpa_agent_sup	snmp-5.20.4	/usr/local/lib/otp-29.0.5/lib/erlang/lib/snmp-5.20.4/ebin/snmpa_agent_sup.beam
snmpa_app	snmp-5.20.4	/usr/local/lib/otp-29.0.5/lib/erlang/lib/snmp-5.20.4/ebin/snmpa_app.beam
snmpa_authentication_service	snmp-5.20.4	/usr/local/lib/otp-29.0.5/lib/erlang/lib/snmp-5.20.4/ebin/snmpa_authentication_service.beam
snmpa_conf	snmp-5.20.4	/usr/local/lib/otp-29.0.5/lib/erlang/lib/snmp-5.20.4/ebin/snmpa_conf.beam
snmpa_discovery_handler	snmp-5.20.4	/usr/local/lib/otp-29.0.5/lib/erlang/lib/snmp-5.20.4/ebin/snmpa_discovery_handler.beam
snmpa_discovery_handler_default	snmp-5.20.4	/usr/local/lib/otp-29.0.5/lib/erlang/lib/snmp-5.20.4/ebin/snmpa_discovery_handler_default.beam
snmpa_error	snmp-5.20.4	/usr/local/lib/otp-29.0.5/lib/erlang/lib/snmp-5.20.4/ebin/snmpa_error.beam
snmpa_error_io	snmp-5.20.4	/usr/local/lib/otp-29.0.5/lib/erlang/lib/snmp-5.20.4/ebin/snmpa_error_io.beam
snmpa_error_logger	snmp-5.20.4	/usr/local/lib/otp-29.0.5/lib/erlang/lib/snmp-5.20.4/ebin/snmpa_error_logger.beam
snmpa_error_report	snmp-5.20.4	/usr/local/lib/otp-29.0.5/lib/erlang/lib/snmp-5.20.4/ebin/snmpa_error_report.beam
snmpa_get	snmp-5.20.4	/usr/local/lib/otp-29.0.5/lib/erlang/lib/snmp-5.20.4/ebin/snmpa_get.beam
snmpa_get_lib	snmp-5.20.4	/usr/local/lib/otp-29.0.5/lib/erlang/lib/snmp-5.20.4/ebin/snmpa_get_lib.beam
snmpa_get_mechanism	snmp-5.20.4	/usr/local/lib/otp-29.0.5/lib/erlang/lib/snmp-5.20.4/ebin/snmpa_get_mechanism.beam
snmpa_local_db	snmp-5.20.4	/usr/local/lib/otp-29.0.5/lib/erlang/lib/snmp-5.20.4/ebin/snmpa_local_db.beam
snmpa_mib	snmp-5.20.4	/usr/local/lib/otp-29.0.5/lib/erlang/lib/snmp-5.20.4/ebin/snmpa_mib.beam
snmpa_mib_data	snmp-5.20.4	/usr/local/lib/otp-29.0.5/lib/erlang/lib/snmp-5.20.4/ebin/snmpa_mib_data.beam
snmpa_mib_data_tttn	snmp-5.20.4	/usr/local/lib/otp-29.0.5/lib/erlang/lib/snmp-5.20.4/ebin/snmpa_mib_data_tttn.beam
snmpa_mib_lib	snmp-5.20.4	/usr/local/lib/otp-29.0.5/lib/erlang/lib/snmp-5.20.4/ebin/snmpa_mib_lib.beam
snmpa_mib_storage	snmp-5.20.4	/usr/local/lib/otp-29.0.5/lib/erlang/lib/snmp-5.20.4/ebin/snmpa_mib_storage.beam
snmpa_mib_storage_dets	snmp-5.20.4	/usr/local/lib/otp-29.0.5/lib/erlang/lib/snmp-5.20.4/ebin/snmpa_mib_storage_dets.beam
snmpa_mib_storage_ets	snmp-5.20.4	/usr/local/lib/otp-29.0.5/lib/erlang/lib/snmp-5.20.4/ebin/snmpa_mib_storage_ets.beam
snmpa_mib_storage_mnesia	snmp-5.20.4	/usr/local/lib/otp-29.0.5/lib/erlang/lib/snmp-5.20.4/ebin/snmpa_mib_storage_mnesia.beam
snmpa_misc_sup	snmp-5.20.4	/usr/local/lib/otp-29.0.5/lib/erlang/lib/snmp-5.20.4/ebin/snmpa_misc_sup.beam
snmpa_mpd	snmp-5.20.4	/usr/local/lib/otp-29.0.5/lib/erlang/lib/snmp-5.20.4/ebin/snmpa_mpd.beam
snmpa_net_if	snmp-5.20.4	/usr/local/lib/otp-29.0.5/lib/erlang/lib/snmp-5.20.4/ebin/snmpa_net_if.beam
snmpa_net_if_filter	snmp-5.20.4	/usr/local/lib/otp-29.0.5/lib/erlang/lib/snmp-5.20.4/ebin/snmpa_net_if_filter.beam
snmpa_network_interface	snmp-5.20.4	/usr/local/lib/otp-29.0.5/lib/erlang/lib/snmp-5.20.4/ebin/snmpa_network_interface.beam
snmpa_network_interface_filter	snmp-5.20.4	/usr/local/lib/otp-29.0.5/lib/erlang/lib/snmp-5.20.4/ebin/snmpa_network_interface_filter.beam
snmpa_notification_delivery_info_receiver	snmp-5.20.4	/usr/local/lib/otp-29.0.5/lib/erlang/lib/snmp-5.20.4/ebin/snmpa_notification_delivery_info_receiver.beam
snmpa_notification_filter	snmp-5.20.4	/usr/local/lib/otp-29.0.5/lib/erlang/lib/snmp-5.20.4/ebin/snmpa_notification_filter.beam
snmpa_set	snmp-5.20.4	/usr/local/lib/otp-29.0.5/lib/erlang/lib/snmp-5.20.4/ebin/snmpa_set.beam
snmpa_set_lib	snmp-5.20.4	/usr/local/lib/otp-29.0.5/lib/erlang/lib/snmp-5.20.4/ebin/snmpa_set_lib.beam
snmpa_set_mechanism	snmp-5.20.4	/usr/local/lib/otp-29.0.5/lib/erlang/lib/snmp-5.20.4/ebin/snmpa_set_mechanism.beam
snmpa_supervisor	snmp-5.20.4	/usr/local/lib/otp-29.0.5/lib/erlang/lib/snmp-5.20.4/ebin/snmpa_supervisor.beam
snmpa_svbl	snmp-5.20.4	/usr/local/lib/otp-29.0.5/lib/erlang/lib/snmp-5.20.4/ebin/snmpa_svbl.beam
snmpa_symbolic_store	snmp-5.20.4	/usr/local/lib/otp-29.0.5/lib/erlang/lib/snmp-5.20.4/ebin/snmpa_symbolic_store.beam
snmpa_target_cache	snmp-5.20.4	/usr/local/lib/otp-29.0.5/lib/erlang/lib/snmp-5.20.4/ebin/snmpa_target_cache.beam
snmpa_trap	snmp-5.20.4	/usr/local/lib/otp-29.0.5/lib/erlang/lib/snmp-5.20.4/ebin/snmpa_trap.beam
snmpa_usm	snmp-5.20.4	/usr/local/lib/otp-29.0.5/lib/erlang/lib/snmp-5.20.4/ebin/snmpa_usm.beam
snmpa_vacm	snmp-5.20.4	/usr/local/lib/otp-29.0.5/lib/erlang/lib/snmp-5.20.4/ebin/snmpa_vacm.beam
snmpc	snmp-5.20.4	/usr/local/lib/otp-29.0.5/lib/erlang/lib/snmp-5.20.4/ebin/snmpc.beam
snmpc_lib	snmp-5.20.4	/usr/local/lib/otp-29.0.5/lib/erlang/lib/snmp-5.20.4/ebin/snmpc_lib.beam
snmpc_mib_gram	snmp-5.20.4	/usr/local/lib/otp-29.0.5/lib/erlang/lib/snmp-5.20.4/ebin/snmpc_mib_gram.beam
snmpc_mib_to_hrl	snmp-5.20.4	/usr/local/lib/otp-29.0.5/lib/erlang/lib/snmp-5.20.4/ebin/snmpc_mib_to_hrl.beam
snmpc_misc	snmp-5.20.4	/usr/local/lib/otp-29.0.5/lib/erlang/lib/snmp-5.20.4/ebin/snmpc_misc.beam
snmpc_tok	snmp-5.20.4	/usr/local/lib/otp-29.0.5/lib/erlang/lib/snmp-5.20.4/ebin/snmpc_tok.beam
snmpm	snmp-5.20.4	/usr/local/lib/otp-29.0.5/lib/erlang/lib/snmp-5.20.4/ebin/snmpm.beam
snmpm_conf	snmp-5.20.4	/usr/local/lib/otp-29.0.5/lib/erlang/lib/snmp-5.20.4/ebin/snmpm_conf.beam
snmpm_config	snmp-5.20.4	/usr/local/lib/otp-29.0.5/lib/erlang/lib/snmp-5.20.4/ebin/snmpm_config.beam
snmpm_misc_sup	snmp-5.20.4	/usr/local/lib/otp-29.0.5/lib/erlang/lib/snmp-5.20.4/ebin/snmpm_misc_sup.beam
snmpm_mpd	snmp-5.20.4	/usr/local/lib/otp-29.0.5/lib/erlang/lib/snmp-5.20.4/ebin/snmpm_mpd.beam
snmpm_net_if	snmp-5.20.4	/usr/local/lib/otp-29.0.5/lib/erlang/lib/snmp-5.20.4/ebin/snmpm_net_if.beam
snmpm_net_if_filter	snmp-5.20.4	/usr/local/lib/otp-29.0.5/lib/erlang/lib/snmp-5.20.4/ebin/snmpm_net_if_filter.beam
snmpm_net_if_mt	snmp-5.20.4	/usr/local/lib/otp-29.0.5/lib/erlang/lib/snmp-5.20.4/ebin/snmpm_net_if_mt.beam
snmpm_network_interface	snmp-5.20.4	/usr/local/lib/otp-29.0.5/lib/erlang/lib/snmp-5.20.4/ebin/snmpm_network_interface.beam
snmpm_network_interface_filter	snmp-5.20.4	/usr/local/lib/otp-29.0.5/lib/erlang/lib/snmp-5.20.4/ebin/snmpm_network_interface_filter.beam
snmpm_server	snmp-5.20.4	/usr/local/lib/otp-29.0.5/lib/erlang/lib/snmp-5.20.4/ebin/snmpm_server.beam
snmpm_server_sup	snmp-5.20.4	/usr/local/lib/otp-29.0.5/lib/erlang/lib/snmp-5.20.4/ebin/snmpm_server_sup.beam
snmpm_supervisor	snmp-5.20.4	/usr/local/lib/otp-29.0.5/lib/erlang/lib/snmp-5.20.4/ebin/snmpm_supervisor.beam
snmpm_user	snmp-5.20.4	/usr/local/lib/otp-29.0.5/lib/erlang/lib/snmp-5.20.4/ebin/snmpm_user.beam
snmpm_user_default	snmp-5.20.4	/usr/local/lib/otp-29.0.5/lib/erlang/lib/snmp-5.20.4/ebin/snmpm_user_default.beam
snmpm_user_old	snmp-5.20.4	/usr/local/lib/otp-29.0.5/lib/erlang/lib/snmp-5.20.4/ebin/snmpm_user_old.beam
snmpm_usm	snmp-5.20.4	/usr/local/lib/otp-29.0.5/lib/erlang/lib/snmp-5.20.4/ebin/snmpm_usm.beam
socket	kernel-11.0.3	/usr/local/lib/otp-29.0.5/lib/erlang/lib/kernel-11.0.3/ebin/socket.beam
socket_registry	erts-17.0.5	/usr/local/lib/otp-29.0.5/lib/erlang/lib/erts-17.0.5/ebin/socket_registry.beam
sofs	stdlib-8.0.3	/usr/local/lib/otp-29.0.5/lib/erlang/lib/stdlib-8.0.3/ebin/sofs.beam
ssh	ssh-6.0.4	/usr/local/lib/otp-29.0.5/lib/erlang/lib/ssh-6.0.4/ebin/ssh.beam
ssh_acceptor	ssh-6.0.4	/usr/local/lib/otp-29.0.5/lib/erlang/lib/ssh-6.0.4/ebin/ssh_acceptor.beam
ssh_acceptor_sup	ssh-6.0.4	/usr/local/lib/otp-29.0.5/lib/erlang/lib/ssh-6.0.4/ebin/ssh_acceptor_sup.beam
ssh_agent	ssh-6.0.4	/usr/local/lib/otp-29.0.5/lib/erlang/lib/ssh-6.0.4/ebin/ssh_agent.beam
ssh_app	ssh-6.0.4	/usr/local/lib/otp-29.0.5/lib/erlang/lib/ssh-6.0.4/ebin/ssh_app.beam
ssh_auth	ssh-6.0.4	/usr/local/lib/otp-29.0.5/lib/erlang/lib/ssh-6.0.4/ebin/ssh_auth.beam
ssh_bits	ssh-6.0.4	/usr/local/lib/otp-29.0.5/lib/erlang/lib/ssh-6.0.4/ebin/ssh_bits.beam
ssh_channel	ssh-6.0.4	/usr/local/lib/otp-29.0.5/lib/erlang/lib/ssh-6.0.4/ebin/ssh_channel.beam
ssh_channel_sup	ssh-6.0.4	/usr/local/lib/otp-29.0.5/lib/erlang/lib/ssh-6.0.4/ebin/ssh_channel_sup.beam
ssh_cli	ssh-6.0.4	/usr/local/lib/otp-29.0.5/lib/erlang/lib/ssh-6.0.4/ebin/ssh_cli.beam
ssh_client_channel	ssh-6.0.4	/usr/local/lib/otp-29.0.5/lib/erlang/lib/ssh-6.0.4/ebin/ssh_client_channel.beam
ssh_client_key_api	ssh-6.0.4	/usr/local/lib/otp-29.0.5/lib/erlang/lib/ssh-6.0.4/ebin/ssh_client_key_api.beam
ssh_connection	ssh-6.0.4	/usr/local/lib/otp-29.0.5/lib/erlang/lib/ssh-6.0.4/ebin/ssh_connection.beam
ssh_connection_handler	ssh-6.0.4	/usr/local/lib/otp-29.0.5/lib/erlang/lib/ssh-6.0.4/ebin/ssh_connection_handler.beam
ssh_connection_sup	ssh-6.0.4	/usr/local/lib/otp-29.0.5/lib/erlang/lib/ssh-6.0.4/ebin/ssh_connection_sup.beam
ssh_daemon_channel	ssh-6.0.4	/usr/local/lib/otp-29.0.5/lib/erlang/lib/ssh-6.0.4/ebin/ssh_daemon_channel.beam
ssh_dbg	ssh-6.0.4	/usr/local/lib/otp-29.0.5/lib/erlang/lib/ssh-6.0.4/ebin/ssh_dbg.beam
ssh_file	ssh-6.0.4	/usr/local/lib/otp-29.0.5/lib/erlang/lib/ssh-6.0.4/ebin/ssh_file.beam
ssh_fsm_kexinit	ssh-6.0.4	/usr/local/lib/otp-29.0.5/lib/erlang/lib/ssh-6.0.4/ebin/ssh_fsm_kexinit.beam
ssh_fsm_userauth_client	ssh-6.0.4	/usr/local/lib/otp-29.0.5/lib/erlang/lib/ssh-6.0.4/ebin/ssh_fsm_userauth_client.beam
ssh_fsm_userauth_server	ssh-6.0.4	/usr/local/lib/otp-29.0.5/lib/erlang/lib/ssh-6.0.4/ebin/ssh_fsm_userauth_server.beam
ssh_info	ssh-6.0.4	/usr/local/lib/otp-29.0.5/lib/erlang/lib/ssh-6.0.4/ebin/ssh_info.beam
ssh_io	ssh-6.0.4	/usr/local/lib/otp-29.0.5/lib/erlang/lib/ssh-6.0.4/ebin/ssh_io.beam
ssh_lib	ssh-6.0.4	/usr/local/lib/otp-29.0.5/lib/erlang/lib/ssh-6.0.4/ebin/ssh_lib.beam
ssh_lsocket	ssh-6.0.4	/usr/local/lib/otp-29.0.5/lib/erlang/lib/ssh-6.0.4/ebin/ssh_lsocket.beam
ssh_lsocket_sup	ssh-6.0.4	/usr/local/lib/otp-29.0.5/lib/erlang/lib/ssh-6.0.4/ebin/ssh_lsocket_sup.beam
ssh_message	ssh-6.0.4	/usr/local/lib/otp-29.0.5/lib/erlang/lib/ssh-6.0.4/ebin/ssh_message.beam
ssh_no_io	ssh-6.0.4	/usr/local/lib/otp-29.0.5/lib/erlang/lib/ssh-6.0.4/ebin/ssh_no_io.beam
ssh_options	ssh-6.0.4	/usr/local/lib/otp-29.0.5/lib/erlang/lib/ssh-6.0.4/ebin/ssh_options.beam
ssh_server_channel	ssh-6.0.4	/usr/local/lib/otp-29.0.5/lib/erlang/lib/ssh-6.0.4/ebin/ssh_server_channel.beam
ssh_server_key_api	ssh-6.0.4	/usr/local/lib/otp-29.0.5/lib/erlang/lib/ssh-6.0.4/ebin/ssh_server_key_api.beam
ssh_sftp	ssh-6.0.4	/usr/local/lib/otp-29.0.5/lib/erlang/lib/ssh-6.0.4/ebin/ssh_sftp.beam
ssh_sftpd	ssh-6.0.4	/usr/local/lib/otp-29.0.5/lib/erlang/lib/ssh-6.0.4/ebin/ssh_sftpd.beam
ssh_sftpd_file	ssh-6.0.4	/usr/local/lib/otp-29.0.5/lib/erlang/lib/ssh-6.0.4/ebin/ssh_sftpd_file.beam
ssh_sftpd_file_api	ssh-6.0.4	/usr/local/lib/otp-29.0.5/lib/erlang/lib/ssh-6.0.4/ebin/ssh_sftpd_file_api.beam
ssh_shell	ssh-6.0.4	/usr/local/lib/otp-29.0.5/lib/erlang/lib/ssh-6.0.4/ebin/ssh_shell.beam
ssh_system_sup	ssh-6.0.4	/usr/local/lib/otp-29.0.5/lib/erlang/lib/ssh-6.0.4/ebin/ssh_system_sup.beam
ssh_tcpip_forward_acceptor	ssh-6.0.4	/usr/local/lib/otp-29.0.5/lib/erlang/lib/ssh-6.0.4/ebin/ssh_tcpip_forward_acceptor.beam
ssh_tcpip_forward_acceptor_sup	ssh-6.0.4	/usr/local/lib/otp-29.0.5/lib/erlang/lib/ssh-6.0.4/ebin/ssh_tcpip_forward_acceptor_sup.beam
ssh_tcpip_forward_client	ssh-6.0.4	/usr/local/lib/otp-29.0.5/lib/erlang/lib/ssh-6.0.4/ebin/ssh_tcpip_forward_client.beam
ssh_tcpip_forward_srv	ssh-6.0.4	/usr/local/lib/otp-29.0.5/lib/erlang/lib/ssh-6.0.4/ebin/ssh_tcpip_forward_srv.beam
ssh_transport	ssh-6.0.4	/usr/local/lib/otp-29.0.5/lib/erlang/lib/ssh-6.0.4/ebin/ssh_transport.beam
ssh_xfer	ssh-6.0.4	/usr/local/lib/otp-29.0.5/lib/erlang/lib/ssh-6.0.4/ebin/ssh_xfer.beam
ssl	ssl-11.7.4	/usr/local/lib/otp-29.0.5/lib/erlang/lib/ssl-11.7.4/ebin/ssl.beam
ssl_admin_sup	ssl-11.7.4	/usr/local/lib/otp-29.0.5/lib/erlang/lib/ssl-11.7.4/ebin/ssl_admin_sup.beam
ssl_alert	ssl-11.7.4	/usr/local/lib/otp-29.0.5/lib/erlang/lib/ssl-11.7.4/ebin/ssl_alert.beam
ssl_app	ssl-11.7.4	/usr/local/lib/otp-29.0.5/lib/erlang/lib/ssl-11.7.4/ebin/ssl_app.beam
ssl_certificate	ssl-11.7.4	/usr/local/lib/otp-29.0.5/lib/erlang/lib/ssl-11.7.4/ebin/ssl_certificate.beam
ssl_cipher	ssl-11.7.4	/usr/local/lib/otp-29.0.5/lib/erlang/lib/ssl-11.7.4/ebin/ssl_cipher.beam
ssl_cipher_format	ssl-11.7.4	/usr/local/lib/otp-29.0.5/lib/erlang/lib/ssl-11.7.4/ebin/ssl_cipher_format.beam
ssl_client_session_cache_db	ssl-11.7.4	/usr/local/lib/otp-29.0.5/lib/erlang/lib/ssl-11.7.4/ebin/ssl_client_session_cache_db.beam
ssl_config	ssl-11.7.4	/usr/local/lib/otp-29.0.5/lib/erlang/lib/ssl-11.7.4/ebin/ssl_config.beam
ssl_connection_sup	ssl-11.7.4	/usr/local/lib/otp-29.0.5/lib/erlang/lib/ssl-11.7.4/ebin/ssl_connection_sup.beam
ssl_crl	ssl-11.7.4	/usr/local/lib/otp-29.0.5/lib/erlang/lib/ssl-11.7.4/ebin/ssl_crl.beam
ssl_crl_cache	ssl-11.7.4	/usr/local/lib/otp-29.0.5/lib/erlang/lib/ssl-11.7.4/ebin/ssl_crl_cache.beam
ssl_crl_cache_api	ssl-11.7.4	/usr/local/lib/otp-29.0.5/lib/erlang/lib/ssl-11.7.4/ebin/ssl_crl_cache_api.beam
ssl_crl_hash_dir	ssl-11.7.4	/usr/local/lib/otp-29.0.5/lib/erlang/lib/ssl-11.7.4/ebin/ssl_crl_hash_dir.beam
ssl_dh_groups	ssl-11.7.4	/usr/local/lib/otp-29.0.5/lib/erlang/lib/ssl-11.7.4/ebin/ssl_dh_groups.beam
ssl_dist_admin_sup	ssl-11.7.4	/usr/local/lib/otp-29.0.5/lib/erlang/lib/ssl-11.7.4/ebin/ssl_dist_admin_sup.beam
ssl_dist_connection_sup	ssl-11.7.4	/usr/local/lib/otp-29.0.5/lib/erlang/lib/ssl-11.7.4/ebin/ssl_dist_connection_sup.beam
ssl_dist_sup	ssl-11.7.4	/usr/local/lib/otp-29.0.5/lib/erlang/lib/ssl-11.7.4/ebin/ssl_dist_sup.beam
ssl_gen_statem	ssl-11.7.4	/usr/local/lib/otp-29.0.5/lib/erlang/lib/ssl-11.7.4/ebin/ssl_gen_statem.beam
ssl_handshake	ssl-11.7.4	/usr/local/lib/otp-29.0.5/lib/erlang/lib/ssl-11.7.4/ebin/ssl_handshake.beam
ssl_listen_tracker_sup	ssl-11.7.4	/usr/local/lib/otp-29.0.5/lib/erlang/lib/ssl-11.7.4/ebin/ssl_listen_tracker_sup.beam
ssl_logger	ssl-11.7.4	/usr/local/lib/otp-29.0.5/lib/erlang/lib/ssl-11.7.4/ebin/ssl_logger.beam
ssl_manager	ssl-11.7.4	/usr/local/lib/otp-29.0.5/lib/erlang/lib/ssl-11.7.4/ebin/ssl_manager.beam
ssl_pem_cache	ssl-11.7.4	/usr/local/lib/otp-29.0.5/lib/erlang/lib/ssl-11.7.4/ebin/ssl_pem_cache.beam
ssl_pkix_db	ssl-11.7.4	/usr/local/lib/otp-29.0.5/lib/erlang/lib/ssl-11.7.4/ebin/ssl_pkix_db.beam
ssl_record	ssl-11.7.4	/usr/local/lib/otp-29.0.5/lib/erlang/lib/ssl-11.7.4/ebin/ssl_record.beam
ssl_server_session_cache	ssl-11.7.4	/usr/local/lib/otp-29.0.5/lib/erlang/lib/ssl-11.7.4/ebin/ssl_server_session_cache.beam
ssl_server_session_cache_db	ssl-11.7.4	/usr/local/lib/otp-29.0.5/lib/erlang/lib/ssl-11.7.4/ebin/ssl_server_session_cache_db.beam
ssl_server_session_cache_sup	ssl-11.7.4	/usr/local/lib/otp-29.0.5/lib/erlang/lib/ssl-11.7.4/ebin/ssl_server_session_cache_sup.beam
ssl_session	ssl-11.7.4	/usr/local/lib/otp-29.0.5/lib/erlang/lib/ssl-11.7.4/ebin/ssl_session.beam
ssl_session_cache_api	ssl-11.7.4	/usr/local/lib/otp-29.0.5/lib/erlang/lib/ssl-11.7.4/ebin/ssl_session_cache_api.beam
ssl_srp_primes	ssl-11.7.4	/usr/local/lib/otp-29.0.5/lib/erlang/lib/ssl-11.7.4/ebin/ssl_srp_primes.beam
ssl_sup	ssl-11.7.4	/usr/local/lib/otp-29.0.5/lib/erlang/lib/ssl-11.7.4/ebin/ssl_sup.beam
ssl_trace	ssl-11.7.4	/usr/local/lib/otp-29.0.5/lib/erlang/lib/ssl-11.7.4/ebin/ssl_trace.beam
ssl_upgrade_server_session_cache_sup	ssl-11.7.4	/usr/local/lib/otp-29.0.5/lib/erlang/lib/ssl-11.7.4/ebin/ssl_upgrade_server_session_cache_sup.beam
standard_error	kernel-11.0.3	/usr/local/lib/otp-29.0.5/lib/erlang/lib/kernel-11.0.3/ebin/standard_error.beam
string	stdlib-8.0.3	/usr/local/lib/otp-29.0.5/lib/erlang/lib/stdlib-8.0.3/ebin/string.beam
supervisor	stdlib-8.0.3	/usr/local/lib/otp-29.0.5/lib/erlang/lib/stdlib-8.0.3/ebin/supervisor.beam
supervisor_bridge	stdlib-8.0.3	/usr/local/lib/otp-29.0.5/lib/erlang/lib/stdlib-8.0.3/ebin/supervisor_bridge.beam
sys	stdlib-8.0.3	/usr/local/lib/otp-29.0.5/lib/erlang/lib/stdlib-8.0.3/ebin/sys.beam
sys_core_alias	compiler-10.0.3	/usr/local/lib/otp-29.0.5/lib/erlang/lib/compiler-10.0.3/ebin/sys_core_alias.beam
sys_core_bsm	compiler-10.0.3	/usr/local/lib/otp-29.0.5/lib/erlang/lib/compiler-10.0.3/ebin/sys_core_bsm.beam
sys_core_fold	compiler-10.0.3	/usr/local/lib/otp-29.0.5/lib/erlang/lib/compiler-10.0.3/ebin/sys_core_fold.beam
sys_core_fold_lists	compiler-10.0.3	/usr/local/lib/otp-29.0.5/lib/erlang/lib/compiler-10.0.3/ebin/sys_core_fold_lists.beam
sys_core_inline	compiler-10.0.3	/usr/local/lib/otp-29.0.5/lib/erlang/lib/compiler-10.0.3/ebin/sys_core_inline.beam
sys_core_prepare	compiler-10.0.3	/usr/local/lib/otp-29.0.5/lib/erlang/lib/compiler-10.0.3/ebin/sys_core_prepare.beam
sys_coverage	compiler-10.0.3	/usr/local/lib/otp-29.0.5/lib/erlang/lib/compiler-10.0.3/ebin/sys_coverage.beam
sys_messages	compiler-10.0.3	/usr/local/lib/otp-29.0.5/lib/erlang/lib/compiler-10.0.3/ebin/sys_messages.beam
sys_pre_attributes	compiler-10.0.3	/usr/local/lib/otp-29.0.5/lib/erlang/lib/compiler-10.0.3/ebin/sys_pre_attributes.beam
system_information	runtime_tools-2.4	/usr/local/lib/otp-29.0.5/lib/erlang/lib/runtime_tools-2.4/ebin/system_information.beam
systools	sasl-4.4	/usr/local/lib/otp-29.0.5/lib/erlang/lib/sasl-4.4/ebin/systools.beam
systools_lib	sasl-4.4	/usr/local/lib/otp-29.0.5/lib/erlang/lib/sasl-4.4/ebin/systools_lib.beam
systools_make	sasl-4.4	/usr/local/lib/otp-29.0.5/lib/erlang/lib/sasl-4.4/ebin/systools_make.beam
systools_rc	sasl-4.4	/usr/local/lib/otp-29.0.5/lib/erlang/lib/sasl-4.4/ebin/systools_rc.beam
systools_relup	sasl-4.4	/usr/local/lib/otp-29.0.5/lib/erlang/lib/sasl-4.4/ebin/systools_relup.beam
tags	tools-4.2.1	/usr/local/lib/otp-29.0.5/lib/erlang/lib/tools-4.2.1/ebin/tags.beam
test_server	common_test-1.31.1	/usr/local/lib/otp-29.0.5/lib/erlang/lib/common_test-1.31.1/ebin/test_server.beam
test_server_ctrl	common_test-1.31.1	/usr/local/lib/otp-29.0.5/lib/erlang/lib/common_test-1.31.1/ebin/test_server_ctrl.beam
test_server_gl	common_test-1.31.1	/usr/local/lib/otp-29.0.5/lib/erlang/lib/common_test-1.31.1/ebin/test_server_gl.beam
test_server_io	common_test-1.31.1	/usr/local/lib/otp-29.0.5/lib/erlang/lib/common_test-1.31.1/ebin/test_server_io.beam
test_server_node	common_test-1.31.1	/usr/local/lib/otp-29.0.5/lib/erlang/lib/common_test-1.31.1/ebin/test_server_node.beam
test_server_sup	common_test-1.31.1	/usr/local/lib/otp-29.0.5/lib/erlang/lib/common_test-1.31.1/ebin/test_server_sup.beam
tftp	tftp-1.3	/usr/local/lib/otp-29.0.5/lib/erlang/lib/tftp-1.3/ebin/tftp.beam
tftp_app	tftp-1.3	/usr/local/lib/otp-29.0.5/lib/erlang/lib/tftp-1.3/ebin/tftp_app.beam
tftp_binary	tftp-1.3	/usr/local/lib/otp-29.0.5/lib/erlang/lib/tftp-1.3/ebin/tftp_binary.beam
tftp_engine	tftp-1.3	/usr/local/lib/otp-29.0.5/lib/erlang/lib/tftp-1.3/ebin/tftp_engine.beam
tftp_file	tftp-1.3	/usr/local/lib/otp-29.0.5/lib/erlang/lib/tftp-1.3/ebin/tftp_file.beam
tftp_lib	tftp-1.3	/usr/local/lib/otp-29.0.5/lib/erlang/lib/tftp-1.3/ebin/tftp_lib.beam
tftp_logger	tftp-1.3	/usr/local/lib/otp-29.0.5/lib/erlang/lib/tftp-1.3/ebin/tftp_logger.beam
tftp_sup	tftp-1.3	/usr/local/lib/otp-29.0.5/lib/erlang/lib/tftp-1.3/ebin/tftp_sup.beam
timer	stdlib-8.0.3	/usr/local/lib/otp-29.0.5/lib/erlang/lib/stdlib-8.0.3/ebin/timer.beam
tls_bloom_filter	ssl-11.7.4	/usr/local/lib/otp-29.0.5/lib/erlang/lib/ssl-11.7.4/ebin/tls_bloom_filter.beam
tls_client_connection	ssl-11.7.4	/usr/local/lib/otp-29.0.5/lib/erlang/lib/ssl-11.7.4/ebin/tls_client_connection.beam
tls_client_connection_1_3	ssl-11.7.4	/usr/local/lib/otp-29.0.5/lib/erlang/lib/ssl-11.7.4/ebin/tls_client_connection_1_3.beam
tls_client_ticket_store	ssl-11.7.4	/usr/local/lib/otp-29.0.5/lib/erlang/lib/ssl-11.7.4/ebin/tls_client_ticket_store.beam
tls_connection_sup	ssl-11.7.4	/usr/local/lib/otp-29.0.5/lib/erlang/lib/ssl-11.7.4/ebin/tls_connection_sup.beam
tls_dist_server_sup	ssl-11.7.4	/usr/local/lib/otp-29.0.5/lib/erlang/lib/ssl-11.7.4/ebin/tls_dist_server_sup.beam
tls_dist_sup	ssl-11.7.4	/usr/local/lib/otp-29.0.5/lib/erlang/lib/ssl-11.7.4/ebin/tls_dist_sup.beam
tls_dtls_client_connection	ssl-11.7.4	/usr/local/lib/otp-29.0.5/lib/erlang/lib/ssl-11.7.4/ebin/tls_dtls_client_connection.beam
tls_dtls_gen_connection	ssl-11.7.4	/usr/local/lib/otp-29.0.5/lib/erlang/lib/ssl-11.7.4/ebin/tls_dtls_gen_connection.beam
tls_dtls_server_connection	ssl-11.7.4	/usr/local/lib/otp-29.0.5/lib/erlang/lib/ssl-11.7.4/ebin/tls_dtls_server_connection.beam
tls_dyn_connection_sup	ssl-11.7.4	/usr/local/lib/otp-29.0.5/lib/erlang/lib/ssl-11.7.4/ebin/tls_dyn_connection_sup.beam
tls_gen_connection	ssl-11.7.4	/usr/local/lib/otp-29.0.5/lib/erlang/lib/ssl-11.7.4/ebin/tls_gen_connection.beam
tls_gen_connection_1_3	ssl-11.7.4	/usr/local/lib/otp-29.0.5/lib/erlang/lib/ssl-11.7.4/ebin/tls_gen_connection_1_3.beam
tls_handshake	ssl-11.7.4	/usr/local/lib/otp-29.0.5/lib/erlang/lib/ssl-11.7.4/ebin/tls_handshake.beam
tls_handshake_1_3	ssl-11.7.4	/usr/local/lib/otp-29.0.5/lib/erlang/lib/ssl-11.7.4/ebin/tls_handshake_1_3.beam
tls_record	ssl-11.7.4	/usr/local/lib/otp-29.0.5/lib/erlang/lib/ssl-11.7.4/ebin/tls_record.beam
tls_record_1_3	ssl-11.7.4	/usr/local/lib/otp-29.0.5/lib/erlang/lib/ssl-11.7.4/ebin/tls_record_1_3.beam
tls_sender	ssl-11.7.4	/usr/local/lib/otp-29.0.5/lib/erlang/lib/ssl-11.7.4/ebin/tls_sender.beam
tls_server_connection	ssl-11.7.4	/usr/local/lib/otp-29.0.5/lib/erlang/lib/ssl-11.7.4/ebin/tls_server_connection.beam
tls_server_connection_1_3	ssl-11.7.4	/usr/local/lib/otp-29.0.5/lib/erlang/lib/ssl-11.7.4/ebin/tls_server_connection_1_3.beam
tls_server_session_ticket	ssl-11.7.4	/usr/local/lib/otp-29.0.5/lib/erlang/lib/ssl-11.7.4/ebin/tls_server_session_ticket.beam
tls_server_session_ticket_sup	ssl-11.7.4	/usr/local/lib/otp-29.0.5/lib/erlang/lib/ssl-11.7.4/ebin/tls_server_session_ticket_sup.beam
tls_server_sup	ssl-11.7.4	/usr/local/lib/otp-29.0.5/lib/erlang/lib/ssl-11.7.4/ebin/tls_server_sup.beam
tls_socket	ssl-11.7.4	/usr/local/lib/otp-29.0.5/lib/erlang/lib/ssl-11.7.4/ebin/tls_socket.beam
tls_socket_tcp	ssl-11.7.4	/usr/local/lib/otp-29.0.5/lib/erlang/lib/ssl-11.7.4/ebin/tls_socket_tcp.beam
tls_sup	ssl-11.7.4	/usr/local/lib/otp-29.0.5/lib/erlang/lib/ssl-11.7.4/ebin/tls_sup.beam
tls_v1	ssl-11.7.4	/usr/local/lib/otp-29.0.5/lib/erlang/lib/ssl-11.7.4/ebin/tls_v1.beam
tprof	tools-4.2.1	/usr/local/lib/otp-29.0.5/lib/erlang/lib/tools-4.2.1/ebin/tprof.beam
trace	kernel-11.0.3	/usr/local/lib/otp-29.0.5/lib/erlang/lib/kernel-11.0.3/ebin/trace.beam
ttb	observer-2.19	/usr/local/lib/otp-29.0.5/lib/erlang/lib/observer-2.19/ebin/ttb.beam
ttb_autostart	runtime_tools-2.4	/usr/local/lib/otp-29.0.5/lib/erlang/lib/runtime_tools-2.4/ebin/ttb_autostart.beam
ttb_et	observer-2.19	/usr/local/lib/otp-29.0.5/lib/erlang/lib/observer-2.19/ebin/ttb_et.beam
typer	dialyzer-6.0.2	/usr/local/lib/otp-29.0.5/lib/erlang/lib/dialyzer-6.0.2/ebin/typer.beam
typer_core	dialyzer-6.0.2	/usr/local/lib/otp-29.0.5/lib/erlang/lib/dialyzer-6.0.2/ebin/typer_core.beam
unicode	stdlib-8.0.3	/usr/local/lib/otp-29.0.5/lib/erlang/lib/stdlib-8.0.3/ebin/unicode.beam
unicode_util	stdlib-8.0.3	/usr/local/lib/otp-29.0.5/lib/erlang/lib/stdlib-8.0.3/ebin/unicode_util.beam
unix_telnet	common_test-1.31.1	/usr/local/lib/otp-29.0.5/lib/erlang/lib/common_test-1.31.1/ebin/unix_telnet.beam
uri_string	stdlib-8.0.3	/usr/local/lib/otp-29.0.5/lib/erlang/lib/stdlib-8.0.3/ebin/uri_string.beam
user_drv	kernel-11.0.3	/usr/local/lib/otp-29.0.5/lib/erlang/lib/kernel-11.0.3/ebin/user_drv.beam
user_sup	kernel-11.0.3	/usr/local/lib/otp-29.0.5/lib/erlang/lib/kernel-11.0.3/ebin/user_sup.beam
v3_core	compiler-10.0.3	/usr/local/lib/otp-29.0.5/lib/erlang/lib/compiler-10.0.3/ebin/v3_core.beam
win32reg	stdlib-8.0.3	/usr/local/lib/otp-29.0.5/lib/erlang/lib/stdlib-8.0.3/ebin/win32reg.beam
wrap_log_reader	kernel-11.0.3	/usr/local/lib/otp-29.0.5/lib/erlang/lib/kernel-11.0.3/ebin/wrap_log_reader.beam
wx	wx-2.6	/usr/local/lib/otp-29.0.5/lib/erlang/lib/wx-2.6/ebin/wx.beam
wxAcceleratorEntry	wx-2.6	/usr/local/lib/otp-29.0.5/lib/erlang/lib/wx-2.6/ebin/wxAcceleratorEntry.beam
wxAcceleratorTable	wx-2.6	/usr/local/lib/otp-29.0.5/lib/erlang/lib/wx-2.6/ebin/wxAcceleratorTable.beam
wxActivateEvent	wx-2.6	/usr/local/lib/otp-29.0.5/lib/erlang/lib/wx-2.6/ebin/wxActivateEvent.beam
wxArtProvider	wx-2.6	/usr/local/lib/otp-29.0.5/lib/erlang/lib/wx-2.6/ebin/wxArtProvider.beam
wxAuiDockArt	wx-2.6	/usr/local/lib/otp-29.0.5/lib/erlang/lib/wx-2.6/ebin/wxAuiDockArt.beam
wxAuiManager	wx-2.6	/usr/local/lib/otp-29.0.5/lib/erlang/lib/wx-2.6/ebin/wxAuiManager.beam
wxAuiManagerEvent	wx-2.6	/usr/local/lib/otp-29.0.5/lib/erlang/lib/wx-2.6/ebin/wxAuiManagerEvent.beam
wxAuiNotebook	wx-2.6	/usr/local/lib/otp-29.0.5/lib/erlang/lib/wx-2.6/ebin/wxAuiNotebook.beam
wxAuiNotebookEvent	wx-2.6	/usr/local/lib/otp-29.0.5/lib/erlang/lib/wx-2.6/ebin/wxAuiNotebookEvent.beam
wxAuiPaneInfo	wx-2.6	/usr/local/lib/otp-29.0.5/lib/erlang/lib/wx-2.6/ebin/wxAuiPaneInfo.beam
wxAuiSimpleTabArt	wx-2.6	/usr/local/lib/otp-29.0.5/lib/erlang/lib/wx-2.6/ebin/wxAuiSimpleTabArt.beam
wxAuiTabArt	wx-2.6	/usr/local/lib/otp-29.0.5/lib/erlang/lib/wx-2.6/ebin/wxAuiTabArt.beam
wxBitmap	wx-2.6	/usr/local/lib/otp-29.0.5/lib/erlang/lib/wx-2.6/ebin/wxBitmap.beam
wxBitmapButton	wx-2.6	/usr/local/lib/otp-29.0.5/lib/erlang/lib/wx-2.6/ebin/wxBitmapButton.beam
wxBitmapDataObject	wx-2.6	/usr/local/lib/otp-29.0.5/lib/erlang/lib/wx-2.6/ebin/wxBitmapDataObject.beam
wxBookCtrlBase	wx-2.6	/usr/local/lib/otp-29.0.5/lib/erlang/lib/wx-2.6/ebin/wxBookCtrlBase.beam
wxBookCtrlEvent	wx-2.6	/usr/local/lib/otp-29.0.5/lib/erlang/lib/wx-2.6/ebin/wxBookCtrlEvent.beam
wxBoxSizer	wx-2.6	/usr/local/lib/otp-29.0.5/lib/erlang/lib/wx-2.6/ebin/wxBoxSizer.beam
wxBrush	wx-2.6	/usr/local/lib/otp-29.0.5/lib/erlang/lib/wx-2.6/ebin/wxBrush.beam
wxBufferedDC	wx-2.6	/usr/local/lib/otp-29.0.5/lib/erlang/lib/wx-2.6/ebin/wxBufferedDC.beam
wxBufferedPaintDC	wx-2.6	/usr/local/lib/otp-29.0.5/lib/erlang/lib/wx-2.6/ebin/wxBufferedPaintDC.beam
wxButton	wx-2.6	/usr/local/lib/otp-29.0.5/lib/erlang/lib/wx-2.6/ebin/wxButton.beam
wxCalendarCtrl	wx-2.6	/usr/local/lib/otp-29.0.5/lib/erlang/lib/wx-2.6/ebin/wxCalendarCtrl.beam
wxCalendarDateAttr	wx-2.6	/usr/local/lib/otp-29.0.5/lib/erlang/lib/wx-2.6/ebin/wxCalendarDateAttr.beam
wxCalendarEvent	wx-2.6	/usr/local/lib/otp-29.0.5/lib/erlang/lib/wx-2.6/ebin/wxCalendarEvent.beam
wxCaret	wx-2.6	/usr/local/lib/otp-29.0.5/lib/erlang/lib/wx-2.6/ebin/wxCaret.beam
wxCheckBox	wx-2.6	/usr/local/lib/otp-29.0.5/lib/erlang/lib/wx-2.6/ebin/wxCheckBox.beam
wxCheckListBox	wx-2.6	/usr/local/lib/otp-29.0.5/lib/erlang/lib/wx-2.6/ebin/wxCheckListBox.beam
wxChildFocusEvent	wx-2.6	/usr/local/lib/otp-29.0.5/lib/erlang/lib/wx-2.6/ebin/wxChildFocusEvent.beam
wxChoice	wx-2.6	/usr/local/lib/otp-29.0.5/lib/erlang/lib/wx-2.6/ebin/wxChoice.beam
wxChoicebook	wx-2.6	/usr/local/lib/otp-29.0.5/lib/erlang/lib/wx-2.6/ebin/wxChoicebook.beam
wxClientDC	wx-2.6	/usr/local/lib/otp-29.0.5/lib/erlang/lib/wx-2.6/ebin/wxClientDC.beam
wxClipboard	wx-2.6	/usr/local/lib/otp-29.0.5/lib/erlang/lib/wx-2.6/ebin/wxClipboard.beam
wxClipboardTextEvent	wx-2.6	/usr/local/lib/otp-29.0.5/lib/erlang/lib/wx-2.6/ebin/wxClipboardTextEvent.beam
wxCloseEvent	wx-2.6	/usr/local/lib/otp-29.0.5/lib/erlang/lib/wx-2.6/ebin/wxCloseEvent.beam
wxColourData	wx-2.6	/usr/local/lib/otp-29.0.5/lib/erlang/lib/wx-2.6/ebin/wxColourData.beam
wxColourDialog	wx-2.6	/usr/local/lib/otp-29.0.5/lib/erlang/lib/wx-2.6/ebin/wxColourDialog.beam
wxColourPickerCtrl	wx-2.6	/usr/local/lib/otp-29.0.5/lib/erlang/lib/wx-2.6/ebin/wxColourPickerCtrl.beam
wxColourPickerEvent	wx-2.6	/usr/local/lib/otp-29.0.5/lib/erlang/lib/wx-2.6/ebin/wxColourPickerEvent.beam
wxComboBox	wx-2.6	/usr/local/lib/otp-29.0.5/lib/erlang/lib/wx-2.6/ebin/wxComboBox.beam
wxCommandEvent	wx-2.6	/usr/local/lib/otp-29.0.5/lib/erlang/lib/wx-2.6/ebin/wxCommandEvent.beam
wxContextMenuEvent	wx-2.6	/usr/local/lib/otp-29.0.5/lib/erlang/lib/wx-2.6/ebin/wxContextMenuEvent.beam
wxControl	wx-2.6	/usr/local/lib/otp-29.0.5/lib/erlang/lib/wx-2.6/ebin/wxControl.beam
wxControlWithItems	wx-2.6	/usr/local/lib/otp-29.0.5/lib/erlang/lib/wx-2.6/ebin/wxControlWithItems.beam
wxCursor	wx-2.6	/usr/local/lib/otp-29.0.5/lib/erlang/lib/wx-2.6/ebin/wxCursor.beam
wxDC	wx-2.6	/usr/local/lib/otp-29.0.5/lib/erlang/lib/wx-2.6/ebin/wxDC.beam
wxDCOverlay	wx-2.6	/usr/local/lib/otp-29.0.5/lib/erlang/lib/wx-2.6/ebin/wxDCOverlay.beam
wxDataObject	wx-2.6	/usr/local/lib/otp-29.0.5/lib/erlang/lib/wx-2.6/ebin/wxDataObject.beam
wxDateEvent	wx-2.6	/usr/local/lib/otp-29.0.5/lib/erlang/lib/wx-2.6/ebin/wxDateEvent.beam
wxDatePickerCtrl	wx-2.6	/usr/local/lib/otp-29.0.5/lib/erlang/lib/wx-2.6/ebin/wxDatePickerCtrl.beam
wxDialog	wx-2.6	/usr/local/lib/otp-29.0.5/lib/erlang/lib/wx-2.6/ebin/wxDialog.beam
wxDirDialog	wx-2.6	/usr/local/lib/otp-29.0.5/lib/erlang/lib/wx-2.6/ebin/wxDirDialog.beam
wxDirPickerCtrl	wx-2.6	/usr/local/lib/otp-29.0.5/lib/erlang/lib/wx-2.6/ebin/wxDirPickerCtrl.beam
wxDisplay	wx-2.6	/usr/local/lib/otp-29.0.5/lib/erlang/lib/wx-2.6/ebin/wxDisplay.beam
wxDisplayChangedEvent	wx-2.6	/usr/local/lib/otp-29.0.5/lib/erlang/lib/wx-2.6/ebin/wxDisplayChangedEvent.beam
wxDropFilesEvent	wx-2.6	/usr/local/lib/otp-29.0.5/lib/erlang/lib/wx-2.6/ebin/wxDropFilesEvent.beam
wxEraseEvent	wx-2.6	/usr/local/lib/otp-29.0.5/lib/erlang/lib/wx-2.6/ebin/wxEraseEvent.beam
wxEvent	wx-2.6	/usr/local/lib/otp-29.0.5/lib/erlang/lib/wx-2.6/ebin/wxEvent.beam
wxEvtHandler	wx-2.6	/usr/local/lib/otp-29.0.5/lib/erlang/lib/wx-2.6/ebin/wxEvtHandler.beam
wxFileDataObject	wx-2.6	/usr/local/lib/otp-29.0.5/lib/erlang/lib/wx-2.6/ebin/wxFileDataObject.beam
wxFileDialog	wx-2.6	/usr/local/lib/otp-29.0.5/lib/erlang/lib/wx-2.6/ebin/wxFileDialog.beam
wxFileDirPickerEvent	wx-2.6	/usr/local/lib/otp-29.0.5/lib/erlang/lib/wx-2.6/ebin/wxFileDirPickerEvent.beam
wxFilePickerCtrl	wx-2.6	/usr/local/lib/otp-29.0.5/lib/erlang/lib/wx-2.6/ebin/wxFilePickerCtrl.beam
wxFindReplaceData	wx-2.6	/usr/local/lib/otp-29.0.5/lib/erlang/lib/wx-2.6/ebin/wxFindReplaceData.beam
wxFindReplaceDialog	wx-2.6	/usr/local/lib/otp-29.0.5/lib/erlang/lib/wx-2.6/ebin/wxFindReplaceDialog.beam
wxFlexGridSizer	wx-2.6	/usr/local/lib/otp-29.0.5/lib/erlang/lib/wx-2.6/ebin/wxFlexGridSizer.beam
wxFocusEvent	wx-2.6	/usr/local/lib/otp-29.0.5/lib/erlang/lib/wx-2.6/ebin/wxFocusEvent.beam
wxFont	wx-2.6	/usr/local/lib/otp-29.0.5/lib/erlang/lib/wx-2.6/ebin/wxFont.beam
wxFontData	wx-2.6	/usr/local/lib/otp-29.0.5/lib/erlang/lib/wx-2.6/ebin/wxFontData.beam
wxFontDialog	wx-2.6	/usr/local/lib/otp-29.0.5/lib/erlang/lib/wx-2.6/ebin/wxFontDialog.beam
wxFontPickerCtrl	wx-2.6	/usr/local/lib/otp-29.0.5/lib/erlang/lib/wx-2.6/ebin/wxFontPickerCtrl.beam
wxFontPickerEvent	wx-2.6	/usr/local/lib/otp-29.0.5/lib/erlang/lib/wx-2.6/ebin/wxFontPickerEvent.beam
wxFrame	wx-2.6	/usr/local/lib/otp-29.0.5/lib/erlang/lib/wx-2.6/ebin/wxFrame.beam
wxGBSizerItem	wx-2.6	/usr/local/lib/otp-29.0.5/lib/erlang/lib/wx-2.6/ebin/wxGBSizerItem.beam
wxGCDC	wx-2.6	/usr/local/lib/otp-29.0.5/lib/erlang/lib/wx-2.6/ebin/wxGCDC.beam
wxGLCanvas	wx-2.6	/usr/local/lib/otp-29.0.5/lib/erlang/lib/wx-2.6/ebin/wxGLCanvas.beam
wxGLContext	wx-2.6	/usr/local/lib/otp-29.0.5/lib/erlang/lib/wx-2.6/ebin/wxGLContext.beam
wxGauge	wx-2.6	/usr/local/lib/otp-29.0.5/lib/erlang/lib/wx-2.6/ebin/wxGauge.beam
wxGenericDirCtrl	wx-2.6	/usr/local/lib/otp-29.0.5/lib/erlang/lib/wx-2.6/ebin/wxGenericDirCtrl.beam
wxGraphicsBrush	wx-2.6	/usr/local/lib/otp-29.0.5/lib/erlang/lib/wx-2.6/ebin/wxGraphicsBrush.beam
wxGraphicsContext	wx-2.6	/usr/local/lib/otp-29.0.5/lib/erlang/lib/wx-2.6/ebin/wxGraphicsContext.beam
wxGraphicsFont	wx-2.6	/usr/local/lib/otp-29.0.5/lib/erlang/lib/wx-2.6/ebin/wxGraphicsFont.beam
wxGraphicsGradientStops	wx-2.6	/usr/local/lib/otp-29.0.5/lib/erlang/lib/wx-2.6/ebin/wxGraphicsGradientStops.beam
wxGraphicsMatrix	wx-2.6	/usr/local/lib/otp-29.0.5/lib/erlang/lib/wx-2.6/ebin/wxGraphicsMatrix.beam
wxGraphicsObject	wx-2.6	/usr/local/lib/otp-29.0.5/lib/erlang/lib/wx-2.6/ebin/wxGraphicsObject.beam
wxGraphicsPath	wx-2.6	/usr/local/lib/otp-29.0.5/lib/erlang/lib/wx-2.6/ebin/wxGraphicsPath.beam
wxGraphicsPen	wx-2.6	/usr/local/lib/otp-29.0.5/lib/erlang/lib/wx-2.6/ebin/wxGraphicsPen.beam
wxGraphicsRenderer	wx-2.6	/usr/local/lib/otp-29.0.5/lib/erlang/lib/wx-2.6/ebin/wxGraphicsRenderer.beam
wxGrid	wx-2.6	/usr/local/lib/otp-29.0.5/lib/erlang/lib/wx-2.6/ebin/wxGrid.beam
wxGridBagSizer	wx-2.6	/usr/local/lib/otp-29.0.5/lib/erlang/lib/wx-2.6/ebin/wxGridBagSizer.beam
wxGridCellAttr	wx-2.6	/usr/local/lib/otp-29.0.5/lib/erlang/lib/wx-2.6/ebin/wxGridCellAttr.beam
wxGridCellBoolEditor	wx-2.6	/usr/local/lib/otp-29.0.5/lib/erlang/lib/wx-2.6/ebin/wxGridCellBoolEditor.beam
wxGridCellBoolRenderer	wx-2.6	/usr/local/lib/otp-29.0.5/lib/erlang/lib/wx-2.6/ebin/wxGridCellBoolRenderer.beam
wxGridCellChoiceEditor	wx-2.6	/usr/local/lib/otp-29.0.5/lib/erlang/lib/wx-2.6/ebin/wxGridCellChoiceEditor.beam
wxGridCellEditor	wx-2.6	/usr/local/lib/otp-29.0.5/lib/erlang/lib/wx-2.6/ebin/wxGridCellEditor.beam
wxGridCellFloatEditor	wx-2.6	/usr/local/lib/otp-29.0.5/lib/erlang/lib/wx-2.6/ebin/wxGridCellFloatEditor.beam
wxGridCellFloatRenderer	wx-2.6	/usr/local/lib/otp-29.0.5/lib/erlang/lib/wx-2.6/ebin/wxGridCellFloatRenderer.beam
wxGridCellNumberEditor	wx-2.6	/usr/local/lib/otp-29.0.5/lib/erlang/lib/wx-2.6/ebin/wxGridCellNumberEditor.beam
wxGridCellNumberRenderer	wx-2.6	/usr/local/lib/otp-29.0.5/lib/erlang/lib/wx-2.6/ebin/wxGridCellNumberRenderer.beam
wxGridCellRenderer	wx-2.6	/usr/local/lib/otp-29.0.5/lib/erlang/lib/wx-2.6/ebin/wxGridCellRenderer.beam
wxGridCellStringRenderer	wx-2.6	/usr/local/lib/otp-29.0.5/lib/erlang/lib/wx-2.6/ebin/wxGridCellStringRenderer.beam
wxGridCellTextEditor	wx-2.6	/usr/local/lib/otp-29.0.5/lib/erlang/lib/wx-2.6/ebin/wxGridCellTextEditor.beam
wxGridEvent	wx-2.6	/usr/local/lib/otp-29.0.5/lib/erlang/lib/wx-2.6/ebin/wxGridEvent.beam
wxGridSizer	wx-2.6	/usr/local/lib/otp-29.0.5/lib/erlang/lib/wx-2.6/ebin/wxGridSizer.beam
wxHelpEvent	wx-2.6	/usr/local/lib/otp-29.0.5/lib/erlang/lib/wx-2.6/ebin/wxHelpEvent.beam
wxHtmlEasyPrinting	wx-2.6	/usr/local/lib/otp-29.0.5/lib/erlang/lib/wx-2.6/ebin/wxHtmlEasyPrinting.beam
wxHtmlLinkEvent	wx-2.6	/usr/local/lib/otp-29.0.5/lib/erlang/lib/wx-2.6/ebin/wxHtmlLinkEvent.beam
wxHtmlWindow	wx-2.6	/usr/local/lib/otp-29.0.5/lib/erlang/lib/wx-2.6/ebin/wxHtmlWindow.beam
wxIcon	wx-2.6	/usr/local/lib/otp-29.0.5/lib/erlang/lib/wx-2.6/ebin/wxIcon.beam
wxIconBundle	wx-2.6	/usr/local/lib/otp-29.0.5/lib/erlang/lib/wx-2.6/ebin/wxIconBundle.beam
wxIconizeEvent	wx-2.6	/usr/local/lib/otp-29.0.5/lib/erlang/lib/wx-2.6/ebin/wxIconizeEvent.beam
wxIdleEvent	wx-2.6	/usr/local/lib/otp-29.0.5/lib/erlang/lib/wx-2.6/ebin/wxIdleEvent.beam
wxImage	wx-2.6	/usr/local/lib/otp-29.0.5/lib/erlang/lib/wx-2.6/ebin/wxImage.beam
wxImageList	wx-2.6	/usr/local/lib/otp-29.0.5/lib/erlang/lib/wx-2.6/ebin/wxImageList.beam
wxInitDialogEvent	wx-2.6	/usr/local/lib/otp-29.0.5/lib/erlang/lib/wx-2.6/ebin/wxInitDialogEvent.beam
wxJoystickEvent	wx-2.6	/usr/local/lib/otp-29.0.5/lib/erlang/lib/wx-2.6/ebin/wxJoystickEvent.beam
wxKeyEvent	wx-2.6	/usr/local/lib/otp-29.0.5/lib/erlang/lib/wx-2.6/ebin/wxKeyEvent.beam
wxLayoutAlgorithm	wx-2.6	/usr/local/lib/otp-29.0.5/lib/erlang/lib/wx-2.6/ebin/wxLayoutAlgorithm.beam
wxListBox	wx-2.6	/usr/local/lib/otp-29.0.5/lib/erlang/lib/wx-2.6/ebin/wxListBox.beam
wxListCtrl	wx-2.6	/usr/local/lib/otp-29.0.5/lib/erlang/lib/wx-2.6/ebin/wxListCtrl.beam
wxListEvent	wx-2.6	/usr/local/lib/otp-29.0.5/lib/erlang/lib/wx-2.6/ebin/wxListEvent.beam
wxListItem	wx-2.6	/usr/local/lib/otp-29.0.5/lib/erlang/lib/wx-2.6/ebin/wxListItem.beam
wxListItemAttr	wx-2.6	/usr/local/lib/otp-29.0.5/lib/erlang/lib/wx-2.6/ebin/wxListItemAttr.beam
wxListView	wx-2.6	/usr/local/lib/otp-29.0.5/lib/erlang/lib/wx-2.6/ebin/wxListView.beam
wxListbook	wx-2.6	/usr/local/lib/otp-29.0.5/lib/erlang/lib/wx-2.6/ebin/wxListbook.beam
wxLocale	wx-2.6	/usr/local/lib/otp-29.0.5/lib/erlang/lib/wx-2.6/ebin/wxLocale.beam
wxLogNull	wx-2.6	/usr/local/lib/otp-29.0.5/lib/erlang/lib/wx-2.6/ebin/wxLogNull.beam
wxMDIChildFrame	wx-2.6	/usr/local/lib/otp-29.0.5/lib/erlang/lib/wx-2.6/ebin/wxMDIChildFrame.beam
wxMDIClientWindow	wx-2.6	/usr/local/lib/otp-29.0.5/lib/erlang/lib/wx-2.6/ebin/wxMDIClientWindow.beam
wxMDIParentFrame	wx-2.6	/usr/local/lib/otp-29.0.5/lib/erlang/lib/wx-2.6/ebin/wxMDIParentFrame.beam
wxMask	wx-2.6	/usr/local/lib/otp-29.0.5/lib/erlang/lib/wx-2.6/ebin/wxMask.beam
wxMaximizeEvent	wx-2.6	/usr/local/lib/otp-29.0.5/lib/erlang/lib/wx-2.6/ebin/wxMaximizeEvent.beam
wxMemoryDC	wx-2.6	/usr/local/lib/otp-29.0.5/lib/erlang/lib/wx-2.6/ebin/wxMemoryDC.beam
wxMenu	wx-2.6	/usr/local/lib/otp-29.0.5/lib/erlang/lib/wx-2.6/ebin/wxMenu.beam
wxMenuBar	wx-2.6	/usr/local/lib/otp-29.0.5/lib/erlang/lib/wx-2.6/ebin/wxMenuBar.beam
wxMenuEvent	wx-2.6	/usr/local/lib/otp-29.0.5/lib/erlang/lib/wx-2.6/ebin/wxMenuEvent.beam
wxMenuItem	wx-2.6	/usr/local/lib/otp-29.0.5/lib/erlang/lib/wx-2.6/ebin/wxMenuItem.beam
wxMessageDialog	wx-2.6	/usr/local/lib/otp-29.0.5/lib/erlang/lib/wx-2.6/ebin/wxMessageDialog.beam
wxMiniFrame	wx-2.6	/usr/local/lib/otp-29.0.5/lib/erlang/lib/wx-2.6/ebin/wxMiniFrame.beam
wxMirrorDC	wx-2.6	/usr/local/lib/otp-29.0.5/lib/erlang/lib/wx-2.6/ebin/wxMirrorDC.beam
wxMouseCaptureChangedEvent	wx-2.6	/usr/local/lib/otp-29.0.5/lib/erlang/lib/wx-2.6/ebin/wxMouseCaptureChangedEvent.beam
wxMouseCaptureLostEvent	wx-2.6	/usr/local/lib/otp-29.0.5/lib/erlang/lib/wx-2.6/ebin/wxMouseCaptureLostEvent.beam
wxMouseEvent	wx-2.6	/usr/local/lib/otp-29.0.5/lib/erlang/lib/wx-2.6/ebin/wxMouseEvent.beam
wxMoveEvent	wx-2.6	/usr/local/lib/otp-29.0.5/lib/erlang/lib/wx-2.6/ebin/wxMoveEvent.beam
wxMultiChoiceDialog	wx-2.6	/usr/local/lib/otp-29.0.5/lib/erlang/lib/wx-2.6/ebin/wxMultiChoiceDialog.beam
wxNavigationKeyEvent	wx-2.6	/usr/local/lib/otp-29.0.5/lib/erlang/lib/wx-2.6/ebin/wxNavigationKeyEvent.beam
wxNotebook	wx-2.6	/usr/local/lib/otp-29.0.5/lib/erlang/lib/wx-2.6/ebin/wxNotebook.beam
wxNotificationMessage	wx-2.6	/usr/local/lib/otp-29.0.5/lib/erlang/lib/wx-2.6/ebin/wxNotificationMessage.beam
wxNotifyEvent	wx-2.6	/usr/local/lib/otp-29.0.5/lib/erlang/lib/wx-2.6/ebin/wxNotifyEvent.beam
wxOverlay	wx-2.6	/usr/local/lib/otp-29.0.5/lib/erlang/lib/wx-2.6/ebin/wxOverlay.beam
wxPageSetupDialog	wx-2.6	/usr/local/lib/otp-29.0.5/lib/erlang/lib/wx-2.6/ebin/wxPageSetupDialog.beam
wxPageSetupDialogData	wx-2.6	/usr/local/lib/otp-29.0.5/lib/erlang/lib/wx-2.6/ebin/wxPageSetupDialogData.beam
wxPaintDC	wx-2.6	/usr/local/lib/otp-29.0.5/lib/erlang/lib/wx-2.6/ebin/wxPaintDC.beam
wxPaintEvent	wx-2.6	/usr/local/lib/otp-29.0.5/lib/erlang/lib/wx-2.6/ebin/wxPaintEvent.beam
wxPalette	wx-2.6	/usr/local/lib/otp-29.0.5/lib/erlang/lib/wx-2.6/ebin/wxPalette.beam
wxPaletteChangedEvent	wx-2.6	/usr/local/lib/otp-29.0.5/lib/erlang/lib/wx-2.6/ebin/wxPaletteChangedEvent.beam
wxPanel	wx-2.6	/usr/local/lib/otp-29.0.5/lib/erlang/lib/wx-2.6/ebin/wxPanel.beam
wxPasswordEntryDialog	wx-2.6	/usr/local/lib/otp-29.0.5/lib/erlang/lib/wx-2.6/ebin/wxPasswordEntryDialog.beam
wxPen	wx-2.6	/usr/local/lib/otp-29.0.5/lib/erlang/lib/wx-2.6/ebin/wxPen.beam
wxPickerBase	wx-2.6	/usr/local/lib/otp-29.0.5/lib/erlang/lib/wx-2.6/ebin/wxPickerBase.beam
wxPopupTransientWindow	wx-2.6	/usr/local/lib/otp-29.0.5/lib/erlang/lib/wx-2.6/ebin/wxPopupTransientWindow.beam
wxPopupWindow	wx-2.6	/usr/local/lib/otp-29.0.5/lib/erlang/lib/wx-2.6/ebin/wxPopupWindow.beam
wxPostScriptDC	wx-2.6	/usr/local/lib/otp-29.0.5/lib/erlang/lib/wx-2.6/ebin/wxPostScriptDC.beam
wxPreviewCanvas	wx-2.6	/usr/local/lib/otp-29.0.5/lib/erlang/lib/wx-2.6/ebin/wxPreviewCanvas.beam
wxPreviewControlBar	wx-2.6	/usr/local/lib/otp-29.0.5/lib/erlang/lib/wx-2.6/ebin/wxPreviewControlBar.beam
wxPreviewFrame	wx-2.6	/usr/local/lib/otp-29.0.5/lib/erlang/lib/wx-2.6/ebin/wxPreviewFrame.beam
wxPrintData	wx-2.6	/usr/local/lib/otp-29.0.5/lib/erlang/lib/wx-2.6/ebin/wxPrintData.beam
wxPrintDialog	wx-2.6	/usr/local/lib/otp-29.0.5/lib/erlang/lib/wx-2.6/ebin/wxPrintDialog.beam
wxPrintDialogData	wx-2.6	/usr/local/lib/otp-29.0.5/lib/erlang/lib/wx-2.6/ebin/wxPrintDialogData.beam
wxPrintPreview	wx-2.6	/usr/local/lib/otp-29.0.5/lib/erlang/lib/wx-2.6/ebin/wxPrintPreview.beam
wxPrinter	wx-2.6	/usr/local/lib/otp-29.0.5/lib/erlang/lib/wx-2.6/ebin/wxPrinter.beam
wxPrintout	wx-2.6	/usr/local/lib/otp-29.0.5/lib/erlang/lib/wx-2.6/ebin/wxPrintout.beam
wxProgressDialog	wx-2.6	/usr/local/lib/otp-29.0.5/lib/erlang/lib/wx-2.6/ebin/wxProgressDialog.beam
wxQueryNewPaletteEvent	wx-2.6	/usr/local/lib/otp-29.0.5/lib/erlang/lib/wx-2.6/ebin/wxQueryNewPaletteEvent.beam
wxRadioBox	wx-2.6	/usr/local/lib/otp-29.0.5/lib/erlang/lib/wx-2.6/ebin/wxRadioBox.beam
wxRadioButton	wx-2.6	/usr/local/lib/otp-29.0.5/lib/erlang/lib/wx-2.6/ebin/wxRadioButton.beam
wxRegion	wx-2.6	/usr/local/lib/otp-29.0.5/lib/erlang/lib/wx-2.6/ebin/wxRegion.beam
wxSashEvent	wx-2.6	/usr/local/lib/otp-29.0.5/lib/erlang/lib/wx-2.6/ebin/wxSashEvent.beam
wxSashLayoutWindow	wx-2.6	/usr/local/lib/otp-29.0.5/lib/erlang/lib/wx-2.6/ebin/wxSashLayoutWindow.beam
wxSashWindow	wx-2.6	/usr/local/lib/otp-29.0.5/lib/erlang/lib/wx-2.6/ebin/wxSashWindow.beam
wxScreenDC	wx-2.6	/usr/local/lib/otp-29.0.5/lib/erlang/lib/wx-2.6/ebin/wxScreenDC.beam
wxScrollBar	wx-2.6	/usr/local/lib/otp-29.0.5/lib/erlang/lib/wx-2.6/ebin/wxScrollBar.beam
wxScrollEvent	wx-2.6	/usr/local/lib/otp-29.0.5/lib/erlang/lib/wx-2.6/ebin/wxScrollEvent.beam
wxScrollWinEvent	wx-2.6	/usr/local/lib/otp-29.0.5/lib/erlang/lib/wx-2.6/ebin/wxScrollWinEvent.beam
wxScrolledWindow	wx-2.6	/usr/local/lib/otp-29.0.5/lib/erlang/lib/wx-2.6/ebin/wxScrolledWindow.beam
wxSetCursorEvent	wx-2.6	/usr/local/lib/otp-29.0.5/lib/erlang/lib/wx-2.6/ebin/wxSetCursorEvent.beam
wxShowEvent	wx-2.6	/usr/local/lib/otp-29.0.5/lib/erlang/lib/wx-2.6/ebin/wxShowEvent.beam
wxSingleChoiceDialog	wx-2.6	/usr/local/lib/otp-29.0.5/lib/erlang/lib/wx-2.6/ebin/wxSingleChoiceDialog.beam
wxSizeEvent	wx-2.6	/usr/local/lib/otp-29.0.5/lib/erlang/lib/wx-2.6/ebin/wxSizeEvent.beam
wxSizer	wx-2.6	/usr/local/lib/otp-29.0.5/lib/erlang/lib/wx-2.6/ebin/wxSizer.beam
wxSizerFlags	wx-2.6	/usr/local/lib/otp-29.0.5/lib/erlang/lib/wx-2.6/ebin/wxSizerFlags.beam
wxSizerItem	wx-2.6	/usr/local/lib/otp-29.0.5/lib/erlang/lib/wx-2.6/ebin/wxSizerItem.beam
wxSlider	wx-2.6	/usr/local/lib/otp-29.0.5/lib/erlang/lib/wx-2.6/ebin/wxSlider.beam
wxSpinButton	wx-2.6	/usr/local/lib/otp-29.0.5/lib/erlang/lib/wx-2.6/ebin/wxSpinButton.beam
wxSpinCtrl	wx-2.6	/usr/local/lib/otp-29.0.5/lib/erlang/lib/wx-2.6/ebin/wxSpinCtrl.beam
wxSpinEvent	wx-2.6	/usr/local/lib/otp-29.0.5/lib/erlang/lib/wx-2.6/ebin/wxSpinEvent.beam
wxSplashScreen	wx-2.6	/usr/local/lib/otp-29.0.5/lib/erlang/lib/wx-2.6/ebin/wxSplashScreen.beam
wxSplitterEvent	wx-2.6	/usr/local/lib/otp-29.0.5/lib/erlang/lib/wx-2.6/ebin/wxSplitterEvent.beam
wxSplitterWindow	wx-2.6	/usr/local/lib/otp-29.0.5/lib/erlang/lib/wx-2.6/ebin/wxSplitterWindow.beam
wxStaticBitmap	wx-2.6	/usr/local/lib/otp-29.0.5/lib/erlang/lib/wx-2.6/ebin/wxStaticBitmap.beam
wxStaticBox	wx-2.6	/usr/local/lib/otp-29.0.5/lib/erlang/lib/wx-2.6/ebin/wxStaticBox.beam
wxStaticBoxSizer	wx-2.6	/usr/local/lib/otp-29.0.5/lib/erlang/lib/wx-2.6/ebin/wxStaticBoxSizer.beam
wxStaticLine	wx-2.6	/usr/local/lib/otp-29.0.5/lib/erlang/lib/wx-2.6/ebin/wxStaticLine.beam
wxStaticText	wx-2.6	/usr/local/lib/otp-29.0.5/lib/erlang/lib/wx-2.6/ebin/wxStaticText.beam
wxStatusBar	wx-2.6	/usr/local/lib/otp-29.0.5/lib/erlang/lib/wx-2.6/ebin/wxStatusBar.beam
wxStdDialogButtonSizer	wx-2.6	/usr/local/lib/otp-29.0.5/lib/erlang/lib/wx-2.6/ebin/wxStdDialogButtonSizer.beam
wxStyledTextCtrl	wx-2.6	/usr/local/lib/otp-29.0.5/lib/erlang/lib/wx-2.6/ebin/wxStyledTextCtrl.beam
wxStyledTextEvent	wx-2.6	/usr/local/lib/otp-29.0.5/lib/erlang/lib/wx-2.6/ebin/wxStyledTextEvent.beam
wxSysColourChangedEvent	wx-2.6	/usr/local/lib/otp-29.0.5/lib/erlang/lib/wx-2.6/ebin/wxSysColourChangedEvent.beam
wxSystemOptions	wx-2.6	/usr/local/lib/otp-29.0.5/lib/erlang/lib/wx-2.6/ebin/wxSystemOptions.beam
wxSystemSettings	wx-2.6	/usr/local/lib/otp-29.0.5/lib/erlang/lib/wx-2.6/ebin/wxSystemSettings.beam
wxTaskBarIcon	wx-2.6	/usr/local/lib/otp-29.0.5/lib/erlang/lib/wx-2.6/ebin/wxTaskBarIcon.beam
wxTaskBarIconEvent	wx-2.6	/usr/local/lib/otp-29.0.5/lib/erlang/lib/wx-2.6/ebin/wxTaskBarIconEvent.beam
wxTextAttr	wx-2.6	/usr/local/lib/otp-29.0.5/lib/erlang/lib/wx-2.6/ebin/wxTextAttr.beam
wxTextCtrl	wx-2.6	/usr/local/lib/otp-29.0.5/lib/erlang/lib/wx-2.6/ebin/wxTextCtrl.beam
wxTextDataObject	wx-2.6	/usr/local/lib/otp-29.0.5/lib/erlang/lib/wx-2.6/ebin/wxTextDataObject.beam
wxTextEntryDialog	wx-2.6	/usr/local/lib/otp-29.0.5/lib/erlang/lib/wx-2.6/ebin/wxTextEntryDialog.beam
wxToggleButton	wx-2.6	/usr/local/lib/otp-29.0.5/lib/erlang/lib/wx-2.6/ebin/wxToggleButton.beam
wxToolBar	wx-2.6	/usr/local/lib/otp-29.0.5/lib/erlang/lib/wx-2.6/ebin/wxToolBar.beam
wxToolTip	wx-2.6	/usr/local/lib/otp-29.0.5/lib/erlang/lib/wx-2.6/ebin/wxToolTip.beam
wxToolbook	wx-2.6	/usr/local/lib/otp-29.0.5/lib/erlang/lib/wx-2.6/ebin/wxToolbook.beam
wxTopLevelWindow	wx-2.6	/usr/local/lib/otp-29.0.5/lib/erlang/lib/wx-2.6/ebin/wxTopLevelWindow.beam
wxTreeCtrl	wx-2.6	/usr/local/lib/otp-29.0.5/lib/erlang/lib/wx-2.6/ebin/wxTreeCtrl.beam
wxTreeEvent	wx-2.6	/usr/local/lib/otp-29.0.5/lib/erlang/lib/wx-2.6/ebin/wxTreeEvent.beam
wxTreebook	wx-2.6	/usr/local/lib/otp-29.0.5/lib/erlang/lib/wx-2.6/ebin/wxTreebook.beam
wxUpdateUIEvent	wx-2.6	/usr/local/lib/otp-29.0.5/lib/erlang/lib/wx-2.6/ebin/wxUpdateUIEvent.beam
wxWebView	wx-2.6	/usr/local/lib/otp-29.0.5/lib/erlang/lib/wx-2.6/ebin/wxWebView.beam
wxWebViewEvent	wx-2.6	/usr/local/lib/otp-29.0.5/lib/erlang/lib/wx-2.6/ebin/wxWebViewEvent.beam
wxWindow	wx-2.6	/usr/local/lib/otp-29.0.5/lib/erlang/lib/wx-2.6/ebin/wxWindow.beam
wxWindowCreateEvent	wx-2.6	/usr/local/lib/otp-29.0.5/lib/erlang/lib/wx-2.6/ebin/wxWindowCreateEvent.beam
wxWindowDC	wx-2.6	/usr/local/lib/otp-29.0.5/lib/erlang/lib/wx-2.6/ebin/wxWindowDC.beam
wxWindowDestroyEvent	wx-2.6	/usr/local/lib/otp-29.0.5/lib/erlang/lib/wx-2.6/ebin/wxWindowDestroyEvent.beam
wxXmlResource	wx-2.6	/usr/local/lib/otp-29.0.5/lib/erlang/lib/wx-2.6/ebin/wxXmlResource.beam
wx_misc	wx-2.6	/usr/local/lib/otp-29.0.5/lib/erlang/lib/wx-2.6/ebin/wx_misc.beam
wx_object	wx-2.6	/usr/local/lib/otp-29.0.5/lib/erlang/lib/wx-2.6/ebin/wx_object.beam
wxe_master	wx-2.6	/usr/local/lib/otp-29.0.5/lib/erlang/lib/wx-2.6/ebin/wxe_master.beam
wxe_server	wx-2.6	/usr/local/lib/otp-29.0.5/lib/erlang/lib/wx-2.6/ebin/wxe_server.beam
wxe_util	wx-2.6	/usr/local/lib/otp-29.0.5/lib/erlang/lib/wx-2.6/ebin/wxe_util.beam
xmerl	xmerl-2.2	/usr/local/lib/otp-29.0.5/lib/erlang/lib/xmerl-2.2/ebin/xmerl.beam
xmerl_b64Bin	xmerl-2.2	/usr/local/lib/otp-29.0.5/lib/erlang/lib/xmerl-2.2/ebin/xmerl_b64Bin.beam
xmerl_b64Bin_scan	xmerl-2.2	/usr/local/lib/otp-29.0.5/lib/erlang/lib/xmerl-2.2/ebin/xmerl_b64Bin_scan.beam
xmerl_eventp	xmerl-2.2	/usr/local/lib/otp-29.0.5/lib/erlang/lib/xmerl-2.2/ebin/xmerl_eventp.beam
xmerl_html	xmerl-2.2	/usr/local/lib/otp-29.0.5/lib/erlang/lib/xmerl-2.2/ebin/xmerl_html.beam
xmerl_lib	xmerl-2.2	/usr/local/lib/otp-29.0.5/lib/erlang/lib/xmerl-2.2/ebin/xmerl_lib.beam
xmerl_otpsgml	xmerl-2.2	/usr/local/lib/otp-29.0.5/lib/erlang/lib/xmerl-2.2/ebin/xmerl_otpsgml.beam
xmerl_sax_old_dom	xmerl-2.2	/usr/local/lib/otp-29.0.5/lib/erlang/lib/xmerl-2.2/ebin/xmerl_sax_old_dom.beam
xmerl_sax_parser	xmerl-2.2	/usr/local/lib/otp-29.0.5/lib/erlang/lib/xmerl-2.2/ebin/xmerl_sax_parser.beam
xmerl_sax_parser_latin1	xmerl-2.2	/usr/local/lib/otp-29.0.5/lib/erlang/lib/xmerl-2.2/ebin/xmerl_sax_parser_latin1.beam
xmerl_sax_parser_list	xmerl-2.2	/usr/local/lib/otp-29.0.5/lib/erlang/lib/xmerl-2.2/ebin/xmerl_sax_parser_list.beam
xmerl_sax_parser_utf16be	xmerl-2.2	/usr/local/lib/otp-29.0.5/lib/erlang/lib/xmerl-2.2/ebin/xmerl_sax_parser_utf16be.beam
xmerl_sax_parser_utf16le	xmerl-2.2	/usr/local/lib/otp-29.0.5/lib/erlang/lib/xmerl-2.2/ebin/xmerl_sax_parser_utf16le.beam
xmerl_sax_parser_utf8	xmerl-2.2	/usr/local/lib/otp-29.0.5/lib/erlang/lib/xmerl-2.2/ebin/xmerl_sax_parser_utf8.beam
xmerl_sax_simple_dom	xmerl-2.2	/usr/local/lib/otp-29.0.5/lib/erlang/lib/xmerl-2.2/ebin/xmerl_sax_simple_dom.beam
xmerl_scan	xmerl-2.2	/usr/local/lib/otp-29.0.5/lib/erlang/lib/xmerl-2.2/ebin/xmerl_scan.beam
xmerl_sgml	xmerl-2.2	/usr/local/lib/otp-29.0.5/lib/erlang/lib/xmerl-2.2/ebin/xmerl_sgml.beam
xmerl_simple	xmerl-2.2	/usr/local/lib/otp-29.0.5/lib/erlang/lib/xmerl-2.2/ebin/xmerl_simple.beam
xmerl_text	xmerl-2.2	/usr/local/lib/otp-29.0.5/lib/erlang/lib/xmerl-2.2/ebin/xmerl_text.beam
xmerl_ucs	xmerl-2.2	/usr/local/lib/otp-29.0.5/lib/erlang/lib/xmerl-2.2/ebin/xmerl_ucs.beam
xmerl_uri	xmerl-2.2	/usr/local/lib/otp-29.0.5/lib/erlang/lib/xmerl-2.2/ebin/xmerl_uri.beam
xmerl_validate	xmerl-2.2	/usr/local/lib/otp-29.0.5/lib/erlang/lib/xmerl-2.2/ebin/xmerl_validate.beam
xmerl_xlate	xmerl-2.2	/usr/local/lib/otp-29.0.5/lib/erlang/lib/xmerl-2.2/ebin/xmerl_xlate.beam
xmerl_xml	xmerl-2.2	/usr/local/lib/otp-29.0.5/lib/erlang/lib/xmerl-2.2/ebin/xmerl_xml.beam
xmerl_xml_indent	xmerl-2.2	/usr/local/lib/otp-29.0.5/lib/erlang/lib/xmerl-2.2/ebin/xmerl_xml_indent.beam
xmerl_xpath	xmerl-2.2	/usr/local/lib/otp-29.0.5/lib/erlang/lib/xmerl-2.2/ebin/xmerl_xpath.beam
xmerl_xpath_lib	xmerl-2.2	/usr/local/lib/otp-29.0.5/lib/erlang/lib/xmerl-2.2/ebin/xmerl_xpath_lib.beam
xmerl_xpath_parse	xmerl-2.2	/usr/local/lib/otp-29.0.5/lib/erlang/lib/xmerl-2.2/ebin/xmerl_xpath_parse.beam
xmerl_xpath_pred	xmerl-2.2	/usr/local/lib/otp-29.0.5/lib/erlang/lib/xmerl-2.2/ebin/xmerl_xpath_pred.beam
xmerl_xpath_scan	xmerl-2.2	/usr/local/lib/otp-29.0.5/lib/erlang/lib/xmerl-2.2/ebin/xmerl_xpath_scan.beam
xmerl_xs	xmerl-2.2	/usr/local/lib/otp-29.0.5/lib/erlang/lib/xmerl-2.2/ebin/xmerl_xs.beam
xmerl_xsd	xmerl-2.2	/usr/local/lib/otp-29.0.5/lib/erlang/lib/xmerl-2.2/ebin/xmerl_xsd.beam
xmerl_xsd_re	xmerl-2.2	/usr/local/lib/otp-29.0.5/lib/erlang/lib/xmerl-2.2/ebin/xmerl_xsd_re.beam
xmerl_xsd_re_parse	xmerl-2.2	/usr/local/lib/otp-29.0.5/lib/erlang/lib/xmerl-2.2/ebin/xmerl_xsd_re_parse.beam
xmerl_xsd_type	xmerl-2.2	/usr/local/lib/otp-29.0.5/lib/erlang/lib/xmerl-2.2/ebin/xmerl_xsd_type.beam
xref	tools-4.2.1	/usr/local/lib/otp-29.0.5/lib/erlang/lib/tools-4.2.1/ebin/xref.beam
xref_base	tools-4.2.1	/usr/local/lib/otp-29.0.5/lib/erlang/lib/tools-4.2.1/ebin/xref_base.beam
xref_compiler	tools-4.2.1	/usr/local/lib/otp-29.0.5/lib/erlang/lib/tools-4.2.1/ebin/xref_compiler.beam
xref_parser	tools-4.2.1	/usr/local/lib/otp-29.0.5/lib/erlang/lib/tools-4.2.1/ebin/xref_parser.beam
xref_reader	tools-4.2.1	/usr/local/lib/otp-29.0.5/lib/erlang/lib/tools-4.2.1/ebin/xref_reader.beam
xref_scanner	tools-4.2.1	/usr/local/lib/otp-29.0.5/lib/erlang/lib/tools-4.2.1/ebin/xref_scanner.beam
xref_utils	tools-4.2.1	/usr/local/lib/otp-29.0.5/lib/erlang/lib/tools-4.2.1/ebin/xref_utils.beam
yecc	parsetools-2.8	/usr/local/lib/otp-29.0.5/lib/erlang/lib/parsetools-2.8/ebin/yecc.beam
yeccparser	parsetools-2.8	/usr/local/lib/otp-29.0.5/lib/erlang/lib/parsetools-2.8/ebin/yeccparser.beam
yeccscan	parsetools-2.8	/usr/local/lib/otp-29.0.5/lib/erlang/lib/parsetools-2.8/ebin/yeccscan.beam
zip	stdlib-8.0.3	/usr/local/lib/otp-29.0.5/lib/erlang/lib/stdlib-8.0.3/ebin/zip.beam
zlib	erts-17.0.5	/usr/local/lib/otp-29.0.5/lib/erlang/lib/erts-17.0.5/ebin/zlib.beam
zstd	stdlib-8.0.3	/usr/local/lib/otp-29.0.5/lib/erlang/lib/stdlib-8.0.3/ebin/zstd.beam
