/home/aion/reach/elixir-reach-20260903/corpus/elixir-1.20.4/lib/elixir/ebin/Elixir.Access.beam	Elixir.ArgumentError
/home/aion/reach/elixir-reach-20260903/corpus/elixir-1.20.4/lib/elixir/ebin/Elixir.Access.beam	Elixir.Enum
/home/aion/reach/elixir-reach-20260903/corpus/elixir-1.20.4/lib/elixir/ebin/Elixir.Access.beam	Elixir.Enum.OutOfBoundsError
/home/aion/reach/elixir-reach-20260903/corpus/elixir-1.20.4/lib/elixir/ebin/Elixir.Access.beam	Elixir.Exception
/home/aion/reach/elixir-reach-20260903/corpus/elixir-1.20.4/lib/elixir/ebin/Elixir.Access.beam	Elixir.Kernel
/home/aion/reach/elixir-reach-20260903/corpus/elixir-1.20.4/lib/elixir/ebin/Elixir.Access.beam	Elixir.Kernel.Utils
/home/aion/reach/elixir-reach-20260903/corpus/elixir-1.20.4/lib/elixir/ebin/Elixir.Access.beam	Elixir.KeyError
/home/aion/reach/elixir-reach-20260903/corpus/elixir-1.20.4/lib/elixir/ebin/Elixir.Access.beam	Elixir.Keyword
/home/aion/reach/elixir-reach-20260903/corpus/elixir-1.20.4/lib/elixir/ebin/Elixir.Access.beam	Elixir.Map
/home/aion/reach/elixir-reach-20260903/corpus/elixir-1.20.4/lib/elixir/ebin/Elixir.Access.beam	Elixir.Range
/home/aion/reach/elixir-reach-20260903/corpus/elixir-1.20.4/lib/elixir/ebin/Elixir.Access.beam	Elixir.RuntimeError
/home/aion/reach/elixir-reach-20260903/corpus/elixir-1.20.4/lib/elixir/ebin/Elixir.Access.beam	elixir_erl_pass
/home/aion/reach/elixir-reach-20260903/corpus/elixir-1.20.4/lib/elixir/ebin/Elixir.Access.beam	erlang
/home/aion/reach/elixir-reach-20260903/corpus/elixir-1.20.4/lib/elixir/ebin/Elixir.Access.beam	lists
/home/aion/reach/elixir-reach-20260903/corpus/elixir-1.20.4/lib/elixir/ebin/Elixir.Access.beam	maps
/home/aion/reach/elixir-reach-20260903/corpus/elixir-1.20.4/lib/elixir/ebin/Elixir.Agent.Server.beam	Elixir.Process
/home/aion/reach/elixir-reach-20260903/corpus/elixir-1.20.4/lib/elixir/ebin/Elixir.Agent.Server.beam	Elixir.Supervisor
/home/aion/reach/elixir-reach-20260903/corpus/elixir-1.20.4/lib/elixir/ebin/Elixir.Agent.Server.beam	erlang
/home/aion/reach/elixir-reach-20260903/corpus/elixir-1.20.4/lib/elixir/ebin/Elixir.Agent.Server.beam	logger
/home/aion/reach/elixir-reach-20260903/corpus/elixir-1.20.4/lib/elixir/ebin/Elixir.Agent.beam	Elixir.GenServer
/home/aion/reach/elixir-reach-20260903/corpus/elixir-1.20.4/lib/elixir/ebin/Elixir.Agent.beam	elixir_quote
/home/aion/reach/elixir-reach-20260903/corpus/elixir-1.20.4/lib/elixir/ebin/Elixir.Agent.beam	erlang
/home/aion/reach/elixir-reach-20260903/corpus/elixir-1.20.4/lib/elixir/ebin/Elixir.Application.beam	Elixir.Access
/home/aion/reach/elixir-reach-20260903/corpus/elixir-1.20.4/lib/elixir/ebin/Elixir.Application.beam	Elixir.ArgumentError
/home/aion/reach/elixir-reach-20260903/corpus/elixir-1.20.4/lib/elixir/ebin/Elixir.Application.beam	Elixir.Enum
/home/aion/reach/elixir-reach-20260903/corpus/elixir-1.20.4/lib/elixir/ebin/Elixir.Application.beam	Elixir.Exception
/home/aion/reach/elixir-reach-20260903/corpus/elixir-1.20.4/lib/elixir/ebin/Elixir.Application.beam	Elixir.IO
/home/aion/reach/elixir-reach-20260903/corpus/elixir-1.20.4/lib/elixir/ebin/Elixir.Application.beam	Elixir.Kernel
/home/aion/reach/elixir-reach-20260903/corpus/elixir-1.20.4/lib/elixir/ebin/Elixir.Application.beam	Elixir.Keyword
/home/aion/reach/elixir-reach-20260903/corpus/elixir-1.20.4/lib/elixir/ebin/Elixir.Application.beam	Elixir.Macro
/home/aion/reach/elixir-reach-20260903/corpus/elixir-1.20.4/lib/elixir/ebin/Elixir.Application.beam	Elixir.Path
/home/aion/reach/elixir-reach-20260903/corpus/elixir-1.20.4/lib/elixir/ebin/Elixir.Application.beam	Elixir.RuntimeError
/home/aion/reach/elixir-reach-20260903/corpus/elixir-1.20.4/lib/elixir/ebin/Elixir.Application.beam	Elixir.String.Chars
/home/aion/reach/elixir-reach-20260903/corpus/elixir-1.20.4/lib/elixir/ebin/Elixir.Application.beam	application
/home/aion/reach/elixir-reach-20260903/corpus/elixir-1.20.4/lib/elixir/ebin/Elixir.Application.beam	code
/home/aion/reach/elixir-reach-20260903/corpus/elixir-1.20.4/lib/elixir/ebin/Elixir.Application.beam	elixir_env
/home/aion/reach/elixir-reach-20260903/corpus/elixir-1.20.4/lib/elixir/ebin/Elixir.Application.beam	elixir_erl_pass
/home/aion/reach/elixir-reach-20260903/corpus/elixir-1.20.4/lib/elixir/ebin/Elixir.Application.beam	elixir_quote
/home/aion/reach/elixir-reach-20260903/corpus/elixir-1.20.4/lib/elixir/ebin/Elixir.Application.beam	erlang
/home/aion/reach/elixir-reach-20260903/corpus/elixir-1.20.4/lib/elixir/ebin/Elixir.Application.beam	lists
/home/aion/reach/elixir-reach-20260903/corpus/elixir-1.20.4/lib/elixir/ebin/Elixir.ArgumentError.beam	Elixir.Enum
/home/aion/reach/elixir-reach-20260903/corpus/elixir-1.20.4/lib/elixir/ebin/Elixir.ArgumentError.beam	Elixir.Kernel
/home/aion/reach/elixir-reach-20260903/corpus/elixir-1.20.4/lib/elixir/ebin/Elixir.ArgumentError.beam	elixir_erl_pass
/home/aion/reach/elixir-reach-20260903/corpus/elixir-1.20.4/lib/elixir/ebin/Elixir.ArgumentError.beam	erlang
/home/aion/reach/elixir-reach-20260903/corpus/elixir-1.20.4/lib/elixir/ebin/Elixir.ArithmeticError.beam	Elixir.Enum
/home/aion/reach/elixir-reach-20260903/corpus/elixir-1.20.4/lib/elixir/ebin/Elixir.ArithmeticError.beam	Elixir.Kernel
/home/aion/reach/elixir-reach-20260903/corpus/elixir-1.20.4/lib/elixir/ebin/Elixir.ArithmeticError.beam	Elixir.String.Chars
/home/aion/reach/elixir-reach-20260903/corpus/elixir-1.20.4/lib/elixir/ebin/Elixir.ArithmeticError.beam	elixir_erl_pass
/home/aion/reach/elixir-reach-20260903/corpus/elixir-1.20.4/lib/elixir/ebin/Elixir.ArithmeticError.beam	erlang
/home/aion/reach/elixir-reach-20260903/corpus/elixir-1.20.4/lib/elixir/ebin/Elixir.Atom.beam	erlang
/home/aion/reach/elixir-reach-20260903/corpus/elixir-1.20.4/lib/elixir/ebin/Elixir.BadArityError.beam	Elixir.Enum
/home/aion/reach/elixir-reach-20260903/corpus/elixir-1.20.4/lib/elixir/ebin/Elixir.BadArityError.beam	Elixir.Kernel
/home/aion/reach/elixir-reach-20260903/corpus/elixir-1.20.4/lib/elixir/ebin/Elixir.BadArityError.beam	Elixir.String.Chars
/home/aion/reach/elixir-reach-20260903/corpus/elixir-1.20.4/lib/elixir/ebin/Elixir.BadArityError.beam	elixir_erl_pass
/home/aion/reach/elixir-reach-20260903/corpus/elixir-1.20.4/lib/elixir/ebin/Elixir.BadArityError.beam	erlang
/home/aion/reach/elixir-reach-20260903/corpus/elixir-1.20.4/lib/elixir/ebin/Elixir.BadBooleanError.beam	Elixir.Enum
/home/aion/reach/elixir-reach-20260903/corpus/elixir-1.20.4/lib/elixir/ebin/Elixir.BadBooleanError.beam	Elixir.Exception
/home/aion/reach/elixir-reach-20260903/corpus/elixir-1.20.4/lib/elixir/ebin/Elixir.BadBooleanError.beam	Elixir.Kernel
/home/aion/reach/elixir-reach-20260903/corpus/elixir-1.20.4/lib/elixir/ebin/Elixir.BadBooleanError.beam	Elixir.String.Chars
/home/aion/reach/elixir-reach-20260903/corpus/elixir-1.20.4/lib/elixir/ebin/Elixir.BadBooleanError.beam	elixir_erl_pass
/home/aion/reach/elixir-reach-20260903/corpus/elixir-1.20.4/lib/elixir/ebin/Elixir.BadBooleanError.beam	erlang
/home/aion/reach/elixir-reach-20260903/corpus/elixir-1.20.4/lib/elixir/ebin/Elixir.BadFunctionError.beam	Elixir.Enum
/home/aion/reach/elixir-reach-20260903/corpus/elixir-1.20.4/lib/elixir/ebin/Elixir.BadFunctionError.beam	Elixir.Kernel
/home/aion/reach/elixir-reach-20260903/corpus/elixir-1.20.4/lib/elixir/ebin/Elixir.BadFunctionError.beam	elixir_erl_pass
/home/aion/reach/elixir-reach-20260903/corpus/elixir-1.20.4/lib/elixir/ebin/Elixir.BadFunctionError.beam	erlang
/home/aion/reach/elixir-reach-20260903/corpus/elixir-1.20.4/lib/elixir/ebin/Elixir.BadMapError.beam	Elixir.Enum
/home/aion/reach/elixir-reach-20260903/corpus/elixir-1.20.4/lib/elixir/ebin/Elixir.BadMapError.beam	Elixir.Exception
/home/aion/reach/elixir-reach-20260903/corpus/elixir-1.20.4/lib/elixir/ebin/Elixir.BadMapError.beam	Elixir.Kernel
/home/aion/reach/elixir-reach-20260903/corpus/elixir-1.20.4/lib/elixir/ebin/Elixir.BadMapError.beam	elixir_erl_pass
/home/aion/reach/elixir-reach-20260903/corpus/elixir-1.20.4/lib/elixir/ebin/Elixir.BadMapError.beam	erlang
/home/aion/reach/elixir-reach-20260903/corpus/elixir-1.20.4/lib/elixir/ebin/Elixir.Base.beam	Elixir.Access
/home/aion/reach/elixir-reach-20260903/corpus/elixir-1.20.4/lib/elixir/ebin/Elixir.Base.beam	Elixir.ArgumentError
/home/aion/reach/elixir-reach-20260903/corpus/elixir-1.20.4/lib/elixir/ebin/Elixir.Base.beam	Elixir.Kernel
/home/aion/reach/elixir-reach-20260903/corpus/elixir-1.20.4/lib/elixir/ebin/Elixir.Base.beam	Elixir.Keyword
/home/aion/reach/elixir-reach-20260903/corpus/elixir-1.20.4/lib/elixir/ebin/Elixir.Base.beam	Elixir.String.Chars
/home/aion/reach/elixir-reach-20260903/corpus/elixir-1.20.4/lib/elixir/ebin/Elixir.Base.beam	erlang
/home/aion/reach/elixir-reach-20260903/corpus/elixir-1.20.4/lib/elixir/ebin/Elixir.Behaviour.beam	Elixir.ArgumentError
/home/aion/reach/elixir-reach-20260903/corpus/elixir-1.20.4/lib/elixir/ebin/Elixir.Behaviour.beam	Elixir.Macro
/home/aion/reach/elixir-reach-20260903/corpus/elixir-1.20.4/lib/elixir/ebin/Elixir.Behaviour.beam	Elixir.String.Chars
/home/aion/reach/elixir-reach-20260903/corpus/elixir-1.20.4/lib/elixir/ebin/Elixir.Behaviour.beam	elixir_quote
/home/aion/reach/elixir-reach-20260903/corpus/elixir-1.20.4/lib/elixir/ebin/Elixir.Behaviour.beam	erlang
/home/aion/reach/elixir-reach-20260903/corpus/elixir-1.20.4/lib/elixir/ebin/Elixir.Behaviour.beam	lists
/home/aion/reach/elixir-reach-20260903/corpus/elixir-1.20.4/lib/elixir/ebin/Elixir.Bitwise.beam	Elixir.Keyword
/home/aion/reach/elixir-reach-20260903/corpus/elixir-1.20.4/lib/elixir/ebin/Elixir.Bitwise.beam	elixir_quote
/home/aion/reach/elixir-reach-20260903/corpus/elixir-1.20.4/lib/elixir/ebin/Elixir.Bitwise.beam	erlang
/home/aion/reach/elixir-reach-20260903/corpus/elixir-1.20.4/lib/elixir/ebin/Elixir.Calendar.ISO.beam	Elixir.ArgumentError
/home/aion/reach/elixir-reach-20260903/corpus/elixir-1.20.4/lib/elixir/ebin/Elixir.Calendar.ISO.beam	Elixir.Enum
/home/aion/reach/elixir-reach-20260903/corpus/elixir-1.20.4/lib/elixir/ebin/Elixir.Calendar.ISO.beam	Elixir.Integer
/home/aion/reach/elixir-reach-20260903/corpus/elixir-1.20.4/lib/elixir/ebin/Elixir.Calendar.ISO.beam	Elixir.Range
/home/aion/reach/elixir-reach-20260903/corpus/elixir-1.20.4/lib/elixir/ebin/Elixir.Calendar.ISO.beam	Elixir.System
/home/aion/reach/elixir-reach-20260903/corpus/elixir-1.20.4/lib/elixir/ebin/Elixir.Calendar.ISO.beam	erlang
/home/aion/reach/elixir-reach-20260903/corpus/elixir-1.20.4/lib/elixir/ebin/Elixir.Calendar.ISO.beam	lists
/home/aion/reach/elixir-reach-20260903/corpus/elixir-1.20.4/lib/elixir/ebin/Elixir.Calendar.TimeZoneDatabase.beam	erlang
/home/aion/reach/elixir-reach-20260903/corpus/elixir-1.20.4/lib/elixir/ebin/Elixir.Calendar.UTCOnlyTimeZoneDatabase.beam	erlang
/home/aion/reach/elixir-reach-20260903/corpus/elixir-1.20.4/lib/elixir/ebin/Elixir.Calendar.beam	Elixir.Application
/home/aion/reach/elixir-reach-20260903/corpus/elixir-1.20.4/lib/elixir/ebin/Elixir.Calendar.beam	Elixir.ArgumentError
/home/aion/reach/elixir-reach-20260903/corpus/elixir-1.20.4/lib/elixir/ebin/Elixir.Calendar.beam	Elixir.Date
/home/aion/reach/elixir-reach-20260903/corpus/elixir-1.20.4/lib/elixir/ebin/Elixir.Calendar.beam	Elixir.DateTime
/home/aion/reach/elixir-reach-20260903/corpus/elixir-1.20.4/lib/elixir/ebin/Elixir.Calendar.beam	Elixir.Enum
/home/aion/reach/elixir-reach-20260903/corpus/elixir-1.20.4/lib/elixir/ebin/Elixir.Calendar.beam	Elixir.Kernel
/home/aion/reach/elixir-reach-20260903/corpus/elixir-1.20.4/lib/elixir/ebin/Elixir.Calendar.beam	Elixir.Map
/home/aion/reach/elixir-reach-20260903/corpus/elixir-1.20.4/lib/elixir/ebin/Elixir.Calendar.beam	Elixir.NaiveDateTime
/home/aion/reach/elixir-reach-20260903/corpus/elixir-1.20.4/lib/elixir/ebin/Elixir.Calendar.beam	Elixir.String
/home/aion/reach/elixir-reach-20260903/corpus/elixir-1.20.4/lib/elixir/ebin/Elixir.Calendar.beam	Elixir.String.Chars
/home/aion/reach/elixir-reach-20260903/corpus/elixir-1.20.4/lib/elixir/ebin/Elixir.Calendar.beam	elixir_erl_pass
/home/aion/reach/elixir-reach-20260903/corpus/elixir-1.20.4/lib/elixir/ebin/Elixir.Calendar.beam	erlang
/home/aion/reach/elixir-reach-20260903/corpus/elixir-1.20.4/lib/elixir/ebin/Elixir.CaseClauseError.beam	Elixir.Enum
/home/aion/reach/elixir-reach-20260903/corpus/elixir-1.20.4/lib/elixir/ebin/Elixir.CaseClauseError.beam	Elixir.Exception
/home/aion/reach/elixir-reach-20260903/corpus/elixir-1.20.4/lib/elixir/ebin/Elixir.CaseClauseError.beam	Elixir.Kernel
/home/aion/reach/elixir-reach-20260903/corpus/elixir-1.20.4/lib/elixir/ebin/Elixir.CaseClauseError.beam	elixir_erl_pass
/home/aion/reach/elixir-reach-20260903/corpus/elixir-1.20.4/lib/elixir/ebin/Elixir.CaseClauseError.beam	erlang
/home/aion/reach/elixir-reach-20260903/corpus/elixir-1.20.4/lib/elixir/ebin/Elixir.Code.Formatter.beam	Elixir.Access
/home/aion/reach/elixir-reach-20260903/corpus/elixir-1.20.4/lib/elixir/ebin/Elixir.Code.Formatter.beam	Elixir.ArgumentError
/home/aion/reach/elixir-reach-20260903/corpus/elixir-1.20.4/lib/elixir/ebin/Elixir.Code.Formatter.beam	Elixir.Code.Identifier
/home/aion/reach/elixir-reach-20260903/corpus/elixir-1.20.4/lib/elixir/ebin/Elixir.Code.Formatter.beam	Elixir.Enum
/home/aion/reach/elixir-reach-20260903/corpus/elixir-1.20.4/lib/elixir/ebin/Elixir.Code.Formatter.beam	Elixir.Inspect.Algebra
/home/aion/reach/elixir-reach-20260903/corpus/elixir-1.20.4/lib/elixir/ebin/Elixir.Code.Formatter.beam	Elixir.Kernel
/home/aion/reach/elixir-reach-20260903/corpus/elixir-1.20.4/lib/elixir/ebin/Elixir.Code.Formatter.beam	Elixir.Keyword
/home/aion/reach/elixir-reach-20260903/corpus/elixir-1.20.4/lib/elixir/ebin/Elixir.Code.Formatter.beam	Elixir.List
/home/aion/reach/elixir-reach-20260903/corpus/elixir-1.20.4/lib/elixir/ebin/Elixir.Code.Formatter.beam	Elixir.Macro
/home/aion/reach/elixir-reach-20260903/corpus/elixir-1.20.4/lib/elixir/ebin/Elixir.Code.Formatter.beam	Elixir.Map
/home/aion/reach/elixir-reach-20260903/corpus/elixir-1.20.4/lib/elixir/ebin/Elixir.Code.Formatter.beam	Elixir.String
/home/aion/reach/elixir-reach-20260903/corpus/elixir-1.20.4/lib/elixir/ebin/Elixir.Code.Formatter.beam	Elixir.String.Chars
/home/aion/reach/elixir-reach-20260903/corpus/elixir-1.20.4/lib/elixir/ebin/Elixir.Code.Formatter.beam	binary
/home/aion/reach/elixir-reach-20260903/corpus/elixir-1.20.4/lib/elixir/ebin/Elixir.Code.Formatter.beam	elixir_bitstring
/home/aion/reach/elixir-reach-20260903/corpus/elixir-1.20.4/lib/elixir/ebin/Elixir.Code.Formatter.beam	elixir_erl_pass
/home/aion/reach/elixir-reach-20260903/corpus/elixir-1.20.4/lib/elixir/ebin/Elixir.Code.Formatter.beam	erlang
/home/aion/reach/elixir-reach-20260903/corpus/elixir-1.20.4/lib/elixir/ebin/Elixir.Code.Formatter.beam	lists
/home/aion/reach/elixir-reach-20260903/corpus/elixir-1.20.4/lib/elixir/ebin/Elixir.Code.Formatter.beam	maps
/home/aion/reach/elixir-reach-20260903/corpus/elixir-1.20.4/lib/elixir/ebin/Elixir.Code.Fragment.beam	Elixir.Access
/home/aion/reach/elixir-reach-20260903/corpus/elixir-1.20.4/lib/elixir/ebin/Elixir.Code.Fragment.beam	Elixir.Code.Identifier
/home/aion/reach/elixir-reach-20260903/corpus/elixir-1.20.4/lib/elixir/ebin/Elixir.Code.Fragment.beam	Elixir.Enum
/home/aion/reach/elixir-reach-20260903/corpus/elixir-1.20.4/lib/elixir/ebin/Elixir.Code.Fragment.beam	Elixir.Keyword
/home/aion/reach/elixir-reach-20260903/corpus/elixir-1.20.4/lib/elixir/ebin/Elixir.Code.Fragment.beam	Elixir.List.Chars
/home/aion/reach/elixir-reach-20260903/corpus/elixir-1.20.4/lib/elixir/ebin/Elixir.Code.Fragment.beam	Elixir.String
/home/aion/reach/elixir-reach-20260903/corpus/elixir-1.20.4/lib/elixir/ebin/Elixir.Code.Fragment.beam	Elixir.String.Tokenizer
/home/aion/reach/elixir-reach-20260903/corpus/elixir-1.20.4/lib/elixir/ebin/Elixir.Code.Fragment.beam	elixir
/home/aion/reach/elixir-reach-20260903/corpus/elixir-1.20.4/lib/elixir/ebin/Elixir.Code.Fragment.beam	elixir_tokenizer
/home/aion/reach/elixir-reach-20260903/corpus/elixir-1.20.4/lib/elixir/ebin/Elixir.Code.Fragment.beam	erlang
/home/aion/reach/elixir-reach-20260903/corpus/elixir-1.20.4/lib/elixir/ebin/Elixir.Code.Fragment.beam	lists
/home/aion/reach/elixir-reach-20260903/corpus/elixir-1.20.4/lib/elixir/ebin/Elixir.Code.Fragment.beam	string
/home/aion/reach/elixir-reach-20260903/corpus/elixir-1.20.4/lib/elixir/ebin/Elixir.Code.Fragment.beam	unicode_util
/home/aion/reach/elixir-reach-20260903/corpus/elixir-1.20.4/lib/elixir/ebin/Elixir.Code.Identifier.beam	Elixir.Enum
/home/aion/reach/elixir-reach-20260903/corpus/elixir-1.20.4/lib/elixir/ebin/Elixir.Code.Identifier.beam	Elixir.String
/home/aion/reach/elixir-reach-20260903/corpus/elixir-1.20.4/lib/elixir/ebin/Elixir.Code.Identifier.beam	erlang
/home/aion/reach/elixir-reach-20260903/corpus/elixir-1.20.4/lib/elixir/ebin/Elixir.Code.LoadError.beam	Elixir.Enum
/home/aion/reach/elixir-reach-20260903/corpus/elixir-1.20.4/lib/elixir/ebin/Elixir.Code.LoadError.beam	Elixir.Keyword
/home/aion/reach/elixir-reach-20260903/corpus/elixir-1.20.4/lib/elixir/ebin/Elixir.Code.LoadError.beam	Elixir.String.Chars
/home/aion/reach/elixir-reach-20260903/corpus/elixir-1.20.4/lib/elixir/ebin/Elixir.Code.LoadError.beam	elixir_erl_pass
/home/aion/reach/elixir-reach-20260903/corpus/elixir-1.20.4/lib/elixir/ebin/Elixir.Code.LoadError.beam	erlang
/home/aion/reach/elixir-reach-20260903/corpus/elixir-1.20.4/lib/elixir/ebin/Elixir.Code.Normalizer.beam	Elixir.Access
/home/aion/reach/elixir-reach-20260903/corpus/elixir-1.20.4/lib/elixir/ebin/Elixir.Code.Normalizer.beam	Elixir.Code.Formatter
/home/aion/reach/elixir-reach-20260903/corpus/elixir-1.20.4/lib/elixir/ebin/Elixir.Code.Normalizer.beam	Elixir.Code.Identifier
/home/aion/reach/elixir-reach-20260903/corpus/elixir-1.20.4/lib/elixir/ebin/Elixir.Code.Normalizer.beam	Elixir.Enum
/home/aion/reach/elixir-reach-20260903/corpus/elixir-1.20.4/lib/elixir/ebin/Elixir.Code.Normalizer.beam	Elixir.IO
/home/aion/reach/elixir-reach-20260903/corpus/elixir-1.20.4/lib/elixir/ebin/Elixir.Code.Normalizer.beam	Elixir.Kernel
/home/aion/reach/elixir-reach-20260903/corpus/elixir-1.20.4/lib/elixir/ebin/Elixir.Code.Normalizer.beam	Elixir.Keyword
/home/aion/reach/elixir-reach-20260903/corpus/elixir-1.20.4/lib/elixir/ebin/Elixir.Code.Normalizer.beam	Elixir.List
/home/aion/reach/elixir-reach-20260903/corpus/elixir-1.20.4/lib/elixir/ebin/Elixir.Code.Normalizer.beam	Elixir.Macro
/home/aion/reach/elixir-reach-20260903/corpus/elixir-1.20.4/lib/elixir/ebin/Elixir.Code.Normalizer.beam	Elixir.Macro.Env
/home/aion/reach/elixir-reach-20260903/corpus/elixir-1.20.4/lib/elixir/ebin/Elixir.Code.Normalizer.beam	Elixir.String
/home/aion/reach/elixir-reach-20260903/corpus/elixir-1.20.4/lib/elixir/ebin/Elixir.Code.Normalizer.beam	elixir_env
/home/aion/reach/elixir-reach-20260903/corpus/elixir-1.20.4/lib/elixir/ebin/Elixir.Code.Normalizer.beam	elixir_erl_pass
/home/aion/reach/elixir-reach-20260903/corpus/elixir-1.20.4/lib/elixir/ebin/Elixir.Code.Normalizer.beam	elixir_quote
/home/aion/reach/elixir-reach-20260903/corpus/elixir-1.20.4/lib/elixir/ebin/Elixir.Code.Normalizer.beam	erlang
/home/aion/reach/elixir-reach-20260903/corpus/elixir-1.20.4/lib/elixir/ebin/Elixir.Code.Typespec.beam	Elixir.Access
/home/aion/reach/elixir-reach-20260903/corpus/elixir-1.20.4/lib/elixir/ebin/Elixir.Code.Typespec.beam	Elixir.Enum
/home/aion/reach/elixir-reach-20260903/corpus/elixir-1.20.4/lib/elixir/ebin/Elixir.Code.Typespec.beam	Elixir.Keyword
/home/aion/reach/elixir-reach-20260903/corpus/elixir-1.20.4/lib/elixir/ebin/Elixir.Code.Typespec.beam	Elixir.List
/home/aion/reach/elixir-reach-20260903/corpus/elixir-1.20.4/lib/elixir/ebin/Elixir.Code.Typespec.beam	Elixir.String
/home/aion/reach/elixir-reach-20260903/corpus/elixir-1.20.4/lib/elixir/ebin/Elixir.Code.Typespec.beam	Elixir.String.Chars
/home/aion/reach/elixir-reach-20260903/corpus/elixir-1.20.4/lib/elixir/ebin/Elixir.Code.Typespec.beam	beam_lib
/home/aion/reach/elixir-reach-20260903/corpus/elixir-1.20.4/lib/elixir/ebin/Elixir.Code.Typespec.beam	code
/home/aion/reach/elixir-reach-20260903/corpus/elixir-1.20.4/lib/elixir/ebin/Elixir.Code.Typespec.beam	elixir_quote
/home/aion/reach/elixir-reach-20260903/corpus/elixir-1.20.4/lib/elixir/ebin/Elixir.Code.Typespec.beam	erl_anno
/home/aion/reach/elixir-reach-20260903/corpus/elixir-1.20.4/lib/elixir/ebin/Elixir.Code.Typespec.beam	erlang
/home/aion/reach/elixir-reach-20260903/corpus/elixir-1.20.4/lib/elixir/ebin/Elixir.Code.Typespec.beam	lists
/home/aion/reach/elixir-reach-20260903/corpus/elixir-1.20.4/lib/elixir/ebin/Elixir.Code.beam	Elixir.Access
/home/aion/reach/elixir-reach-20260903/corpus/elixir-1.20.4/lib/elixir/ebin/Elixir.Code.beam	Elixir.ArgumentError
/home/aion/reach/elixir-reach-20260903/corpus/elixir-1.20.4/lib/elixir/ebin/Elixir.Code.beam	Elixir.Code.Formatter
/home/aion/reach/elixir-reach-20260903/corpus/elixir-1.20.4/lib/elixir/ebin/Elixir.Code.beam	Elixir.Code.Fragment
/home/aion/reach/elixir-reach-20260903/corpus/elixir-1.20.4/lib/elixir/ebin/Elixir.Code.beam	Elixir.Code.LoadError
/home/aion/reach/elixir-reach-20260903/corpus/elixir-1.20.4/lib/elixir/ebin/Elixir.Code.beam	Elixir.Code.Normalizer
/home/aion/reach/elixir-reach-20260903/corpus/elixir-1.20.4/lib/elixir/ebin/Elixir.Code.beam	Elixir.Enum
/home/aion/reach/elixir-reach-20260903/corpus/elixir-1.20.4/lib/elixir/ebin/Elixir.Code.beam	Elixir.File
/home/aion/reach/elixir-reach-20260903/corpus/elixir-1.20.4/lib/elixir/ebin/Elixir.Code.beam	Elixir.IO
/home/aion/reach/elixir-reach-20260903/corpus/elixir-1.20.4/lib/elixir/ebin/Elixir.Code.beam	Elixir.Inspect.Algebra
/home/aion/reach/elixir-reach-20260903/corpus/elixir-1.20.4/lib/elixir/ebin/Elixir.Code.beam	Elixir.Kernel
/home/aion/reach/elixir-reach-20260903/corpus/elixir-1.20.4/lib/elixir/ebin/Elixir.Code.beam	Elixir.Kernel.ErrorHandler
/home/aion/reach/elixir-reach-20260903/corpus/elixir-1.20.4/lib/elixir/ebin/Elixir.Code.beam	Elixir.Keyword
/home/aion/reach/elixir-reach-20260903/corpus/elixir-1.20.4/lib/elixir/ebin/Elixir.Code.beam	Elixir.List
/home/aion/reach/elixir-reach-20260903/corpus/elixir-1.20.4/lib/elixir/ebin/Elixir.Code.beam	Elixir.List.Chars
/home/aion/reach/elixir-reach-20260903/corpus/elixir-1.20.4/lib/elixir/ebin/Elixir.Code.beam	Elixir.Module.ParallelChecker
/home/aion/reach/elixir-reach-20260903/corpus/elixir-1.20.4/lib/elixir/ebin/Elixir.Code.beam	Elixir.Path
/home/aion/reach/elixir-reach-20260903/corpus/elixir-1.20.4/lib/elixir/ebin/Elixir.Code.beam	Elixir.Process
/home/aion/reach/elixir-reach-20260903/corpus/elixir-1.20.4/lib/elixir/ebin/Elixir.Code.beam	Elixir.RuntimeError
/home/aion/reach/elixir-reach-20260903/corpus/elixir-1.20.4/lib/elixir/ebin/Elixir.Code.beam	Elixir.String
/home/aion/reach/elixir-reach-20260903/corpus/elixir-1.20.4/lib/elixir/ebin/Elixir.Code.beam	Elixir.String.Chars
/home/aion/reach/elixir-reach-20260903/corpus/elixir-1.20.4/lib/elixir/ebin/Elixir.Code.beam	beam_lib
/home/aion/reach/elixir-reach-20260903/corpus/elixir-1.20.4/lib/elixir/ebin/Elixir.Code.beam	code
/home/aion/reach/elixir-reach-20260903/corpus/elixir-1.20.4/lib/elixir/ebin/Elixir.Code.beam	elixir
/home/aion/reach/elixir-reach-20260903/corpus/elixir-1.20.4/lib/elixir/ebin/Elixir.Code.beam	elixir_code_server
/home/aion/reach/elixir-reach-20260903/corpus/elixir-1.20.4/lib/elixir/ebin/Elixir.Code.beam	elixir_compiler
/home/aion/reach/elixir-reach-20260903/corpus/elixir-1.20.4/lib/elixir/ebin/Elixir.Code.beam	elixir_config
/home/aion/reach/elixir-reach-20260903/corpus/elixir-1.20.4/lib/elixir/ebin/Elixir.Code.beam	elixir_errors
/home/aion/reach/elixir-reach-20260903/corpus/elixir-1.20.4/lib/elixir/ebin/Elixir.Code.beam	erlang
/home/aion/reach/elixir-reach-20260903/corpus/elixir-1.20.4/lib/elixir/ebin/Elixir.Code.beam	lists
/home/aion/reach/elixir-reach-20260903/corpus/elixir-1.20.4/lib/elixir/ebin/Elixir.Code.beam	maps
/home/aion/reach/elixir-reach-20260903/corpus/elixir-1.20.4/lib/elixir/ebin/Elixir.Collectable.BitString.beam	Elixir.ArgumentError
/home/aion/reach/elixir-reach-20260903/corpus/elixir-1.20.4/lib/elixir/ebin/Elixir.Collectable.BitString.beam	Elixir.Kernel
/home/aion/reach/elixir-reach-20260903/corpus/elixir-1.20.4/lib/elixir/ebin/Elixir.Collectable.BitString.beam	erlang
/home/aion/reach/elixir-reach-20260903/corpus/elixir-1.20.4/lib/elixir/ebin/Elixir.Collectable.File.Stream.beam	Elixir.Enum
/home/aion/reach/elixir-reach-20260903/corpus/elixir-1.20.4/lib/elixir/ebin/Elixir.Collectable.File.Stream.beam	Elixir.File.Error
/home/aion/reach/elixir-reach-20260903/corpus/elixir-1.20.4/lib/elixir/ebin/Elixir.Collectable.File.Stream.beam	Elixir.File.Stream
/home/aion/reach/elixir-reach-20260903/corpus/elixir-1.20.4/lib/elixir/ebin/Elixir.Collectable.File.Stream.beam	Elixir.IO
/home/aion/reach/elixir-reach-20260903/corpus/elixir-1.20.4/lib/elixir/ebin/Elixir.Collectable.File.Stream.beam	elixir_erl_pass
/home/aion/reach/elixir-reach-20260903/corpus/elixir-1.20.4/lib/elixir/ebin/Elixir.Collectable.File.Stream.beam	erlang
/home/aion/reach/elixir-reach-20260903/corpus/elixir-1.20.4/lib/elixir/ebin/Elixir.Collectable.File.Stream.beam	file
/home/aion/reach/elixir-reach-20260903/corpus/elixir-1.20.4/lib/elixir/ebin/Elixir.Collectable.File.Stream.beam	lists
/home/aion/reach/elixir-reach-20260903/corpus/elixir-1.20.4/lib/elixir/ebin/Elixir.Collectable.HashDict.beam	HashDict
/home/aion/reach/elixir-reach-20260903/corpus/elixir-1.20.4/lib/elixir/ebin/Elixir.Collectable.HashDict.beam	erlang
/home/aion/reach/elixir-reach-20260903/corpus/elixir-1.20.4/lib/elixir/ebin/Elixir.Collectable.HashSet.beam	HashSet
/home/aion/reach/elixir-reach-20260903/corpus/elixir-1.20.4/lib/elixir/ebin/Elixir.Collectable.HashSet.beam	erlang
/home/aion/reach/elixir-reach-20260903/corpus/elixir-1.20.4/lib/elixir/ebin/Elixir.Collectable.IO.Stream.beam	Elixir.IO
/home/aion/reach/elixir-reach-20260903/corpus/elixir-1.20.4/lib/elixir/ebin/Elixir.Collectable.IO.Stream.beam	erlang
/home/aion/reach/elixir-reach-20260903/corpus/elixir-1.20.4/lib/elixir/ebin/Elixir.Collectable.List.beam	Elixir.IO
/home/aion/reach/elixir-reach-20260903/corpus/elixir-1.20.4/lib/elixir/ebin/Elixir.Collectable.List.beam	erlang
/home/aion/reach/elixir-reach-20260903/corpus/elixir-1.20.4/lib/elixir/ebin/Elixir.Collectable.List.beam	lists
/home/aion/reach/elixir-reach-20260903/corpus/elixir-1.20.4/lib/elixir/ebin/Elixir.Collectable.Map.beam	Elixir.ArgumentError
/home/aion/reach/elixir-reach-20260903/corpus/elixir-1.20.4/lib/elixir/ebin/Elixir.Collectable.Map.beam	Elixir.Kernel
/home/aion/reach/elixir-reach-20260903/corpus/elixir-1.20.4/lib/elixir/ebin/Elixir.Collectable.Map.beam	erlang
/home/aion/reach/elixir-reach-20260903/corpus/elixir-1.20.4/lib/elixir/ebin/Elixir.Collectable.Map.beam	maps
/home/aion/reach/elixir-reach-20260903/corpus/elixir-1.20.4/lib/elixir/ebin/Elixir.Collectable.MapSet.beam	erlang
/home/aion/reach/elixir-reach-20260903/corpus/elixir-1.20.4/lib/elixir/ebin/Elixir.Collectable.MapSet.beam	sets
/home/aion/reach/elixir-reach-20260903/corpus/elixir-1.20.4/lib/elixir/ebin/Elixir.Collectable.beam	Elixir.Code
/home/aion/reach/elixir-reach-20260903/corpus/elixir-1.20.4/lib/elixir/ebin/Elixir.Collectable.beam	Elixir.Protocol
/home/aion/reach/elixir-reach-20260903/corpus/elixir-1.20.4/lib/elixir/ebin/Elixir.Collectable.beam	Elixir.Protocol.UndefinedError
/home/aion/reach/elixir-reach-20260903/corpus/elixir-1.20.4/lib/elixir/ebin/Elixir.Collectable.beam	erlang
/home/aion/reach/elixir-reach-20260903/corpus/elixir-1.20.4/lib/elixir/ebin/Elixir.CompileError.beam	Elixir.Enum
/home/aion/reach/elixir-reach-20260903/corpus/elixir-1.20.4/lib/elixir/ebin/Elixir.CompileError.beam	Elixir.Exception
/home/aion/reach/elixir-reach-20260903/corpus/elixir-1.20.4/lib/elixir/ebin/Elixir.CompileError.beam	Elixir.Kernel
/home/aion/reach/elixir-reach-20260903/corpus/elixir-1.20.4/lib/elixir/ebin/Elixir.CompileError.beam	Elixir.Path
/home/aion/reach/elixir-reach-20260903/corpus/elixir-1.20.4/lib/elixir/ebin/Elixir.CompileError.beam	erlang
/home/aion/reach/elixir-reach-20260903/corpus/elixir-1.20.4/lib/elixir/ebin/Elixir.CondClauseError.beam	Elixir.Enum
/home/aion/reach/elixir-reach-20260903/corpus/elixir-1.20.4/lib/elixir/ebin/Elixir.CondClauseError.beam	Elixir.Kernel
/home/aion/reach/elixir-reach-20260903/corpus/elixir-1.20.4/lib/elixir/ebin/Elixir.CondClauseError.beam	erlang
/home/aion/reach/elixir-reach-20260903/corpus/elixir-1.20.4/lib/elixir/ebin/Elixir.Config.Provider.beam	Elixir.Access
/home/aion/reach/elixir-reach-20260903/corpus/elixir-1.20.4/lib/elixir/ebin/Elixir.Config.Provider.beam	Elixir.Application
/home/aion/reach/elixir-reach-20260903/corpus/elixir-1.20.4/lib/elixir/ebin/Elixir.Config.Provider.beam	Elixir.ArgumentError
/home/aion/reach/elixir-reach-20260903/corpus/elixir-1.20.4/lib/elixir/ebin/Elixir.Config.Provider.beam	Elixir.Config
/home/aion/reach/elixir-reach-20260903/corpus/elixir-1.20.4/lib/elixir/ebin/Elixir.Config.Provider.beam	Elixir.Enum
/home/aion/reach/elixir-reach-20260903/corpus/elixir-1.20.4/lib/elixir/ebin/Elixir.Config.Provider.beam	Elixir.Exception
/home/aion/reach/elixir-reach-20260903/corpus/elixir-1.20.4/lib/elixir/ebin/Elixir.Config.Provider.beam	Elixir.File
/home/aion/reach/elixir-reach-20260903/corpus/elixir-1.20.4/lib/elixir/ebin/Elixir.Config.Provider.beam	Elixir.IO
/home/aion/reach/elixir-reach-20260903/corpus/elixir-1.20.4/lib/elixir/ebin/Elixir.Config.Provider.beam	Elixir.Kernel
/home/aion/reach/elixir-reach-20260903/corpus/elixir-1.20.4/lib/elixir/ebin/Elixir.Config.Provider.beam	Elixir.Path
/home/aion/reach/elixir-reach-20260903/corpus/elixir-1.20.4/lib/elixir/ebin/Elixir.Config.Provider.beam	Elixir.Process
/home/aion/reach/elixir-reach-20260903/corpus/elixir-1.20.4/lib/elixir/ebin/Elixir.Config.Provider.beam	Elixir.String.Chars
/home/aion/reach/elixir-reach-20260903/corpus/elixir-1.20.4/lib/elixir/ebin/Elixir.Config.Provider.beam	Elixir.System
/home/aion/reach/elixir-reach-20260903/corpus/elixir-1.20.4/lib/elixir/ebin/Elixir.Config.Provider.beam	application
/home/aion/reach/elixir-reach-20260903/corpus/elixir-1.20.4/lib/elixir/ebin/Elixir.Config.Provider.beam	elixir_erl_pass
/home/aion/reach/elixir-reach-20260903/corpus/elixir-1.20.4/lib/elixir/ebin/Elixir.Config.Provider.beam	erlang
/home/aion/reach/elixir-reach-20260903/corpus/elixir-1.20.4/lib/elixir/ebin/Elixir.Config.Provider.beam	file
/home/aion/reach/elixir-reach-20260903/corpus/elixir-1.20.4/lib/elixir/ebin/Elixir.Config.Provider.beam	init
/home/aion/reach/elixir-reach-20260903/corpus/elixir-1.20.4/lib/elixir/ebin/Elixir.Config.Provider.beam	io_lib
/home/aion/reach/elixir-reach-20260903/corpus/elixir-1.20.4/lib/elixir/ebin/Elixir.Config.Provider.beam	lists
/home/aion/reach/elixir-reach-20260903/corpus/elixir-1.20.4/lib/elixir/ebin/Elixir.Config.Reader.beam	Elixir.Access
/home/aion/reach/elixir-reach-20260903/corpus/elixir-1.20.4/lib/elixir/ebin/Elixir.Config.Reader.beam	Elixir.ArgumentError
/home/aion/reach/elixir-reach-20260903/corpus/elixir-1.20.4/lib/elixir/ebin/Elixir.Config.Reader.beam	Elixir.Config
/home/aion/reach/elixir-reach-20260903/corpus/elixir-1.20.4/lib/elixir/ebin/Elixir.Config.Reader.beam	Elixir.Config.Provider
/home/aion/reach/elixir-reach-20260903/corpus/elixir-1.20.4/lib/elixir/ebin/Elixir.Config.Reader.beam	Elixir.File
/home/aion/reach/elixir-reach-20260903/corpus/elixir-1.20.4/lib/elixir/ebin/Elixir.Config.Reader.beam	Elixir.Keyword
/home/aion/reach/elixir-reach-20260903/corpus/elixir-1.20.4/lib/elixir/ebin/Elixir.Config.Reader.beam	Elixir.Path
/home/aion/reach/elixir-reach-20260903/corpus/elixir-1.20.4/lib/elixir/ebin/Elixir.Config.Reader.beam	erlang
/home/aion/reach/elixir-reach-20260903/corpus/elixir-1.20.4/lib/elixir/ebin/Elixir.Config.beam	Elixir.Access
/home/aion/reach/elixir-reach-20260903/corpus/elixir-1.20.4/lib/elixir/ebin/Elixir.Config.beam	Elixir.ArgumentError
/home/aion/reach/elixir-reach-20260903/corpus/elixir-1.20.4/lib/elixir/ebin/Elixir.Config.beam	Elixir.Code
/home/aion/reach/elixir-reach-20260903/corpus/elixir-1.20.4/lib/elixir/ebin/Elixir.Config.beam	Elixir.Enum
/home/aion/reach/elixir-reach-20260903/corpus/elixir-1.20.4/lib/elixir/ebin/Elixir.Config.beam	Elixir.File
/home/aion/reach/elixir-reach-20260903/corpus/elixir-1.20.4/lib/elixir/ebin/Elixir.Config.beam	Elixir.Kernel
/home/aion/reach/elixir-reach-20260903/corpus/elixir-1.20.4/lib/elixir/ebin/Elixir.Config.beam	Elixir.Keyword
/home/aion/reach/elixir-reach-20260903/corpus/elixir-1.20.4/lib/elixir/ebin/Elixir.Config.beam	Elixir.Path
/home/aion/reach/elixir-reach-20260903/corpus/elixir-1.20.4/lib/elixir/ebin/Elixir.Config.beam	Elixir.Process
/home/aion/reach/elixir-reach-20260903/corpus/elixir-1.20.4/lib/elixir/ebin/Elixir.Config.beam	Elixir.RuntimeError
/home/aion/reach/elixir-reach-20260903/corpus/elixir-1.20.4/lib/elixir/ebin/Elixir.Config.beam	Elixir.String.Chars
/home/aion/reach/elixir-reach-20260903/corpus/elixir-1.20.4/lib/elixir/ebin/Elixir.Config.beam	elixir_quote
/home/aion/reach/elixir-reach-20260903/corpus/elixir-1.20.4/lib/elixir/ebin/Elixir.Config.beam	erlang
/home/aion/reach/elixir-reach-20260903/corpus/elixir-1.20.4/lib/elixir/ebin/Elixir.Date.Range.beam	Elixir.ArgumentError
/home/aion/reach/elixir-reach-20260903/corpus/elixir-1.20.4/lib/elixir/ebin/Elixir.Date.Range.beam	Elixir.Enum
/home/aion/reach/elixir-reach-20260903/corpus/elixir-1.20.4/lib/elixir/ebin/Elixir.Date.Range.beam	Elixir.Kernel
/home/aion/reach/elixir-reach-20260903/corpus/elixir-1.20.4/lib/elixir/ebin/Elixir.Date.Range.beam	Elixir.List
/home/aion/reach/elixir-reach-20260903/corpus/elixir-1.20.4/lib/elixir/ebin/Elixir.Date.Range.beam	erlang
/home/aion/reach/elixir-reach-20260903/corpus/elixir-1.20.4/lib/elixir/ebin/Elixir.Date.beam	Elixir.ArgumentError
/home/aion/reach/elixir-reach-20260903/corpus/elixir-1.20.4/lib/elixir/ebin/Elixir.Date.beam	Elixir.Calendar
/home/aion/reach/elixir-reach-20260903/corpus/elixir-1.20.4/lib/elixir/ebin/Elixir.Date.beam	Elixir.Calendar.ISO
/home/aion/reach/elixir-reach-20260903/corpus/elixir-1.20.4/lib/elixir/ebin/Elixir.Date.beam	Elixir.Date
/home/aion/reach/elixir-reach-20260903/corpus/elixir-1.20.4/lib/elixir/ebin/Elixir.Date.beam	Elixir.DateTime
/home/aion/reach/elixir-reach-20260903/corpus/elixir-1.20.4/lib/elixir/ebin/Elixir.Date.beam	Elixir.Enum
/home/aion/reach/elixir-reach-20260903/corpus/elixir-1.20.4/lib/elixir/ebin/Elixir.Date.beam	Elixir.IO
/home/aion/reach/elixir-reach-20260903/corpus/elixir-1.20.4/lib/elixir/ebin/Elixir.Date.beam	Elixir.Kernel
/home/aion/reach/elixir-reach-20260903/corpus/elixir-1.20.4/lib/elixir/ebin/Elixir.Date.beam	Elixir.List
/home/aion/reach/elixir-reach-20260903/corpus/elixir-1.20.4/lib/elixir/ebin/Elixir.Date.beam	Elixir.String.Chars
/home/aion/reach/elixir-reach-20260903/corpus/elixir-1.20.4/lib/elixir/ebin/Elixir.Date.beam	elixir_erl_pass
/home/aion/reach/elixir-reach-20260903/corpus/elixir-1.20.4/lib/elixir/ebin/Elixir.Date.beam	erlang
/home/aion/reach/elixir-reach-20260903/corpus/elixir-1.20.4/lib/elixir/ebin/Elixir.Date.beam	os
/home/aion/reach/elixir-reach-20260903/corpus/elixir-1.20.4/lib/elixir/ebin/Elixir.DateTime.beam	Elixir.ArgumentError
/home/aion/reach/elixir-reach-20260903/corpus/elixir-1.20.4/lib/elixir/ebin/Elixir.DateTime.beam	Elixir.Calendar
/home/aion/reach/elixir-reach-20260903/corpus/elixir-1.20.4/lib/elixir/ebin/Elixir.DateTime.beam	Elixir.Calendar.ISO
/home/aion/reach/elixir-reach-20260903/corpus/elixir-1.20.4/lib/elixir/ebin/Elixir.DateTime.beam	Elixir.Duration
/home/aion/reach/elixir-reach-20260903/corpus/elixir-1.20.4/lib/elixir/ebin/Elixir.DateTime.beam	Elixir.Enum
/home/aion/reach/elixir-reach-20260903/corpus/elixir-1.20.4/lib/elixir/ebin/Elixir.DateTime.beam	Elixir.Kernel
/home/aion/reach/elixir-reach-20260903/corpus/elixir-1.20.4/lib/elixir/ebin/Elixir.DateTime.beam	Elixir.List
/home/aion/reach/elixir-reach-20260903/corpus/elixir-1.20.4/lib/elixir/ebin/Elixir.DateTime.beam	Elixir.NaiveDateTime
/home/aion/reach/elixir-reach-20260903/corpus/elixir-1.20.4/lib/elixir/ebin/Elixir.DateTime.beam	Elixir.String.Chars
/home/aion/reach/elixir-reach-20260903/corpus/elixir-1.20.4/lib/elixir/ebin/Elixir.DateTime.beam	Elixir.System
/home/aion/reach/elixir-reach-20260903/corpus/elixir-1.20.4/lib/elixir/ebin/Elixir.DateTime.beam	elixir_erl_pass
/home/aion/reach/elixir-reach-20260903/corpus/elixir-1.20.4/lib/elixir/ebin/Elixir.DateTime.beam	erlang
/home/aion/reach/elixir-reach-20260903/corpus/elixir-1.20.4/lib/elixir/ebin/Elixir.DateTime.beam	maps
/home/aion/reach/elixir-reach-20260903/corpus/elixir-1.20.4/lib/elixir/ebin/Elixir.DateTime.beam	os
/home/aion/reach/elixir-reach-20260903/corpus/elixir-1.20.4/lib/elixir/ebin/Elixir.Dict.beam	Elixir.ArgumentError
/home/aion/reach/elixir-reach-20260903/corpus/elixir-1.20.4/lib/elixir/ebin/Elixir.Dict.beam	Elixir.Enumerable
/home/aion/reach/elixir-reach-20260903/corpus/elixir-1.20.4/lib/elixir/ebin/Elixir.Dict.beam	Elixir.IO
/home/aion/reach/elixir-reach-20260903/corpus/elixir-1.20.4/lib/elixir/ebin/Elixir.Dict.beam	Elixir.Kernel
/home/aion/reach/elixir-reach-20260903/corpus/elixir-1.20.4/lib/elixir/ebin/Elixir.Dict.beam	elixir_env
/home/aion/reach/elixir-reach-20260903/corpus/elixir-1.20.4/lib/elixir/ebin/Elixir.Dict.beam	elixir_erl_pass
/home/aion/reach/elixir-reach-20260903/corpus/elixir-1.20.4/lib/elixir/ebin/Elixir.Dict.beam	elixir_quote
/home/aion/reach/elixir-reach-20260903/corpus/elixir-1.20.4/lib/elixir/ebin/Elixir.Dict.beam	erlang
/home/aion/reach/elixir-reach-20260903/corpus/elixir-1.20.4/lib/elixir/ebin/Elixir.Duration.beam	Elixir.ArgumentError
/home/aion/reach/elixir-reach-20260903/corpus/elixir-1.20.4/lib/elixir/ebin/Elixir.Duration.beam	Elixir.Calendar.ISO
/home/aion/reach/elixir-reach-20260903/corpus/elixir-1.20.4/lib/elixir/ebin/Elixir.Duration.beam	Elixir.Enum
/home/aion/reach/elixir-reach-20260903/corpus/elixir-1.20.4/lib/elixir/ebin/Elixir.Duration.beam	Elixir.Kernel
/home/aion/reach/elixir-reach-20260903/corpus/elixir-1.20.4/lib/elixir/ebin/Elixir.Duration.beam	Elixir.Keyword
/home/aion/reach/elixir-reach-20260903/corpus/elixir-1.20.4/lib/elixir/ebin/Elixir.Duration.beam	elixir_erl_pass
/home/aion/reach/elixir-reach-20260903/corpus/elixir-1.20.4/lib/elixir/ebin/Elixir.Duration.beam	erlang
/home/aion/reach/elixir-reach-20260903/corpus/elixir-1.20.4/lib/elixir/ebin/Elixir.DynamicSupervisor.beam	Elixir.Access
/home/aion/reach/elixir-reach-20260903/corpus/elixir-1.20.4/lib/elixir/ebin/Elixir.DynamicSupervisor.beam	Elixir.Enum
/home/aion/reach/elixir-reach-20260903/corpus/elixir-1.20.4/lib/elixir/ebin/Elixir.DynamicSupervisor.beam	Elixir.GenServer
/home/aion/reach/elixir-reach-20260903/corpus/elixir-1.20.4/lib/elixir/ebin/Elixir.DynamicSupervisor.beam	Elixir.Keyword
/home/aion/reach/elixir-reach-20260903/corpus/elixir-1.20.4/lib/elixir/ebin/Elixir.DynamicSupervisor.beam	Elixir.Map
/home/aion/reach/elixir-reach-20260903/corpus/elixir-1.20.4/lib/elixir/ebin/Elixir.DynamicSupervisor.beam	Elixir.Process
/home/aion/reach/elixir-reach-20260903/corpus/elixir-1.20.4/lib/elixir/ebin/Elixir.DynamicSupervisor.beam	Elixir.Supervisor
/home/aion/reach/elixir-reach-20260903/corpus/elixir-1.20.4/lib/elixir/ebin/Elixir.DynamicSupervisor.beam	elixir_quote
/home/aion/reach/elixir-reach-20260903/corpus/elixir-1.20.4/lib/elixir/ebin/Elixir.DynamicSupervisor.beam	erlang
/home/aion/reach/elixir-reach-20260903/corpus/elixir-1.20.4/lib/elixir/ebin/Elixir.DynamicSupervisor.beam	lists
/home/aion/reach/elixir-reach-20260903/corpus/elixir-1.20.4/lib/elixir/ebin/Elixir.DynamicSupervisor.beam	logger
/home/aion/reach/elixir-reach-20260903/corpus/elixir-1.20.4/lib/elixir/ebin/Elixir.DynamicSupervisor.beam	maps
/home/aion/reach/elixir-reach-20260903/corpus/elixir-1.20.4/lib/elixir/ebin/Elixir.Enum.EmptyError.beam	Elixir.Enum
/home/aion/reach/elixir-reach-20260903/corpus/elixir-1.20.4/lib/elixir/ebin/Elixir.Enum.EmptyError.beam	Elixir.Kernel
/home/aion/reach/elixir-reach-20260903/corpus/elixir-1.20.4/lib/elixir/ebin/Elixir.Enum.EmptyError.beam	elixir_erl_pass
/home/aion/reach/elixir-reach-20260903/corpus/elixir-1.20.4/lib/elixir/ebin/Elixir.Enum.EmptyError.beam	erlang
/home/aion/reach/elixir-reach-20260903/corpus/elixir-1.20.4/lib/elixir/ebin/Elixir.Enum.OutOfBoundsError.beam	Elixir.Enum
/home/aion/reach/elixir-reach-20260903/corpus/elixir-1.20.4/lib/elixir/ebin/Elixir.Enum.OutOfBoundsError.beam	Elixir.Kernel
/home/aion/reach/elixir-reach-20260903/corpus/elixir-1.20.4/lib/elixir/ebin/Elixir.Enum.OutOfBoundsError.beam	Elixir.String.Chars
/home/aion/reach/elixir-reach-20260903/corpus/elixir-1.20.4/lib/elixir/ebin/Elixir.Enum.OutOfBoundsError.beam	elixir_erl_pass
/home/aion/reach/elixir-reach-20260903/corpus/elixir-1.20.4/lib/elixir/ebin/Elixir.Enum.OutOfBoundsError.beam	erlang
/home/aion/reach/elixir-reach-20260903/corpus/elixir-1.20.4/lib/elixir/ebin/Elixir.Enum.beam	Dict
/home/aion/reach/elixir-reach-20260903/corpus/elixir-1.20.4/lib/elixir/ebin/Elixir.Enum.beam	Elixir.ArgumentError
/home/aion/reach/elixir-reach-20260903/corpus/elixir-1.20.4/lib/elixir/ebin/Elixir.Enum.beam	Elixir.Collectable
/home/aion/reach/elixir-reach-20260903/corpus/elixir-1.20.4/lib/elixir/ebin/Elixir.Enum.beam	Elixir.Enum
/home/aion/reach/elixir-reach-20260903/corpus/elixir-1.20.4/lib/elixir/ebin/Elixir.Enum.beam	Elixir.Enum.EmptyError
/home/aion/reach/elixir-reach-20260903/corpus/elixir-1.20.4/lib/elixir/ebin/Elixir.Enum.beam	Elixir.Enum.OutOfBoundsError
/home/aion/reach/elixir-reach-20260903/corpus/elixir-1.20.4/lib/elixir/ebin/Elixir.Enum.beam	Elixir.Enumerable
/home/aion/reach/elixir-reach-20260903/corpus/elixir-1.20.4/lib/elixir/ebin/Elixir.Enum.beam	Elixir.IO
/home/aion/reach/elixir-reach-20260903/corpus/elixir-1.20.4/lib/elixir/ebin/Elixir.Enum.beam	Elixir.Kernel
/home/aion/reach/elixir-reach-20260903/corpus/elixir-1.20.4/lib/elixir/ebin/Elixir.Enum.beam	Elixir.List
/home/aion/reach/elixir-reach-20260903/corpus/elixir-1.20.4/lib/elixir/ebin/Elixir.Enum.beam	Elixir.Map
/home/aion/reach/elixir-reach-20260903/corpus/elixir-1.20.4/lib/elixir/ebin/Elixir.Enum.beam	Elixir.MapSet
/home/aion/reach/elixir-reach-20260903/corpus/elixir-1.20.4/lib/elixir/ebin/Elixir.Enum.beam	Elixir.Range
/home/aion/reach/elixir-reach-20260903/corpus/elixir-1.20.4/lib/elixir/ebin/Elixir.Enum.beam	Elixir.Stream.Reducers
/home/aion/reach/elixir-reach-20260903/corpus/elixir-1.20.4/lib/elixir/ebin/Elixir.Enum.beam	Elixir.String.Chars
/home/aion/reach/elixir-reach-20260903/corpus/elixir-1.20.4/lib/elixir/ebin/Elixir.Enum.beam	erlang
/home/aion/reach/elixir-reach-20260903/corpus/elixir-1.20.4/lib/elixir/ebin/Elixir.Enum.beam	lists
/home/aion/reach/elixir-reach-20260903/corpus/elixir-1.20.4/lib/elixir/ebin/Elixir.Enum.beam	maps
/home/aion/reach/elixir-reach-20260903/corpus/elixir-1.20.4/lib/elixir/ebin/Elixir.Enum.beam	math
/home/aion/reach/elixir-reach-20260903/corpus/elixir-1.20.4/lib/elixir/ebin/Elixir.Enum.beam	rand
/home/aion/reach/elixir-reach-20260903/corpus/elixir-1.20.4/lib/elixir/ebin/Elixir.Enumerable.Date.Range.beam	Elixir.Calendar.ISO
/home/aion/reach/elixir-reach-20260903/corpus/elixir-1.20.4/lib/elixir/ebin/Elixir.Enumerable.Date.Range.beam	Elixir.Date
/home/aion/reach/elixir-reach-20260903/corpus/elixir-1.20.4/lib/elixir/ebin/Elixir.Enumerable.Date.Range.beam	erlang
/home/aion/reach/elixir-reach-20260903/corpus/elixir-1.20.4/lib/elixir/ebin/Elixir.Enumerable.File.Stream.beam	Elixir.Enum
/home/aion/reach/elixir-reach-20260903/corpus/elixir-1.20.4/lib/elixir/ebin/Elixir.Enumerable.File.Stream.beam	Elixir.File.Error
/home/aion/reach/elixir-reach-20260903/corpus/elixir-1.20.4/lib/elixir/ebin/Elixir.Enumerable.File.Stream.beam	Elixir.File.Stream
/home/aion/reach/elixir-reach-20260903/corpus/elixir-1.20.4/lib/elixir/ebin/Elixir.Enumerable.File.Stream.beam	Elixir.IO
/home/aion/reach/elixir-reach-20260903/corpus/elixir-1.20.4/lib/elixir/ebin/Elixir.Enumerable.File.Stream.beam	Elixir.Stream
/home/aion/reach/elixir-reach-20260903/corpus/elixir-1.20.4/lib/elixir/ebin/Elixir.Enumerable.File.Stream.beam	binary
/home/aion/reach/elixir-reach-20260903/corpus/elixir-1.20.4/lib/elixir/ebin/Elixir.Enumerable.File.Stream.beam	elixir_erl_pass
/home/aion/reach/elixir-reach-20260903/corpus/elixir-1.20.4/lib/elixir/ebin/Elixir.Enumerable.File.Stream.beam	erlang
/home/aion/reach/elixir-reach-20260903/corpus/elixir-1.20.4/lib/elixir/ebin/Elixir.Enumerable.File.Stream.beam	erpc
/home/aion/reach/elixir-reach-20260903/corpus/elixir-1.20.4/lib/elixir/ebin/Elixir.Enumerable.File.Stream.beam	file
/home/aion/reach/elixir-reach-20260903/corpus/elixir-1.20.4/lib/elixir/ebin/Elixir.Enumerable.File.Stream.beam	lists
/home/aion/reach/elixir-reach-20260903/corpus/elixir-1.20.4/lib/elixir/ebin/Elixir.Enumerable.Function.beam	Elixir.Protocol.UndefinedError
/home/aion/reach/elixir-reach-20260903/corpus/elixir-1.20.4/lib/elixir/ebin/Elixir.Enumerable.Function.beam	erlang
/home/aion/reach/elixir-reach-20260903/corpus/elixir-1.20.4/lib/elixir/ebin/Elixir.Enumerable.GenEvent.Stream.beam	Elixir.Stream
/home/aion/reach/elixir-reach-20260903/corpus/elixir-1.20.4/lib/elixir/ebin/Elixir.Enumerable.GenEvent.Stream.beam	erlang
/home/aion/reach/elixir-reach-20260903/corpus/elixir-1.20.4/lib/elixir/ebin/Elixir.Enumerable.GenEvent.Stream.beam	gen
/home/aion/reach/elixir-reach-20260903/corpus/elixir-1.20.4/lib/elixir/ebin/Elixir.Enumerable.GenEvent.Stream.beam	gen_event
/home/aion/reach/elixir-reach-20260903/corpus/elixir-1.20.4/lib/elixir/ebin/Elixir.Enumerable.HashDict.beam	HashDict
/home/aion/reach/elixir-reach-20260903/corpus/elixir-1.20.4/lib/elixir/ebin/Elixir.Enumerable.HashDict.beam	erlang
/home/aion/reach/elixir-reach-20260903/corpus/elixir-1.20.4/lib/elixir/ebin/Elixir.Enumerable.HashSet.beam	HashSet
/home/aion/reach/elixir-reach-20260903/corpus/elixir-1.20.4/lib/elixir/ebin/Elixir.Enumerable.HashSet.beam	erlang
/home/aion/reach/elixir-reach-20260903/corpus/elixir-1.20.4/lib/elixir/ebin/Elixir.Enumerable.IO.Stream.beam	Elixir.IO
/home/aion/reach/elixir-reach-20260903/corpus/elixir-1.20.4/lib/elixir/ebin/Elixir.Enumerable.IO.Stream.beam	Elixir.Stream
/home/aion/reach/elixir-reach-20260903/corpus/elixir-1.20.4/lib/elixir/ebin/Elixir.Enumerable.IO.Stream.beam	erlang
/home/aion/reach/elixir-reach-20260903/corpus/elixir-1.20.4/lib/elixir/ebin/Elixir.Enumerable.List.beam	erlang
/home/aion/reach/elixir-reach-20260903/corpus/elixir-1.20.4/lib/elixir/ebin/Elixir.Enumerable.List.beam	lists
/home/aion/reach/elixir-reach-20260903/corpus/elixir-1.20.4/lib/elixir/ebin/Elixir.Enumerable.Map.beam	Elixir.Enumerable.List
/home/aion/reach/elixir-reach-20260903/corpus/elixir-1.20.4/lib/elixir/ebin/Elixir.Enumerable.Map.beam	erlang
/home/aion/reach/elixir-reach-20260903/corpus/elixir-1.20.4/lib/elixir/ebin/Elixir.Enumerable.Map.beam	maps
/home/aion/reach/elixir-reach-20260903/corpus/elixir-1.20.4/lib/elixir/ebin/Elixir.Enumerable.MapSet.beam	Elixir.Enumerable.List
/home/aion/reach/elixir-reach-20260903/corpus/elixir-1.20.4/lib/elixir/ebin/Elixir.Enumerable.MapSet.beam	Elixir.MapSet
/home/aion/reach/elixir-reach-20260903/corpus/elixir-1.20.4/lib/elixir/ebin/Elixir.Enumerable.MapSet.beam	erlang
/home/aion/reach/elixir-reach-20260903/corpus/elixir-1.20.4/lib/elixir/ebin/Elixir.Enumerable.Range.beam	Elixir.Range
/home/aion/reach/elixir-reach-20260903/corpus/elixir-1.20.4/lib/elixir/ebin/Elixir.Enumerable.Range.beam	erlang
/home/aion/reach/elixir-reach-20260903/corpus/elixir-1.20.4/lib/elixir/ebin/Elixir.Enumerable.Stream.beam	Elixir.Enumerable
/home/aion/reach/elixir-reach-20260903/corpus/elixir-1.20.4/lib/elixir/ebin/Elixir.Enumerable.Stream.beam	erlang
/home/aion/reach/elixir-reach-20260903/corpus/elixir-1.20.4/lib/elixir/ebin/Elixir.Enumerable.Stream.beam	lists
/home/aion/reach/elixir-reach-20260903/corpus/elixir-1.20.4/lib/elixir/ebin/Elixir.Enumerable.beam	Elixir.Code
/home/aion/reach/elixir-reach-20260903/corpus/elixir-1.20.4/lib/elixir/ebin/Elixir.Enumerable.beam	Elixir.Protocol
/home/aion/reach/elixir-reach-20260903/corpus/elixir-1.20.4/lib/elixir/ebin/Elixir.Enumerable.beam	Elixir.Protocol.UndefinedError
/home/aion/reach/elixir-reach-20260903/corpus/elixir-1.20.4/lib/elixir/ebin/Elixir.Enumerable.beam	erlang
/home/aion/reach/elixir-reach-20260903/corpus/elixir-1.20.4/lib/elixir/ebin/Elixir.ErlangError.beam	Elixir.Access
/home/aion/reach/elixir-reach-20260903/corpus/elixir-1.20.4/lib/elixir/ebin/Elixir.ErlangError.beam	Elixir.Enum
/home/aion/reach/elixir-reach-20260903/corpus/elixir-1.20.4/lib/elixir/ebin/Elixir.ErlangError.beam	Elixir.IO
/home/aion/reach/elixir-reach-20260903/corpus/elixir-1.20.4/lib/elixir/ebin/Elixir.ErlangError.beam	Elixir.Kernel
/home/aion/reach/elixir-reach-20260903/corpus/elixir-1.20.4/lib/elixir/ebin/Elixir.ErlangError.beam	Elixir.Keyword
/home/aion/reach/elixir-reach-20260903/corpus/elixir-1.20.4/lib/elixir/ebin/Elixir.ErlangError.beam	Elixir.Map
/home/aion/reach/elixir-reach-20260903/corpus/elixir-1.20.4/lib/elixir/ebin/Elixir.ErlangError.beam	Elixir.Range
/home/aion/reach/elixir-reach-20260903/corpus/elixir-1.20.4/lib/elixir/ebin/Elixir.ErlangError.beam	Elixir.String.Chars
/home/aion/reach/elixir-reach-20260903/corpus/elixir-1.20.4/lib/elixir/ebin/Elixir.ErlangError.beam	erlang
/home/aion/reach/elixir-reach-20260903/corpus/elixir-1.20.4/lib/elixir/ebin/Elixir.Exception.beam	Elixir.Access
/home/aion/reach/elixir-reach-20260903/corpus/elixir-1.20.4/lib/elixir/ebin/Elixir.Exception.beam	Elixir.Code
/home/aion/reach/elixir-reach-20260903/corpus/elixir-1.20.4/lib/elixir/ebin/Elixir.Exception.beam	Elixir.Code.Identifier
/home/aion/reach/elixir-reach-20260903/corpus/elixir-1.20.4/lib/elixir/ebin/Elixir.Exception.beam	Elixir.Enum
/home/aion/reach/elixir-reach-20260903/corpus/elixir-1.20.4/lib/elixir/ebin/Elixir.Exception.beam	Elixir.ErlangError
/home/aion/reach/elixir-reach-20260903/corpus/elixir-1.20.4/lib/elixir/ebin/Elixir.Exception.beam	Elixir.Exception
/home/aion/reach/elixir-reach-20260903/corpus/elixir-1.20.4/lib/elixir/ebin/Elixir.Exception.beam	Elixir.IO.ANSI
/home/aion/reach/elixir-reach-20260903/corpus/elixir-1.20.4/lib/elixir/ebin/Elixir.Exception.beam	Elixir.Kernel
/home/aion/reach/elixir-reach-20260903/corpus/elixir-1.20.4/lib/elixir/ebin/Elixir.Exception.beam	Elixir.Keyword
/home/aion/reach/elixir-reach-20260903/corpus/elixir-1.20.4/lib/elixir/ebin/Elixir.Exception.beam	Elixir.List
/home/aion/reach/elixir-reach-20260903/corpus/elixir-1.20.4/lib/elixir/ebin/Elixir.Exception.beam	Elixir.Macro
/home/aion/reach/elixir-reach-20260903/corpus/elixir-1.20.4/lib/elixir/ebin/Elixir.Exception.beam	Elixir.Path
/home/aion/reach/elixir-reach-20260903/corpus/elixir-1.20.4/lib/elixir/ebin/Elixir.Exception.beam	Elixir.Process
/home/aion/reach/elixir-reach-20260903/corpus/elixir-1.20.4/lib/elixir/ebin/Elixir.Exception.beam	Elixir.Range
/home/aion/reach/elixir-reach-20260903/corpus/elixir-1.20.4/lib/elixir/ebin/Elixir.Exception.beam	Elixir.String
/home/aion/reach/elixir-reach-20260903/corpus/elixir-1.20.4/lib/elixir/ebin/Elixir.Exception.beam	Elixir.String.Chars
/home/aion/reach/elixir-reach-20260903/corpus/elixir-1.20.4/lib/elixir/ebin/Elixir.Exception.beam	application
/home/aion/reach/elixir-reach-20260903/corpus/elixir-1.20.4/lib/elixir/ebin/Elixir.Exception.beam	beam_lib
/home/aion/reach/elixir-reach-20260903/corpus/elixir-1.20.4/lib/elixir/ebin/Elixir.Exception.beam	binary
/home/aion/reach/elixir-reach-20260903/corpus/elixir-1.20.4/lib/elixir/ebin/Elixir.Exception.beam	code
/home/aion/reach/elixir-reach-20260903/corpus/elixir-1.20.4/lib/elixir/ebin/Elixir.Exception.beam	elixir_erl
/home/aion/reach/elixir-reach-20260903/corpus/elixir-1.20.4/lib/elixir/ebin/Elixir.Exception.beam	elixir_erl_clauses
/home/aion/reach/elixir-reach-20260903/corpus/elixir-1.20.4/lib/elixir/ebin/Elixir.Exception.beam	elixir_erl_pass
/home/aion/reach/elixir-reach-20260903/corpus/elixir-1.20.4/lib/elixir/ebin/Elixir.Exception.beam	elixir_rewrite
/home/aion/reach/elixir-reach-20260903/corpus/elixir-1.20.4/lib/elixir/ebin/Elixir.Exception.beam	erl_anno
/home/aion/reach/elixir-reach-20260903/corpus/elixir-1.20.4/lib/elixir/ebin/Elixir.Exception.beam	erl_eval
/home/aion/reach/elixir-reach-20260903/corpus/elixir-1.20.4/lib/elixir/ebin/Elixir.Exception.beam	erlang
/home/aion/reach/elixir-reach-20260903/corpus/elixir-1.20.4/lib/elixir/ebin/Elixir.Exception.beam	lists
/home/aion/reach/elixir-reach-20260903/corpus/elixir-1.20.4/lib/elixir/ebin/Elixir.Exception.beam	orddict
/home/aion/reach/elixir-reach-20260903/corpus/elixir-1.20.4/lib/elixir/ebin/Elixir.File.CopyError.beam	Elixir.Enum
/home/aion/reach/elixir-reach-20260903/corpus/elixir-1.20.4/lib/elixir/ebin/Elixir.File.CopyError.beam	Elixir.Kernel
/home/aion/reach/elixir-reach-20260903/corpus/elixir-1.20.4/lib/elixir/ebin/Elixir.File.CopyError.beam	Elixir.String.Chars
/home/aion/reach/elixir-reach-20260903/corpus/elixir-1.20.4/lib/elixir/ebin/Elixir.File.CopyError.beam	elixir_erl_pass
/home/aion/reach/elixir-reach-20260903/corpus/elixir-1.20.4/lib/elixir/ebin/Elixir.File.CopyError.beam	erlang
/home/aion/reach/elixir-reach-20260903/corpus/elixir-1.20.4/lib/elixir/ebin/Elixir.File.CopyError.beam	file
/home/aion/reach/elixir-reach-20260903/corpus/elixir-1.20.4/lib/elixir/ebin/Elixir.File.Error.beam	Elixir.Enum
/home/aion/reach/elixir-reach-20260903/corpus/elixir-1.20.4/lib/elixir/ebin/Elixir.File.Error.beam	Elixir.Kernel
/home/aion/reach/elixir-reach-20260903/corpus/elixir-1.20.4/lib/elixir/ebin/Elixir.File.Error.beam	Elixir.String.Chars
/home/aion/reach/elixir-reach-20260903/corpus/elixir-1.20.4/lib/elixir/ebin/Elixir.File.Error.beam	erlang
/home/aion/reach/elixir-reach-20260903/corpus/elixir-1.20.4/lib/elixir/ebin/Elixir.File.Error.beam	file
/home/aion/reach/elixir-reach-20260903/corpus/elixir-1.20.4/lib/elixir/ebin/Elixir.File.LinkError.beam	Elixir.Enum
/home/aion/reach/elixir-reach-20260903/corpus/elixir-1.20.4/lib/elixir/ebin/Elixir.File.LinkError.beam	Elixir.Kernel
/home/aion/reach/elixir-reach-20260903/corpus/elixir-1.20.4/lib/elixir/ebin/Elixir.File.LinkError.beam	Elixir.String.Chars
/home/aion/reach/elixir-reach-20260903/corpus/elixir-1.20.4/lib/elixir/ebin/Elixir.File.LinkError.beam	elixir_erl_pass
/home/aion/reach/elixir-reach-20260903/corpus/elixir-1.20.4/lib/elixir/ebin/Elixir.File.LinkError.beam	erlang
/home/aion/reach/elixir-reach-20260903/corpus/elixir-1.20.4/lib/elixir/ebin/Elixir.File.LinkError.beam	file
/home/aion/reach/elixir-reach-20260903/corpus/elixir-1.20.4/lib/elixir/ebin/Elixir.File.RenameError.beam	Elixir.Enum
/home/aion/reach/elixir-reach-20260903/corpus/elixir-1.20.4/lib/elixir/ebin/Elixir.File.RenameError.beam	Elixir.Kernel
/home/aion/reach/elixir-reach-20260903/corpus/elixir-1.20.4/lib/elixir/ebin/Elixir.File.RenameError.beam	Elixir.String.Chars
/home/aion/reach/elixir-reach-20260903/corpus/elixir-1.20.4/lib/elixir/ebin/Elixir.File.RenameError.beam	elixir_erl_pass
/home/aion/reach/elixir-reach-20260903/corpus/elixir-1.20.4/lib/elixir/ebin/Elixir.File.RenameError.beam	erlang
/home/aion/reach/elixir-reach-20260903/corpus/elixir-1.20.4/lib/elixir/ebin/Elixir.File.RenameError.beam	file
/home/aion/reach/elixir-reach-20260903/corpus/elixir-1.20.4/lib/elixir/ebin/Elixir.File.Stat.beam	Elixir.Enum
/home/aion/reach/elixir-reach-20260903/corpus/elixir-1.20.4/lib/elixir/ebin/Elixir.File.Stat.beam	erlang
/home/aion/reach/elixir-reach-20260903/corpus/elixir-1.20.4/lib/elixir/ebin/Elixir.File.Stream.beam	Elixir.ArgumentError
/home/aion/reach/elixir-reach-20260903/corpus/elixir-1.20.4/lib/elixir/ebin/Elixir.File.Stream.beam	Elixir.Enum
/home/aion/reach/elixir-reach-20260903/corpus/elixir-1.20.4/lib/elixir/ebin/Elixir.File.Stream.beam	Elixir.Kernel
/home/aion/reach/elixir-reach-20260903/corpus/elixir-1.20.4/lib/elixir/ebin/Elixir.File.Stream.beam	Elixir.List
/home/aion/reach/elixir-reach-20260903/corpus/elixir-1.20.4/lib/elixir/ebin/Elixir.File.Stream.beam	erlang
/home/aion/reach/elixir-reach-20260903/corpus/elixir-1.20.4/lib/elixir/ebin/Elixir.File.Stream.beam	erpc
/home/aion/reach/elixir-reach-20260903/corpus/elixir-1.20.4/lib/elixir/ebin/Elixir.File.Stream.beam	file
/home/aion/reach/elixir-reach-20260903/corpus/elixir-1.20.4/lib/elixir/ebin/Elixir.File.Stream.beam	lists
/home/aion/reach/elixir-reach-20260903/corpus/elixir-1.20.4/lib/elixir/ebin/Elixir.File.beam	Elixir.ArgumentError
/home/aion/reach/elixir-reach-20260903/corpus/elixir-1.20.4/lib/elixir/ebin/Elixir.File.beam	Elixir.Enum
/home/aion/reach/elixir-reach-20260903/corpus/elixir-1.20.4/lib/elixir/ebin/Elixir.File.beam	Elixir.File.CopyError
/home/aion/reach/elixir-reach-20260903/corpus/elixir-1.20.4/lib/elixir/ebin/Elixir.File.beam	Elixir.File.Error
/home/aion/reach/elixir-reach-20260903/corpus/elixir-1.20.4/lib/elixir/ebin/Elixir.File.beam	Elixir.File.LinkError
/home/aion/reach/elixir-reach-20260903/corpus/elixir-1.20.4/lib/elixir/ebin/Elixir.File.beam	Elixir.File.RenameError
/home/aion/reach/elixir-reach-20260903/corpus/elixir-1.20.4/lib/elixir/ebin/Elixir.File.beam	Elixir.File.Stat
/home/aion/reach/elixir-reach-20260903/corpus/elixir-1.20.4/lib/elixir/ebin/Elixir.File.beam	Elixir.File.Stream
/home/aion/reach/elixir-reach-20260903/corpus/elixir-1.20.4/lib/elixir/ebin/Elixir.File.beam	Elixir.IO
/home/aion/reach/elixir-reach-20260903/corpus/elixir-1.20.4/lib/elixir/ebin/Elixir.File.beam	Elixir.Kernel
/home/aion/reach/elixir-reach-20260903/corpus/elixir-1.20.4/lib/elixir/ebin/Elixir.File.beam	Elixir.Keyword
/home/aion/reach/elixir-reach-20260903/corpus/elixir-1.20.4/lib/elixir/ebin/Elixir.File.beam	Elixir.List
/home/aion/reach/elixir-reach-20260903/corpus/elixir-1.20.4/lib/elixir/ebin/Elixir.File.beam	Elixir.MapSet
/home/aion/reach/elixir-reach-20260903/corpus/elixir-1.20.4/lib/elixir/ebin/Elixir.File.beam	Elixir.Path
/home/aion/reach/elixir-reach-20260903/corpus/elixir-1.20.4/lib/elixir/ebin/Elixir.File.beam	Elixir.System
/home/aion/reach/elixir-reach-20260903/corpus/elixir-1.20.4/lib/elixir/ebin/Elixir.File.beam	binary
/home/aion/reach/elixir-reach-20260903/corpus/elixir-1.20.4/lib/elixir/ebin/Elixir.File.beam	elixir_erl_pass
/home/aion/reach/elixir-reach-20260903/corpus/elixir-1.20.4/lib/elixir/ebin/Elixir.File.beam	elixir_utils
/home/aion/reach/elixir-reach-20260903/corpus/elixir-1.20.4/lib/elixir/ebin/Elixir.File.beam	erlang
/home/aion/reach/elixir-reach-20260903/corpus/elixir-1.20.4/lib/elixir/ebin/Elixir.File.beam	file
/home/aion/reach/elixir-reach-20260903/corpus/elixir-1.20.4/lib/elixir/ebin/Elixir.File.beam	os
/home/aion/reach/elixir-reach-20260903/corpus/elixir-1.20.4/lib/elixir/ebin/Elixir.Float.beam	Elixir.ArgumentError
/home/aion/reach/elixir-reach-20260903/corpus/elixir-1.20.4/lib/elixir/ebin/Elixir.Float.beam	Elixir.Kernel
/home/aion/reach/elixir-reach-20260903/corpus/elixir-1.20.4/lib/elixir/ebin/Elixir.Float.beam	Elixir.String.Chars
/home/aion/reach/elixir-reach-20260903/corpus/elixir-1.20.4/lib/elixir/ebin/Elixir.Float.beam	erlang
/home/aion/reach/elixir-reach-20260903/corpus/elixir-1.20.4/lib/elixir/ebin/Elixir.Float.beam	lists
/home/aion/reach/elixir-reach-20260903/corpus/elixir-1.20.4/lib/elixir/ebin/Elixir.Float.beam	math
/home/aion/reach/elixir-reach-20260903/corpus/elixir-1.20.4/lib/elixir/ebin/Elixir.Function.beam	erlang
/home/aion/reach/elixir-reach-20260903/corpus/elixir-1.20.4/lib/elixir/ebin/Elixir.FunctionClauseError.beam	Elixir.Code.Identifier
/home/aion/reach/elixir-reach-20260903/corpus/elixir-1.20.4/lib/elixir/ebin/Elixir.FunctionClauseError.beam	Elixir.Enum
/home/aion/reach/elixir-reach-20260903/corpus/elixir-1.20.4/lib/elixir/ebin/Elixir.FunctionClauseError.beam	Elixir.Exception
/home/aion/reach/elixir-reach-20260903/corpus/elixir-1.20.4/lib/elixir/ebin/Elixir.FunctionClauseError.beam	Elixir.Kernel
/home/aion/reach/elixir-reach-20260903/corpus/elixir-1.20.4/lib/elixir/ebin/Elixir.FunctionClauseError.beam	Elixir.Macro
/home/aion/reach/elixir-reach-20260903/corpus/elixir-1.20.4/lib/elixir/ebin/Elixir.FunctionClauseError.beam	Elixir.String
/home/aion/reach/elixir-reach-20260903/corpus/elixir-1.20.4/lib/elixir/ebin/Elixir.FunctionClauseError.beam	Elixir.String.Chars
/home/aion/reach/elixir-reach-20260903/corpus/elixir-1.20.4/lib/elixir/ebin/Elixir.FunctionClauseError.beam	erlang
/home/aion/reach/elixir-reach-20260903/corpus/elixir-1.20.4/lib/elixir/ebin/Elixir.GenEvent.Stream.beam	Elixir.Enum
/home/aion/reach/elixir-reach-20260903/corpus/elixir-1.20.4/lib/elixir/ebin/Elixir.GenEvent.Stream.beam	erlang
/home/aion/reach/elixir-reach-20260903/corpus/elixir-1.20.4/lib/elixir/ebin/Elixir.GenEvent.beam	Elixir.ArgumentError
/home/aion/reach/elixir-reach-20260903/corpus/elixir-1.20.4/lib/elixir/ebin/Elixir.GenEvent.beam	Elixir.Enum
/home/aion/reach/elixir-reach-20260903/corpus/elixir-1.20.4/lib/elixir/ebin/Elixir.GenEvent.beam	Elixir.IO
/home/aion/reach/elixir-reach-20260903/corpus/elixir-1.20.4/lib/elixir/ebin/Elixir.GenEvent.beam	Elixir.Kernel
/home/aion/reach/elixir-reach-20260903/corpus/elixir-1.20.4/lib/elixir/ebin/Elixir.GenEvent.beam	Elixir.Keyword
/home/aion/reach/elixir-reach-20260903/corpus/elixir-1.20.4/lib/elixir/ebin/Elixir.GenEvent.beam	Elixir.Process
/home/aion/reach/elixir-reach-20260903/corpus/elixir-1.20.4/lib/elixir/ebin/Elixir.GenEvent.beam	code
/home/aion/reach/elixir-reach-20260903/corpus/elixir-1.20.4/lib/elixir/ebin/Elixir.GenEvent.beam	elixir_env
/home/aion/reach/elixir-reach-20260903/corpus/elixir-1.20.4/lib/elixir/ebin/Elixir.GenEvent.beam	elixir_quote
/home/aion/reach/elixir-reach-20260903/corpus/elixir-1.20.4/lib/elixir/ebin/Elixir.GenEvent.beam	erlang
/home/aion/reach/elixir-reach-20260903/corpus/elixir-1.20.4/lib/elixir/ebin/Elixir.GenEvent.beam	error_logger
/home/aion/reach/elixir-reach-20260903/corpus/elixir-1.20.4/lib/elixir/ebin/Elixir.GenEvent.beam	gen
/home/aion/reach/elixir-reach-20260903/corpus/elixir-1.20.4/lib/elixir/ebin/Elixir.GenEvent.beam	global
/home/aion/reach/elixir-reach-20260903/corpus/elixir-1.20.4/lib/elixir/ebin/Elixir.GenEvent.beam	lists
/home/aion/reach/elixir-reach-20260903/corpus/elixir-1.20.4/lib/elixir/ebin/Elixir.GenEvent.beam	ordsets
/home/aion/reach/elixir-reach-20260903/corpus/elixir-1.20.4/lib/elixir/ebin/Elixir.GenEvent.beam	proc_lib
/home/aion/reach/elixir-reach-20260903/corpus/elixir-1.20.4/lib/elixir/ebin/Elixir.GenEvent.beam	sys
/home/aion/reach/elixir-reach-20260903/corpus/elixir-1.20.4/lib/elixir/ebin/Elixir.GenServer.beam	Elixir.ArgumentError
/home/aion/reach/elixir-reach-20260903/corpus/elixir-1.20.4/lib/elixir/ebin/Elixir.GenServer.beam	Elixir.Enum
/home/aion/reach/elixir-reach-20260903/corpus/elixir-1.20.4/lib/elixir/ebin/Elixir.GenServer.beam	Elixir.IO
/home/aion/reach/elixir-reach-20260903/corpus/elixir-1.20.4/lib/elixir/ebin/Elixir.GenServer.beam	Elixir.Kernel
/home/aion/reach/elixir-reach-20260903/corpus/elixir-1.20.4/lib/elixir/ebin/Elixir.GenServer.beam	Elixir.Keyword
/home/aion/reach/elixir-reach-20260903/corpus/elixir-1.20.4/lib/elixir/ebin/Elixir.GenServer.beam	Elixir.Module
/home/aion/reach/elixir-reach-20260903/corpus/elixir-1.20.4/lib/elixir/ebin/Elixir.GenServer.beam	Elixir.Process
/home/aion/reach/elixir-reach-20260903/corpus/elixir-1.20.4/lib/elixir/ebin/Elixir.GenServer.beam	elixir_erl_pass
/home/aion/reach/elixir-reach-20260903/corpus/elixir-1.20.4/lib/elixir/ebin/Elixir.GenServer.beam	elixir_quote
/home/aion/reach/elixir-reach-20260903/corpus/elixir-1.20.4/lib/elixir/ebin/Elixir.GenServer.beam	erlang
/home/aion/reach/elixir-reach-20260903/corpus/elixir-1.20.4/lib/elixir/ebin/Elixir.GenServer.beam	gen
/home/aion/reach/elixir-reach-20260903/corpus/elixir-1.20.4/lib/elixir/ebin/Elixir.GenServer.beam	gen_server
/home/aion/reach/elixir-reach-20260903/corpus/elixir-1.20.4/lib/elixir/ebin/Elixir.GenServer.beam	global
/home/aion/reach/elixir-reach-20260903/corpus/elixir-1.20.4/lib/elixir/ebin/Elixir.GenServer.beam	proc_lib
/home/aion/reach/elixir-reach-20260903/corpus/elixir-1.20.4/lib/elixir/ebin/Elixir.HashDict.beam	Elixir.Enum
/home/aion/reach/elixir-reach-20260903/corpus/elixir-1.20.4/lib/elixir/ebin/Elixir.HashDict.beam	Elixir.KeyError
/home/aion/reach/elixir-reach-20260903/corpus/elixir-1.20.4/lib/elixir/ebin/Elixir.HashDict.beam	erlang
/home/aion/reach/elixir-reach-20260903/corpus/elixir-1.20.4/lib/elixir/ebin/Elixir.HashDict.beam	lists
/home/aion/reach/elixir-reach-20260903/corpus/elixir-1.20.4/lib/elixir/ebin/Elixir.HashSet.beam	Elixir.Enum
/home/aion/reach/elixir-reach-20260903/corpus/elixir-1.20.4/lib/elixir/ebin/Elixir.HashSet.beam	erlang
/home/aion/reach/elixir-reach-20260903/corpus/elixir-1.20.4/lib/elixir/ebin/Elixir.HashSet.beam	lists
/home/aion/reach/elixir-reach-20260903/corpus/elixir-1.20.4/lib/elixir/ebin/Elixir.IO.ANSI.Docs.beam	Elixir.Access
/home/aion/reach/elixir-reach-20260903/corpus/elixir-1.20.4/lib/elixir/ebin/Elixir.IO.ANSI.Docs.beam	Elixir.Enum
/home/aion/reach/elixir-reach-20260903/corpus/elixir-1.20.4/lib/elixir/ebin/Elixir.IO.ANSI.Docs.beam	Elixir.Exception
/home/aion/reach/elixir-reach-20260903/corpus/elixir-1.20.4/lib/elixir/ebin/Elixir.IO.ANSI.Docs.beam	Elixir.IO
/home/aion/reach/elixir-reach-20260903/corpus/elixir-1.20.4/lib/elixir/ebin/Elixir.IO.ANSI.Docs.beam	Elixir.IO.ANSI
/home/aion/reach/elixir-reach-20260903/corpus/elixir-1.20.4/lib/elixir/ebin/Elixir.IO.ANSI.Docs.beam	Elixir.Kernel
/home/aion/reach/elixir-reach-20260903/corpus/elixir-1.20.4/lib/elixir/ebin/Elixir.IO.ANSI.Docs.beam	Elixir.Keyword
/home/aion/reach/elixir-reach-20260903/corpus/elixir-1.20.4/lib/elixir/ebin/Elixir.IO.ANSI.Docs.beam	Elixir.List
/home/aion/reach/elixir-reach-20260903/corpus/elixir-1.20.4/lib/elixir/ebin/Elixir.IO.ANSI.Docs.beam	Elixir.Regex
/home/aion/reach/elixir-reach-20260903/corpus/elixir-1.20.4/lib/elixir/ebin/Elixir.IO.ANSI.Docs.beam	Elixir.String
/home/aion/reach/elixir-reach-20260903/corpus/elixir-1.20.4/lib/elixir/ebin/Elixir.IO.ANSI.Docs.beam	Elixir.String.Chars
/home/aion/reach/elixir-reach-20260903/corpus/elixir-1.20.4/lib/elixir/ebin/Elixir.IO.ANSI.Docs.beam	binary
/home/aion/reach/elixir-reach-20260903/corpus/elixir-1.20.4/lib/elixir/ebin/Elixir.IO.ANSI.Docs.beam	erlang
/home/aion/reach/elixir-reach-20260903/corpus/elixir-1.20.4/lib/elixir/ebin/Elixir.IO.ANSI.Docs.beam	lists
/home/aion/reach/elixir-reach-20260903/corpus/elixir-1.20.4/lib/elixir/ebin/Elixir.IO.ANSI.Docs.beam	re
/home/aion/reach/elixir-reach-20260903/corpus/elixir-1.20.4/lib/elixir/ebin/Elixir.IO.ANSI.beam	Elixir.Application
/home/aion/reach/elixir-reach-20260903/corpus/elixir-1.20.4/lib/elixir/ebin/Elixir.IO.ANSI.beam	Elixir.ArgumentError
/home/aion/reach/elixir-reach-20260903/corpus/elixir-1.20.4/lib/elixir/ebin/Elixir.IO.ANSI.beam	Elixir.IO.ANSI
/home/aion/reach/elixir-reach-20260903/corpus/elixir-1.20.4/lib/elixir/ebin/Elixir.IO.ANSI.beam	Elixir.Kernel
/home/aion/reach/elixir-reach-20260903/corpus/elixir-1.20.4/lib/elixir/ebin/Elixir.IO.ANSI.beam	Elixir.String.Chars
/home/aion/reach/elixir-reach-20260903/corpus/elixir-1.20.4/lib/elixir/ebin/Elixir.IO.ANSI.beam	erlang
/home/aion/reach/elixir-reach-20260903/corpus/elixir-1.20.4/lib/elixir/ebin/Elixir.IO.Stream.beam	Elixir.Enum
/home/aion/reach/elixir-reach-20260903/corpus/elixir-1.20.4/lib/elixir/ebin/Elixir.IO.Stream.beam	erlang
/home/aion/reach/elixir-reach-20260903/corpus/elixir-1.20.4/lib/elixir/ebin/Elixir.IO.StreamError.beam	Elixir.Enum
/home/aion/reach/elixir-reach-20260903/corpus/elixir-1.20.4/lib/elixir/ebin/Elixir.IO.StreamError.beam	Elixir.Kernel
/home/aion/reach/elixir-reach-20260903/corpus/elixir-1.20.4/lib/elixir/ebin/Elixir.IO.StreamError.beam	erlang
/home/aion/reach/elixir-reach-20260903/corpus/elixir-1.20.4/lib/elixir/ebin/Elixir.IO.beam	Elixir.Access
/home/aion/reach/elixir-reach-20260903/corpus/elixir-1.20.4/lib/elixir/ebin/Elixir.IO.beam	Elixir.Enum
/home/aion/reach/elixir-reach-20260903/corpus/elixir-1.20.4/lib/elixir/ebin/Elixir.IO.beam	Elixir.IO
/home/aion/reach/elixir-reach-20260903/corpus/elixir-1.20.4/lib/elixir/ebin/Elixir.IO.beam	Elixir.IO.Stream
/home/aion/reach/elixir-reach-20260903/corpus/elixir-1.20.4/lib/elixir/ebin/Elixir.IO.beam	Elixir.IO.StreamError
/home/aion/reach/elixir-reach-20260903/corpus/elixir-1.20.4/lib/elixir/ebin/Elixir.IO.beam	Elixir.Inspect.Algebra
/home/aion/reach/elixir-reach-20260903/corpus/elixir-1.20.4/lib/elixir/ebin/Elixir.IO.beam	Elixir.Inspect.Opts
/home/aion/reach/elixir-reach-20260903/corpus/elixir-1.20.4/lib/elixir/ebin/Elixir.IO.beam	Elixir.Keyword
/home/aion/reach/elixir-reach-20260903/corpus/elixir-1.20.4/lib/elixir/ebin/Elixir.IO.beam	Elixir.List
/home/aion/reach/elixir-reach-20260903/corpus/elixir-1.20.4/lib/elixir/ebin/Elixir.IO.beam	Elixir.Macro.Env
/home/aion/reach/elixir-reach-20260903/corpus/elixir-1.20.4/lib/elixir/ebin/Elixir.IO.beam	Elixir.Process
/home/aion/reach/elixir-reach-20260903/corpus/elixir-1.20.4/lib/elixir/ebin/Elixir.IO.beam	Elixir.String.Chars
/home/aion/reach/elixir-reach-20260903/corpus/elixir-1.20.4/lib/elixir/ebin/Elixir.IO.beam	elixir_config
/home/aion/reach/elixir-reach-20260903/corpus/elixir-1.20.4/lib/elixir/ebin/Elixir.IO.beam	elixir_erl_pass
/home/aion/reach/elixir-reach-20260903/corpus/elixir-1.20.4/lib/elixir/ebin/Elixir.IO.beam	elixir_errors
/home/aion/reach/elixir-reach-20260903/corpus/elixir-1.20.4/lib/elixir/ebin/Elixir.IO.beam	erlang
/home/aion/reach/elixir-reach-20260903/corpus/elixir-1.20.4/lib/elixir/ebin/Elixir.IO.beam	file
/home/aion/reach/elixir-reach-20260903/corpus/elixir-1.20.4/lib/elixir/ebin/Elixir.IO.beam	io
/home/aion/reach/elixir-reach-20260903/corpus/elixir-1.20.4/lib/elixir/ebin/Elixir.IO.beam	lists
/home/aion/reach/elixir-reach-20260903/corpus/elixir-1.20.4/lib/elixir/ebin/Elixir.Inspect.Algebra.beam	Elixir.Exception
/home/aion/reach/elixir-reach-20260903/corpus/elixir-1.20.4/lib/elixir/ebin/Elixir.Inspect.Algebra.beam	Elixir.IO.ANSI
/home/aion/reach/elixir-reach-20260903/corpus/elixir-1.20.4/lib/elixir/ebin/Elixir.Inspect.Algebra.beam	Elixir.Inspect
/home/aion/reach/elixir-reach-20260903/corpus/elixir-1.20.4/lib/elixir/ebin/Elixir.Inspect.Algebra.beam	Elixir.Inspect.Error
/home/aion/reach/elixir-reach-20260903/corpus/elixir-1.20.4/lib/elixir/ebin/Elixir.Inspect.Algebra.beam	Elixir.Inspect.Map
/home/aion/reach/elixir-reach-20260903/corpus/elixir-1.20.4/lib/elixir/ebin/Elixir.Inspect.Algebra.beam	Elixir.Inspect.Opts
/home/aion/reach/elixir-reach-20260903/corpus/elixir-1.20.4/lib/elixir/ebin/Elixir.Inspect.Algebra.beam	Elixir.Kernel.Utils
/home/aion/reach/elixir-reach-20260903/corpus/elixir-1.20.4/lib/elixir/ebin/Elixir.Inspect.Algebra.beam	Elixir.Keyword
/home/aion/reach/elixir-reach-20260903/corpus/elixir-1.20.4/lib/elixir/ebin/Elixir.Inspect.Algebra.beam	Elixir.List
/home/aion/reach/elixir-reach-20260903/corpus/elixir-1.20.4/lib/elixir/ebin/Elixir.Inspect.Algebra.beam	Elixir.Macro.Env
/home/aion/reach/elixir-reach-20260903/corpus/elixir-1.20.4/lib/elixir/ebin/Elixir.Inspect.Algebra.beam	Elixir.Process
/home/aion/reach/elixir-reach-20260903/corpus/elixir-1.20.4/lib/elixir/ebin/Elixir.Inspect.Algebra.beam	Elixir.String
/home/aion/reach/elixir-reach-20260903/corpus/elixir-1.20.4/lib/elixir/ebin/Elixir.Inspect.Algebra.beam	binary
/home/aion/reach/elixir-reach-20260903/corpus/elixir-1.20.4/lib/elixir/ebin/Elixir.Inspect.Algebra.beam	elixir_env
/home/aion/reach/elixir-reach-20260903/corpus/elixir-1.20.4/lib/elixir/ebin/Elixir.Inspect.Algebra.beam	elixir_erl_pass
/home/aion/reach/elixir-reach-20260903/corpus/elixir-1.20.4/lib/elixir/ebin/Elixir.Inspect.Algebra.beam	elixir_quote
/home/aion/reach/elixir-reach-20260903/corpus/elixir-1.20.4/lib/elixir/ebin/Elixir.Inspect.Algebra.beam	erlang
/home/aion/reach/elixir-reach-20260903/corpus/elixir-1.20.4/lib/elixir/ebin/Elixir.Inspect.Algebra.beam	lists
/home/aion/reach/elixir-reach-20260903/corpus/elixir-1.20.4/lib/elixir/ebin/Elixir.Inspect.Any.beam	Elixir.Enum
/home/aion/reach/elixir-reach-20260903/corpus/elixir-1.20.4/lib/elixir/ebin/Elixir.Inspect.Any.beam	Elixir.Inspect.Algebra
/home/aion/reach/elixir-reach-20260903/corpus/elixir-1.20.4/lib/elixir/ebin/Elixir.Inspect.Any.beam	Elixir.Inspect.List
/home/aion/reach/elixir-reach-20260903/corpus/elixir-1.20.4/lib/elixir/ebin/Elixir.Inspect.Any.beam	Elixir.Inspect.Map
/home/aion/reach/elixir-reach-20260903/corpus/elixir-1.20.4/lib/elixir/ebin/Elixir.Inspect.Any.beam	Elixir.Macro
/home/aion/reach/elixir-reach-20260903/corpus/elixir-1.20.4/lib/elixir/ebin/Elixir.Inspect.Any.beam	Elixir.Map
/home/aion/reach/elixir-reach-20260903/corpus/elixir-1.20.4/lib/elixir/ebin/Elixir.Inspect.Any.beam	erlang
/home/aion/reach/elixir-reach-20260903/corpus/elixir-1.20.4/lib/elixir/ebin/Elixir.Inspect.Any.beam	io_lib
/home/aion/reach/elixir-reach-20260903/corpus/elixir-1.20.4/lib/elixir/ebin/Elixir.Inspect.Any.beam	lists
/home/aion/reach/elixir-reach-20260903/corpus/elixir-1.20.4/lib/elixir/ebin/Elixir.Inspect.Atom.beam	Elixir.Inspect.Algebra
/home/aion/reach/elixir-reach-20260903/corpus/elixir-1.20.4/lib/elixir/ebin/Elixir.Inspect.Atom.beam	Elixir.Macro
/home/aion/reach/elixir-reach-20260903/corpus/elixir-1.20.4/lib/elixir/ebin/Elixir.Inspect.Atom.beam	erlang
/home/aion/reach/elixir-reach-20260903/corpus/elixir-1.20.4/lib/elixir/ebin/Elixir.Inspect.BitString.beam	Elixir.Code.Identifier
/home/aion/reach/elixir-reach-20260903/corpus/elixir-1.20.4/lib/elixir/ebin/Elixir.Inspect.BitString.beam	Elixir.Inspect.Algebra
/home/aion/reach/elixir-reach-20260903/corpus/elixir-1.20.4/lib/elixir/ebin/Elixir.Inspect.BitString.beam	Elixir.Inspect.Integer
/home/aion/reach/elixir-reach-20260903/corpus/elixir-1.20.4/lib/elixir/ebin/Elixir.Inspect.BitString.beam	Elixir.String
/home/aion/reach/elixir-reach-20260903/corpus/elixir-1.20.4/lib/elixir/ebin/Elixir.Inspect.BitString.beam	erlang
/home/aion/reach/elixir-reach-20260903/corpus/elixir-1.20.4/lib/elixir/ebin/Elixir.Inspect.Date.Range.beam	Elixir.Kernel
/home/aion/reach/elixir-reach-20260903/corpus/elixir-1.20.4/lib/elixir/ebin/Elixir.Inspect.Date.Range.beam	Elixir.String.Chars
/home/aion/reach/elixir-reach-20260903/corpus/elixir-1.20.4/lib/elixir/ebin/Elixir.Inspect.Date.Range.beam	erlang
/home/aion/reach/elixir-reach-20260903/corpus/elixir-1.20.4/lib/elixir/ebin/Elixir.Inspect.Date.beam	Elixir.Kernel
/home/aion/reach/elixir-reach-20260903/corpus/elixir-1.20.4/lib/elixir/ebin/Elixir.Inspect.Date.beam	Elixir.String.Chars
/home/aion/reach/elixir-reach-20260903/corpus/elixir-1.20.4/lib/elixir/ebin/Elixir.Inspect.Date.beam	erlang
/home/aion/reach/elixir-reach-20260903/corpus/elixir-1.20.4/lib/elixir/ebin/Elixir.Inspect.DateTime.beam	Elixir.Kernel
/home/aion/reach/elixir-reach-20260903/corpus/elixir-1.20.4/lib/elixir/ebin/Elixir.Inspect.DateTime.beam	erlang
/home/aion/reach/elixir-reach-20260903/corpus/elixir-1.20.4/lib/elixir/ebin/Elixir.Inspect.Duration.beam	Elixir.Duration
/home/aion/reach/elixir-reach-20260903/corpus/elixir-1.20.4/lib/elixir/ebin/Elixir.Inspect.Duration.beam	Elixir.Enum
/home/aion/reach/elixir-reach-20260903/corpus/elixir-1.20.4/lib/elixir/ebin/Elixir.Inspect.Duration.beam	Elixir.Inspect.Map
/home/aion/reach/elixir-reach-20260903/corpus/elixir-1.20.4/lib/elixir/ebin/Elixir.Inspect.Duration.beam	Elixir.Macro
/home/aion/reach/elixir-reach-20260903/corpus/elixir-1.20.4/lib/elixir/ebin/Elixir.Inspect.Duration.beam	Elixir.Map
/home/aion/reach/elixir-reach-20260903/corpus/elixir-1.20.4/lib/elixir/ebin/Elixir.Inspect.Duration.beam	erlang
/home/aion/reach/elixir-reach-20260903/corpus/elixir-1.20.4/lib/elixir/ebin/Elixir.Inspect.Duration.beam	lists
/home/aion/reach/elixir-reach-20260903/corpus/elixir-1.20.4/lib/elixir/ebin/Elixir.Inspect.Error.beam	Elixir.ArgumentError
/home/aion/reach/elixir-reach-20260903/corpus/elixir-1.20.4/lib/elixir/ebin/Elixir.Inspect.Error.beam	Elixir.Enum
/home/aion/reach/elixir-reach-20260903/corpus/elixir-1.20.4/lib/elixir/ebin/Elixir.Inspect.Error.beam	Elixir.Exception
/home/aion/reach/elixir-reach-20260903/corpus/elixir-1.20.4/lib/elixir/ebin/Elixir.Inspect.Error.beam	Elixir.Kernel
/home/aion/reach/elixir-reach-20260903/corpus/elixir-1.20.4/lib/elixir/ebin/Elixir.Inspect.Error.beam	Elixir.Keyword
/home/aion/reach/elixir-reach-20260903/corpus/elixir-1.20.4/lib/elixir/ebin/Elixir.Inspect.Error.beam	Elixir.List
/home/aion/reach/elixir-reach-20260903/corpus/elixir-1.20.4/lib/elixir/ebin/Elixir.Inspect.Error.beam	Elixir.String
/home/aion/reach/elixir-reach-20260903/corpus/elixir-1.20.4/lib/elixir/ebin/Elixir.Inspect.Error.beam	Elixir.String.Chars
/home/aion/reach/elixir-reach-20260903/corpus/elixir-1.20.4/lib/elixir/ebin/Elixir.Inspect.Error.beam	binary
/home/aion/reach/elixir-reach-20260903/corpus/elixir-1.20.4/lib/elixir/ebin/Elixir.Inspect.Error.beam	elixir_erl_pass
/home/aion/reach/elixir-reach-20260903/corpus/elixir-1.20.4/lib/elixir/ebin/Elixir.Inspect.Error.beam	erlang
/home/aion/reach/elixir-reach-20260903/corpus/elixir-1.20.4/lib/elixir/ebin/Elixir.Inspect.Float.beam	Elixir.Inspect.Algebra
/home/aion/reach/elixir-reach-20260903/corpus/elixir-1.20.4/lib/elixir/ebin/Elixir.Inspect.Float.beam	erlang
/home/aion/reach/elixir-reach-20260903/corpus/elixir-1.20.4/lib/elixir/ebin/Elixir.Inspect.Function.beam	Elixir.Access
/home/aion/reach/elixir-reach-20260903/corpus/elixir-1.20.4/lib/elixir/ebin/Elixir.Inspect.Function.beam	Elixir.Code.Identifier
/home/aion/reach/elixir-reach-20260903/corpus/elixir-1.20.4/lib/elixir/ebin/Elixir.Inspect.Function.beam	Elixir.Macro
/home/aion/reach/elixir-reach-20260903/corpus/elixir-1.20.4/lib/elixir/ebin/Elixir.Inspect.Function.beam	Elixir.String.Chars
/home/aion/reach/elixir-reach-20260903/corpus/elixir-1.20.4/lib/elixir/ebin/Elixir.Inspect.Function.beam	erlang
/home/aion/reach/elixir-reach-20260903/corpus/elixir-1.20.4/lib/elixir/ebin/Elixir.Inspect.HashDict.beam	Elixir.Inspect.Algebra
/home/aion/reach/elixir-reach-20260903/corpus/elixir-1.20.4/lib/elixir/ebin/Elixir.Inspect.HashDict.beam	Elixir.Inspect.List
/home/aion/reach/elixir-reach-20260903/corpus/elixir-1.20.4/lib/elixir/ebin/Elixir.Inspect.HashDict.beam	HashDict
/home/aion/reach/elixir-reach-20260903/corpus/elixir-1.20.4/lib/elixir/ebin/Elixir.Inspect.HashDict.beam	erlang
/home/aion/reach/elixir-reach-20260903/corpus/elixir-1.20.4/lib/elixir/ebin/Elixir.Inspect.HashSet.beam	Elixir.Inspect.Algebra
/home/aion/reach/elixir-reach-20260903/corpus/elixir-1.20.4/lib/elixir/ebin/Elixir.Inspect.HashSet.beam	Elixir.Inspect.List
/home/aion/reach/elixir-reach-20260903/corpus/elixir-1.20.4/lib/elixir/ebin/Elixir.Inspect.HashSet.beam	HashSet
/home/aion/reach/elixir-reach-20260903/corpus/elixir-1.20.4/lib/elixir/ebin/Elixir.Inspect.HashSet.beam	erlang
/home/aion/reach/elixir-reach-20260903/corpus/elixir-1.20.4/lib/elixir/ebin/Elixir.Inspect.Inspect.Error.beam	Elixir.Exception
/home/aion/reach/elixir-reach-20260903/corpus/elixir-1.20.4/lib/elixir/ebin/Elixir.Inspect.Inspect.Error.beam	Elixir.Inspect.Error
/home/aion/reach/elixir-reach-20260903/corpus/elixir-1.20.4/lib/elixir/ebin/Elixir.Inspect.Inspect.Error.beam	Elixir.String.Chars
/home/aion/reach/elixir-reach-20260903/corpus/elixir-1.20.4/lib/elixir/ebin/Elixir.Inspect.Inspect.Error.beam	erlang
/home/aion/reach/elixir-reach-20260903/corpus/elixir-1.20.4/lib/elixir/ebin/Elixir.Inspect.Integer.beam	Elixir.Inspect.Algebra
/home/aion/reach/elixir-reach-20260903/corpus/elixir-1.20.4/lib/elixir/ebin/Elixir.Inspect.Integer.beam	erlang
/home/aion/reach/elixir-reach-20260903/corpus/elixir-1.20.4/lib/elixir/ebin/Elixir.Inspect.List.beam	Elixir.Code.Identifier
/home/aion/reach/elixir-reach-20260903/corpus/elixir-1.20.4/lib/elixir/ebin/Elixir.Inspect.List.beam	Elixir.Enum
/home/aion/reach/elixir-reach-20260903/corpus/elixir-1.20.4/lib/elixir/ebin/Elixir.Inspect.List.beam	Elixir.IO
/home/aion/reach/elixir-reach-20260903/corpus/elixir-1.20.4/lib/elixir/ebin/Elixir.Inspect.List.beam	Elixir.Inspect.Algebra
/home/aion/reach/elixir-reach-20260903/corpus/elixir-1.20.4/lib/elixir/ebin/Elixir.Inspect.List.beam	Elixir.List
/home/aion/reach/elixir-reach-20260903/corpus/elixir-1.20.4/lib/elixir/ebin/Elixir.Inspect.List.beam	Elixir.Macro
/home/aion/reach/elixir-reach-20260903/corpus/elixir-1.20.4/lib/elixir/ebin/Elixir.Inspect.List.beam	erlang
/home/aion/reach/elixir-reach-20260903/corpus/elixir-1.20.4/lib/elixir/ebin/Elixir.Inspect.Macro.Env.beam	Elixir.Enum
/home/aion/reach/elixir-reach-20260903/corpus/elixir-1.20.4/lib/elixir/ebin/Elixir.Inspect.Macro.Env.beam	Elixir.Inspect.Any
/home/aion/reach/elixir-reach-20260903/corpus/elixir-1.20.4/lib/elixir/ebin/Elixir.Inspect.Macro.Env.beam	Elixir.Macro
/home/aion/reach/elixir-reach-20260903/corpus/elixir-1.20.4/lib/elixir/ebin/Elixir.Inspect.Macro.Env.beam	Elixir.Macro.Env
/home/aion/reach/elixir-reach-20260903/corpus/elixir-1.20.4/lib/elixir/ebin/Elixir.Inspect.Macro.Env.beam	erlang
/home/aion/reach/elixir-reach-20260903/corpus/elixir-1.20.4/lib/elixir/ebin/Elixir.Inspect.Macro.Env.beam	lists
/home/aion/reach/elixir-reach-20260903/corpus/elixir-1.20.4/lib/elixir/ebin/Elixir.Inspect.Map.beam	Elixir.Inspect.Algebra
/home/aion/reach/elixir-reach-20260903/corpus/elixir-1.20.4/lib/elixir/ebin/Elixir.Inspect.Map.beam	Elixir.Inspect.List
/home/aion/reach/elixir-reach-20260903/corpus/elixir-1.20.4/lib/elixir/ebin/Elixir.Inspect.Map.beam	Elixir.Keyword
/home/aion/reach/elixir-reach-20260903/corpus/elixir-1.20.4/lib/elixir/ebin/Elixir.Inspect.Map.beam	Elixir.Map
/home/aion/reach/elixir-reach-20260903/corpus/elixir-1.20.4/lib/elixir/ebin/Elixir.Inspect.Map.beam	elixir_erl_pass
/home/aion/reach/elixir-reach-20260903/corpus/elixir-1.20.4/lib/elixir/ebin/Elixir.Inspect.Map.beam	erlang
/home/aion/reach/elixir-reach-20260903/corpus/elixir-1.20.4/lib/elixir/ebin/Elixir.Inspect.Map.beam	lists
/home/aion/reach/elixir-reach-20260903/corpus/elixir-1.20.4/lib/elixir/ebin/Elixir.Inspect.Map.beam	maps
/home/aion/reach/elixir-reach-20260903/corpus/elixir-1.20.4/lib/elixir/ebin/Elixir.Inspect.MapSet.beam	Elixir.Inspect.Algebra
/home/aion/reach/elixir-reach-20260903/corpus/elixir-1.20.4/lib/elixir/ebin/Elixir.Inspect.MapSet.beam	Elixir.MapSet
/home/aion/reach/elixir-reach-20260903/corpus/elixir-1.20.4/lib/elixir/ebin/Elixir.Inspect.MapSet.beam	erlang
/home/aion/reach/elixir-reach-20260903/corpus/elixir-1.20.4/lib/elixir/ebin/Elixir.Inspect.NaiveDateTime.beam	Elixir.Kernel
/home/aion/reach/elixir-reach-20260903/corpus/elixir-1.20.4/lib/elixir/ebin/Elixir.Inspect.NaiveDateTime.beam	Elixir.String.Chars
/home/aion/reach/elixir-reach-20260903/corpus/elixir-1.20.4/lib/elixir/ebin/Elixir.Inspect.NaiveDateTime.beam	erlang
/home/aion/reach/elixir-reach-20260903/corpus/elixir-1.20.4/lib/elixir/ebin/Elixir.Inspect.Opts.beam	Elixir.Enum
/home/aion/reach/elixir-reach-20260903/corpus/elixir-1.20.4/lib/elixir/ebin/Elixir.Inspect.Opts.beam	Elixir.Kernel
/home/aion/reach/elixir-reach-20260903/corpus/elixir-1.20.4/lib/elixir/ebin/Elixir.Inspect.Opts.beam	erlang
/home/aion/reach/elixir-reach-20260903/corpus/elixir-1.20.4/lib/elixir/ebin/Elixir.Inspect.Opts.beam	persistent_term
/home/aion/reach/elixir-reach-20260903/corpus/elixir-1.20.4/lib/elixir/ebin/Elixir.Inspect.PID.beam	erlang
/home/aion/reach/elixir-reach-20260903/corpus/elixir-1.20.4/lib/elixir/ebin/Elixir.Inspect.Port.beam	erlang
/home/aion/reach/elixir-reach-20260903/corpus/elixir-1.20.4/lib/elixir/ebin/Elixir.Inspect.Range.beam	Elixir.Inspect.Algebra
/home/aion/reach/elixir-reach-20260903/corpus/elixir-1.20.4/lib/elixir/ebin/Elixir.Inspect.Range.beam	erlang
/home/aion/reach/elixir-reach-20260903/corpus/elixir-1.20.4/lib/elixir/ebin/Elixir.Inspect.Reference.beam	erlang
/home/aion/reach/elixir-reach-20260903/corpus/elixir-1.20.4/lib/elixir/ebin/Elixir.Inspect.Regex.beam	Elixir.Code.Identifier
/home/aion/reach/elixir-reach-20260903/corpus/elixir-1.20.4/lib/elixir/ebin/Elixir.Inspect.Regex.beam	Elixir.Inspect.Algebra
/home/aion/reach/elixir-reach-20260903/corpus/elixir-1.20.4/lib/elixir/ebin/Elixir.Inspect.Regex.beam	elixir_erl_pass
/home/aion/reach/elixir-reach-20260903/corpus/elixir-1.20.4/lib/elixir/ebin/Elixir.Inspect.Regex.beam	erlang
/home/aion/reach/elixir-reach-20260903/corpus/elixir-1.20.4/lib/elixir/ebin/Elixir.Inspect.Stream.beam	Elixir.Inspect.Algebra
/home/aion/reach/elixir-reach-20260903/corpus/elixir-1.20.4/lib/elixir/ebin/Elixir.Inspect.Stream.beam	erlang
/home/aion/reach/elixir-reach-20260903/corpus/elixir-1.20.4/lib/elixir/ebin/Elixir.Inspect.Stream.beam	lists
/home/aion/reach/elixir-reach-20260903/corpus/elixir-1.20.4/lib/elixir/ebin/Elixir.Inspect.Time.beam	Elixir.Kernel
/home/aion/reach/elixir-reach-20260903/corpus/elixir-1.20.4/lib/elixir/ebin/Elixir.Inspect.Time.beam	erlang
/home/aion/reach/elixir-reach-20260903/corpus/elixir-1.20.4/lib/elixir/ebin/Elixir.Inspect.Tuple.beam	Elixir.Inspect.Algebra
/home/aion/reach/elixir-reach-20260903/corpus/elixir-1.20.4/lib/elixir/ebin/Elixir.Inspect.Tuple.beam	erlang
/home/aion/reach/elixir-reach-20260903/corpus/elixir-1.20.4/lib/elixir/ebin/Elixir.Inspect.URI.beam	Elixir.Enum
/home/aion/reach/elixir-reach-20260903/corpus/elixir-1.20.4/lib/elixir/ebin/Elixir.Inspect.URI.beam	Elixir.Inspect.Map
/home/aion/reach/elixir-reach-20260903/corpus/elixir-1.20.4/lib/elixir/ebin/Elixir.Inspect.URI.beam	Elixir.Macro
/home/aion/reach/elixir-reach-20260903/corpus/elixir-1.20.4/lib/elixir/ebin/Elixir.Inspect.URI.beam	Elixir.Map
/home/aion/reach/elixir-reach-20260903/corpus/elixir-1.20.4/lib/elixir/ebin/Elixir.Inspect.URI.beam	Elixir.URI
/home/aion/reach/elixir-reach-20260903/corpus/elixir-1.20.4/lib/elixir/ebin/Elixir.Inspect.URI.beam	erlang
/home/aion/reach/elixir-reach-20260903/corpus/elixir-1.20.4/lib/elixir/ebin/Elixir.Inspect.URI.beam	lists
/home/aion/reach/elixir-reach-20260903/corpus/elixir-1.20.4/lib/elixir/ebin/Elixir.Inspect.Version.Requirement.beam	Elixir.Inspect.Algebra
/home/aion/reach/elixir-reach-20260903/corpus/elixir-1.20.4/lib/elixir/ebin/Elixir.Inspect.Version.Requirement.beam	erlang
/home/aion/reach/elixir-reach-20260903/corpus/elixir-1.20.4/lib/elixir/ebin/Elixir.Inspect.Version.beam	Elixir.Enum
/home/aion/reach/elixir-reach-20260903/corpus/elixir-1.20.4/lib/elixir/ebin/Elixir.Inspect.Version.beam	Elixir.Inspect.Map
/home/aion/reach/elixir-reach-20260903/corpus/elixir-1.20.4/lib/elixir/ebin/Elixir.Inspect.Version.beam	Elixir.Macro
/home/aion/reach/elixir-reach-20260903/corpus/elixir-1.20.4/lib/elixir/ebin/Elixir.Inspect.Version.beam	Elixir.Map
/home/aion/reach/elixir-reach-20260903/corpus/elixir-1.20.4/lib/elixir/ebin/Elixir.Inspect.Version.beam	Elixir.Version
/home/aion/reach/elixir-reach-20260903/corpus/elixir-1.20.4/lib/elixir/ebin/Elixir.Inspect.Version.beam	erlang
/home/aion/reach/elixir-reach-20260903/corpus/elixir-1.20.4/lib/elixir/ebin/Elixir.Inspect.Version.beam	lists
/home/aion/reach/elixir-reach-20260903/corpus/elixir-1.20.4/lib/elixir/ebin/Elixir.Inspect.beam	Elixir.ArgumentError
/home/aion/reach/elixir-reach-20260903/corpus/elixir-1.20.4/lib/elixir/ebin/Elixir.Inspect.beam	Elixir.Code
/home/aion/reach/elixir-reach-20260903/corpus/elixir-1.20.4/lib/elixir/ebin/Elixir.Inspect.beam	Elixir.Enum
/home/aion/reach/elixir-reach-20260903/corpus/elixir-1.20.4/lib/elixir/ebin/Elixir.Inspect.beam	Elixir.Kernel
/home/aion/reach/elixir-reach-20260903/corpus/elixir-1.20.4/lib/elixir/ebin/Elixir.Inspect.beam	Elixir.Keyword
/home/aion/reach/elixir-reach-20260903/corpus/elixir-1.20.4/lib/elixir/ebin/Elixir.Inspect.beam	Elixir.Macro
/home/aion/reach/elixir-reach-20260903/corpus/elixir-1.20.4/lib/elixir/ebin/Elixir.Inspect.beam	Elixir.Map
/home/aion/reach/elixir-reach-20260903/corpus/elixir-1.20.4/lib/elixir/ebin/Elixir.Inspect.beam	Elixir.Protocol
/home/aion/reach/elixir-reach-20260903/corpus/elixir-1.20.4/lib/elixir/ebin/Elixir.Inspect.beam	elixir_env
/home/aion/reach/elixir-reach-20260903/corpus/elixir-1.20.4/lib/elixir/ebin/Elixir.Inspect.beam	elixir_erl_pass
/home/aion/reach/elixir-reach-20260903/corpus/elixir-1.20.4/lib/elixir/ebin/Elixir.Inspect.beam	elixir_quote
/home/aion/reach/elixir-reach-20260903/corpus/elixir-1.20.4/lib/elixir/ebin/Elixir.Inspect.beam	erlang
/home/aion/reach/elixir-reach-20260903/corpus/elixir-1.20.4/lib/elixir/ebin/Elixir.Inspect.beam	maps
/home/aion/reach/elixir-reach-20260903/corpus/elixir-1.20.4/lib/elixir/ebin/Elixir.Integer.beam	Elixir.ArgumentError
/home/aion/reach/elixir-reach-20260903/corpus/elixir-1.20.4/lib/elixir/ebin/Elixir.Integer.beam	Elixir.Kernel
/home/aion/reach/elixir-reach-20260903/corpus/elixir-1.20.4/lib/elixir/ebin/Elixir.Integer.beam	Elixir.Macro.Env
/home/aion/reach/elixir-reach-20260903/corpus/elixir-1.20.4/lib/elixir/ebin/Elixir.Integer.beam	Elixir.String.Chars
/home/aion/reach/elixir-reach-20260903/corpus/elixir-1.20.4/lib/elixir/ebin/Elixir.Integer.beam	elixir_env
/home/aion/reach/elixir-reach-20260903/corpus/elixir-1.20.4/lib/elixir/ebin/Elixir.Integer.beam	elixir_quote
/home/aion/reach/elixir-reach-20260903/corpus/elixir-1.20.4/lib/elixir/ebin/Elixir.Integer.beam	erlang
/home/aion/reach/elixir-reach-20260903/corpus/elixir-1.20.4/lib/elixir/ebin/Elixir.JSON.DecodeError.beam	Elixir.Enum
/home/aion/reach/elixir-reach-20260903/corpus/elixir-1.20.4/lib/elixir/ebin/Elixir.JSON.DecodeError.beam	Elixir.Kernel
/home/aion/reach/elixir-reach-20260903/corpus/elixir-1.20.4/lib/elixir/ebin/Elixir.JSON.DecodeError.beam	elixir_erl_pass
/home/aion/reach/elixir-reach-20260903/corpus/elixir-1.20.4/lib/elixir/ebin/Elixir.JSON.DecodeError.beam	erlang
/home/aion/reach/elixir-reach-20260903/corpus/elixir-1.20.4/lib/elixir/ebin/Elixir.JSON.Encoder.Atom.beam	erlang
/home/aion/reach/elixir-reach-20260903/corpus/elixir-1.20.4/lib/elixir/ebin/Elixir.JSON.Encoder.BitString.beam	erlang
/home/aion/reach/elixir-reach-20260903/corpus/elixir-1.20.4/lib/elixir/ebin/Elixir.JSON.Encoder.BitString.beam	json
/home/aion/reach/elixir-reach-20260903/corpus/elixir-1.20.4/lib/elixir/ebin/Elixir.JSON.Encoder.Date.beam	Elixir.Calendar.ISO
/home/aion/reach/elixir-reach-20260903/corpus/elixir-1.20.4/lib/elixir/ebin/Elixir.JSON.Encoder.Date.beam	Elixir.Date
/home/aion/reach/elixir-reach-20260903/corpus/elixir-1.20.4/lib/elixir/ebin/Elixir.JSON.Encoder.Date.beam	erlang
/home/aion/reach/elixir-reach-20260903/corpus/elixir-1.20.4/lib/elixir/ebin/Elixir.JSON.Encoder.DateTime.beam	Elixir.Calendar.ISO
/home/aion/reach/elixir-reach-20260903/corpus/elixir-1.20.4/lib/elixir/ebin/Elixir.JSON.Encoder.DateTime.beam	Elixir.DateTime
/home/aion/reach/elixir-reach-20260903/corpus/elixir-1.20.4/lib/elixir/ebin/Elixir.JSON.Encoder.DateTime.beam	erlang
/home/aion/reach/elixir-reach-20260903/corpus/elixir-1.20.4/lib/elixir/ebin/Elixir.JSON.Encoder.Duration.beam	Elixir.Duration
/home/aion/reach/elixir-reach-20260903/corpus/elixir-1.20.4/lib/elixir/ebin/Elixir.JSON.Encoder.Duration.beam	erlang
/home/aion/reach/elixir-reach-20260903/corpus/elixir-1.20.4/lib/elixir/ebin/Elixir.JSON.Encoder.Float.beam	erlang
/home/aion/reach/elixir-reach-20260903/corpus/elixir-1.20.4/lib/elixir/ebin/Elixir.JSON.Encoder.Float.beam	json
/home/aion/reach/elixir-reach-20260903/corpus/elixir-1.20.4/lib/elixir/ebin/Elixir.JSON.Encoder.Integer.beam	erlang
/home/aion/reach/elixir-reach-20260903/corpus/elixir-1.20.4/lib/elixir/ebin/Elixir.JSON.Encoder.Integer.beam	json
/home/aion/reach/elixir-reach-20260903/corpus/elixir-1.20.4/lib/elixir/ebin/Elixir.JSON.Encoder.List.beam	erlang
/home/aion/reach/elixir-reach-20260903/corpus/elixir-1.20.4/lib/elixir/ebin/Elixir.JSON.Encoder.List.beam	json
/home/aion/reach/elixir-reach-20260903/corpus/elixir-1.20.4/lib/elixir/ebin/Elixir.JSON.Encoder.Map.beam	Elixir.String.Chars
/home/aion/reach/elixir-reach-20260903/corpus/elixir-1.20.4/lib/elixir/ebin/Elixir.JSON.Encoder.Map.beam	erlang
/home/aion/reach/elixir-reach-20260903/corpus/elixir-1.20.4/lib/elixir/ebin/Elixir.JSON.Encoder.Map.beam	maps
/home/aion/reach/elixir-reach-20260903/corpus/elixir-1.20.4/lib/elixir/ebin/Elixir.JSON.Encoder.NaiveDateTime.beam	Elixir.Calendar.ISO
/home/aion/reach/elixir-reach-20260903/corpus/elixir-1.20.4/lib/elixir/ebin/Elixir.JSON.Encoder.NaiveDateTime.beam	Elixir.NaiveDateTime
/home/aion/reach/elixir-reach-20260903/corpus/elixir-1.20.4/lib/elixir/ebin/Elixir.JSON.Encoder.NaiveDateTime.beam	erlang
/home/aion/reach/elixir-reach-20260903/corpus/elixir-1.20.4/lib/elixir/ebin/Elixir.JSON.Encoder.Time.beam	Elixir.Calendar.ISO
/home/aion/reach/elixir-reach-20260903/corpus/elixir-1.20.4/lib/elixir/ebin/Elixir.JSON.Encoder.Time.beam	Elixir.Time
/home/aion/reach/elixir-reach-20260903/corpus/elixir-1.20.4/lib/elixir/ebin/Elixir.JSON.Encoder.Time.beam	erlang
/home/aion/reach/elixir-reach-20260903/corpus/elixir-1.20.4/lib/elixir/ebin/Elixir.JSON.Encoder.beam	Elixir.ArgumentError
/home/aion/reach/elixir-reach-20260903/corpus/elixir-1.20.4/lib/elixir/ebin/Elixir.JSON.Encoder.beam	Elixir.Code
/home/aion/reach/elixir-reach-20260903/corpus/elixir-1.20.4/lib/elixir/ebin/Elixir.JSON.Encoder.beam	Elixir.Enum
/home/aion/reach/elixir-reach-20260903/corpus/elixir-1.20.4/lib/elixir/ebin/Elixir.JSON.Encoder.beam	Elixir.Kernel
/home/aion/reach/elixir-reach-20260903/corpus/elixir-1.20.4/lib/elixir/ebin/Elixir.JSON.Encoder.beam	Elixir.Keyword
/home/aion/reach/elixir-reach-20260903/corpus/elixir-1.20.4/lib/elixir/ebin/Elixir.JSON.Encoder.beam	Elixir.Macro
/home/aion/reach/elixir-reach-20260903/corpus/elixir-1.20.4/lib/elixir/ebin/Elixir.JSON.Encoder.beam	Elixir.Protocol
/home/aion/reach/elixir-reach-20260903/corpus/elixir-1.20.4/lib/elixir/ebin/Elixir.JSON.Encoder.beam	Elixir.Protocol.UndefinedError
/home/aion/reach/elixir-reach-20260903/corpus/elixir-1.20.4/lib/elixir/ebin/Elixir.JSON.Encoder.beam	elixir_env
/home/aion/reach/elixir-reach-20260903/corpus/elixir-1.20.4/lib/elixir/ebin/Elixir.JSON.Encoder.beam	elixir_erl_pass
/home/aion/reach/elixir-reach-20260903/corpus/elixir-1.20.4/lib/elixir/ebin/Elixir.JSON.Encoder.beam	elixir_quote
/home/aion/reach/elixir-reach-20260903/corpus/elixir-1.20.4/lib/elixir/ebin/Elixir.JSON.Encoder.beam	erlang
/home/aion/reach/elixir-reach-20260903/corpus/elixir-1.20.4/lib/elixir/ebin/Elixir.JSON.Encoder.beam	json
/home/aion/reach/elixir-reach-20260903/corpus/elixir-1.20.4/lib/elixir/ebin/Elixir.JSON.beam	Elixir.Access
/home/aion/reach/elixir-reach-20260903/corpus/elixir-1.20.4/lib/elixir/ebin/Elixir.JSON.beam	Elixir.JSON.DecodeError
/home/aion/reach/elixir-reach-20260903/corpus/elixir-1.20.4/lib/elixir/ebin/Elixir.JSON.beam	Elixir.JSON.Encoder
/home/aion/reach/elixir-reach-20260903/corpus/elixir-1.20.4/lib/elixir/ebin/Elixir.JSON.beam	Elixir.JSON.Encoder.Map
/home/aion/reach/elixir-reach-20260903/corpus/elixir-1.20.4/lib/elixir/ebin/Elixir.JSON.beam	Elixir.Kernel
/home/aion/reach/elixir-reach-20260903/corpus/elixir-1.20.4/lib/elixir/ebin/Elixir.JSON.beam	Elixir.Keyword
/home/aion/reach/elixir-reach-20260903/corpus/elixir-1.20.4/lib/elixir/ebin/Elixir.JSON.beam	Elixir.Map
/home/aion/reach/elixir-reach-20260903/corpus/elixir-1.20.4/lib/elixir/ebin/Elixir.JSON.beam	Elixir.String.Chars
/home/aion/reach/elixir-reach-20260903/corpus/elixir-1.20.4/lib/elixir/ebin/Elixir.JSON.beam	binary
/home/aion/reach/elixir-reach-20260903/corpus/elixir-1.20.4/lib/elixir/ebin/Elixir.JSON.beam	erlang
/home/aion/reach/elixir-reach-20260903/corpus/elixir-1.20.4/lib/elixir/ebin/Elixir.JSON.beam	json
/home/aion/reach/elixir-reach-20260903/corpus/elixir-1.20.4/lib/elixir/ebin/Elixir.Kernel.CLI.beam	Elixir.Access
/home/aion/reach/elixir-reach-20260903/corpus/elixir-1.20.4/lib/elixir/ebin/Elixir.Kernel.CLI.beam	Elixir.Application
/home/aion/reach/elixir-reach-20260903/corpus/elixir-1.20.4/lib/elixir/ebin/Elixir.Kernel.CLI.beam	Elixir.Code
/home/aion/reach/elixir-reach-20260903/corpus/elixir-1.20.4/lib/elixir/ebin/Elixir.Kernel.CLI.beam	Elixir.Enum
/home/aion/reach/elixir-reach-20260903/corpus/elixir-1.20.4/lib/elixir/ebin/Elixir.Kernel.CLI.beam	Elixir.Exception
/home/aion/reach/elixir-reach-20260903/corpus/elixir-1.20.4/lib/elixir/ebin/Elixir.Kernel.CLI.beam	Elixir.File
/home/aion/reach/elixir-reach-20260903/corpus/elixir-1.20.4/lib/elixir/ebin/Elixir.Kernel.CLI.beam	Elixir.FunctionClauseError
/home/aion/reach/elixir-reach-20260903/corpus/elixir-1.20.4/lib/elixir/ebin/Elixir.Kernel.CLI.beam	Elixir.IO
/home/aion/reach/elixir-reach-20260903/corpus/elixir-1.20.4/lib/elixir/ebin/Elixir.Kernel.CLI.beam	Elixir.IO.ANSI
/home/aion/reach/elixir-reach-20260903/corpus/elixir-1.20.4/lib/elixir/ebin/Elixir.Kernel.CLI.beam	Elixir.Kernel
/home/aion/reach/elixir-reach-20260903/corpus/elixir-1.20.4/lib/elixir/ebin/Elixir.Kernel.CLI.beam	Elixir.Kernel.ParallelCompiler
/home/aion/reach/elixir-reach-20260903/corpus/elixir-1.20.4/lib/elixir/ebin/Elixir.Kernel.CLI.beam	Elixir.List
/home/aion/reach/elixir-reach-20260903/corpus/elixir-1.20.4/lib/elixir/ebin/Elixir.Kernel.CLI.beam	Elixir.List.Chars
/home/aion/reach/elixir-reach-20260903/corpus/elixir-1.20.4/lib/elixir/ebin/Elixir.Kernel.CLI.beam	Elixir.Logger
/home/aion/reach/elixir-reach-20260903/corpus/elixir-1.20.4/lib/elixir/ebin/Elixir.Kernel.CLI.beam	Elixir.Macro
/home/aion/reach/elixir-reach-20260903/corpus/elixir-1.20.4/lib/elixir/ebin/Elixir.Kernel.CLI.beam	Elixir.Path
/home/aion/reach/elixir-reach-20260903/corpus/elixir-1.20.4/lib/elixir/ebin/Elixir.Kernel.CLI.beam	Elixir.String
/home/aion/reach/elixir-reach-20260903/corpus/elixir-1.20.4/lib/elixir/ebin/Elixir.Kernel.CLI.beam	Elixir.String.Chars
/home/aion/reach/elixir-reach-20260903/corpus/elixir-1.20.4/lib/elixir/ebin/Elixir.Kernel.CLI.beam	Elixir.System
/home/aion/reach/elixir-reach-20260903/corpus/elixir-1.20.4/lib/elixir/ebin/Elixir.Kernel.CLI.beam	elixir_config
/home/aion/reach/elixir-reach-20260903/corpus/elixir-1.20.4/lib/elixir/ebin/Elixir.Kernel.CLI.beam	elixir_erl_pass
/home/aion/reach/elixir-reach-20260903/corpus/elixir-1.20.4/lib/elixir/ebin/Elixir.Kernel.CLI.beam	erlang
/home/aion/reach/elixir-reach-20260903/corpus/elixir-1.20.4/lib/elixir/ebin/Elixir.Kernel.CLI.beam	erpc
/home/aion/reach/elixir-reach-20260903/corpus/elixir-1.20.4/lib/elixir/ebin/Elixir.Kernel.CLI.beam	filelib
/home/aion/reach/elixir-reach-20260903/corpus/elixir-1.20.4/lib/elixir/ebin/Elixir.Kernel.CLI.beam	filename
/home/aion/reach/elixir-reach-20260903/corpus/elixir-1.20.4/lib/elixir/ebin/Elixir.Kernel.CLI.beam	lists
/home/aion/reach/elixir-reach-20260903/corpus/elixir-1.20.4/lib/elixir/ebin/Elixir.Kernel.CLI.beam	net_kernel
/home/aion/reach/elixir-reach-20260903/corpus/elixir-1.20.4/lib/elixir/ebin/Elixir.Kernel.CLI.beam	os
/home/aion/reach/elixir-reach-20260903/corpus/elixir-1.20.4/lib/elixir/ebin/Elixir.Kernel.CLI.beam	string
/home/aion/reach/elixir-reach-20260903/corpus/elixir-1.20.4/lib/elixir/ebin/Elixir.Kernel.ErrorHandler.beam	code
/home/aion/reach/elixir-reach-20260903/corpus/elixir-1.20.4/lib/elixir/ebin/Elixir.Kernel.ErrorHandler.beam	elixir_module
/home/aion/reach/elixir-reach-20260903/corpus/elixir-1.20.4/lib/elixir/ebin/Elixir.Kernel.ErrorHandler.beam	erlang
/home/aion/reach/elixir-reach-20260903/corpus/elixir-1.20.4/lib/elixir/ebin/Elixir.Kernel.ErrorHandler.beam	error_handler
/home/aion/reach/elixir-reach-20260903/corpus/elixir-1.20.4/lib/elixir/ebin/Elixir.Kernel.LexicalTracker.beam	Elixir.Access
/home/aion/reach/elixir-reach-20260903/corpus/elixir-1.20.4/lib/elixir/ebin/Elixir.Kernel.LexicalTracker.beam	Elixir.Enum
/home/aion/reach/elixir-reach-20260903/corpus/elixir-1.20.4/lib/elixir/ebin/Elixir.Kernel.LexicalTracker.beam	Elixir.Map
/home/aion/reach/elixir-reach-20260903/corpus/elixir-1.20.4/lib/elixir/ebin/Elixir.Kernel.LexicalTracker.beam	elixir_erl_pass
/home/aion/reach/elixir-reach-20260903/corpus/elixir-1.20.4/lib/elixir/ebin/Elixir.Kernel.LexicalTracker.beam	erlang
/home/aion/reach/elixir-reach-20260903/corpus/elixir-1.20.4/lib/elixir/ebin/Elixir.Kernel.LexicalTracker.beam	gen_server
/home/aion/reach/elixir-reach-20260903/corpus/elixir-1.20.4/lib/elixir/ebin/Elixir.Kernel.LexicalTracker.beam	lists
/home/aion/reach/elixir-reach-20260903/corpus/elixir-1.20.4/lib/elixir/ebin/Elixir.Kernel.LexicalTracker.beam	maps
/home/aion/reach/elixir-reach-20260903/corpus/elixir-1.20.4/lib/elixir/ebin/Elixir.Kernel.LexicalTracker.beam	ordsets
/home/aion/reach/elixir-reach-20260903/corpus/elixir-1.20.4/lib/elixir/ebin/Elixir.Kernel.ParallelCompiler.beam	Elixir.ArgumentError
/home/aion/reach/elixir-reach-20260903/corpus/elixir-1.20.4/lib/elixir/ebin/Elixir.Kernel.ParallelCompiler.beam	Elixir.Code
/home/aion/reach/elixir-reach-20260903/corpus/elixir-1.20.4/lib/elixir/ebin/Elixir.Kernel.ParallelCompiler.beam	Elixir.CompileError
/home/aion/reach/elixir-reach-20260903/corpus/elixir-1.20.4/lib/elixir/ebin/Elixir.Kernel.ParallelCompiler.beam	Elixir.Enum
/home/aion/reach/elixir-reach-20260903/corpus/elixir-1.20.4/lib/elixir/ebin/Elixir.Kernel.ParallelCompiler.beam	Elixir.File
/home/aion/reach/elixir-reach-20260903/corpus/elixir-1.20.4/lib/elixir/ebin/Elixir.Kernel.ParallelCompiler.beam	Elixir.IO
/home/aion/reach/elixir-reach-20260903/corpus/elixir-1.20.4/lib/elixir/ebin/Elixir.Kernel.ParallelCompiler.beam	Elixir.Kernel
/home/aion/reach/elixir-reach-20260903/corpus/elixir-1.20.4/lib/elixir/ebin/Elixir.Kernel.ParallelCompiler.beam	Elixir.Kernel.CLI
/home/aion/reach/elixir-reach-20260903/corpus/elixir-1.20.4/lib/elixir/ebin/Elixir.Kernel.ParallelCompiler.beam	Elixir.Keyword
/home/aion/reach/elixir-reach-20260903/corpus/elixir-1.20.4/lib/elixir/ebin/Elixir.Kernel.ParallelCompiler.beam	Elixir.List
/home/aion/reach/elixir-reach-20260903/corpus/elixir-1.20.4/lib/elixir/ebin/Elixir.Kernel.ParallelCompiler.beam	Elixir.List.Chars
/home/aion/reach/elixir-reach-20260903/corpus/elixir-1.20.4/lib/elixir/ebin/Elixir.Kernel.ParallelCompiler.beam	Elixir.Map
/home/aion/reach/elixir-reach-20260903/corpus/elixir-1.20.4/lib/elixir/ebin/Elixir.Kernel.ParallelCompiler.beam	Elixir.Module.ParallelChecker
/home/aion/reach/elixir-reach-20260903/corpus/elixir-1.20.4/lib/elixir/ebin/Elixir.Kernel.ParallelCompiler.beam	Elixir.Path
/home/aion/reach/elixir-reach-20260903/corpus/elixir-1.20.4/lib/elixir/ebin/Elixir.Kernel.ParallelCompiler.beam	Elixir.Process
/home/aion/reach/elixir-reach-20260903/corpus/elixir-1.20.4/lib/elixir/ebin/Elixir.Kernel.ParallelCompiler.beam	Elixir.Range
/home/aion/reach/elixir-reach-20260903/corpus/elixir-1.20.4/lib/elixir/ebin/Elixir.Kernel.ParallelCompiler.beam	Elixir.String
/home/aion/reach/elixir-reach-20260903/corpus/elixir-1.20.4/lib/elixir/ebin/Elixir.Kernel.ParallelCompiler.beam	Elixir.String.Chars
/home/aion/reach/elixir-reach-20260903/corpus/elixir-1.20.4/lib/elixir/ebin/Elixir.Kernel.ParallelCompiler.beam	Elixir.System
/home/aion/reach/elixir-reach-20260903/corpus/elixir-1.20.4/lib/elixir/ebin/Elixir.Kernel.ParallelCompiler.beam	Elixir.Task
/home/aion/reach/elixir-reach-20260903/corpus/elixir-1.20.4/lib/elixir/ebin/Elixir.Kernel.ParallelCompiler.beam	code
/home/aion/reach/elixir-reach-20260903/corpus/elixir-1.20.4/lib/elixir/ebin/Elixir.Kernel.ParallelCompiler.beam	elixir_code_server
/home/aion/reach/elixir-reach-20260903/corpus/elixir-1.20.4/lib/elixir/ebin/Elixir.Kernel.ParallelCompiler.beam	elixir_compiler
/home/aion/reach/elixir-reach-20260903/corpus/elixir-1.20.4/lib/elixir/ebin/Elixir.Kernel.ParallelCompiler.beam	elixir_erl_pass
/home/aion/reach/elixir-reach-20260903/corpus/elixir-1.20.4/lib/elixir/ebin/Elixir.Kernel.ParallelCompiler.beam	elixir_errors
/home/aion/reach/elixir-reach-20260903/corpus/elixir-1.20.4/lib/elixir/ebin/Elixir.Kernel.ParallelCompiler.beam	elixir_module
/home/aion/reach/elixir-reach-20260903/corpus/elixir-1.20.4/lib/elixir/ebin/Elixir.Kernel.ParallelCompiler.beam	elixir_utils
/home/aion/reach/elixir-reach-20260903/corpus/elixir-1.20.4/lib/elixir/ebin/Elixir.Kernel.ParallelCompiler.beam	erlang
/home/aion/reach/elixir-reach-20260903/corpus/elixir-1.20.4/lib/elixir/ebin/Elixir.Kernel.ParallelCompiler.beam	filename
/home/aion/reach/elixir-reach-20260903/corpus/elixir-1.20.4/lib/elixir/ebin/Elixir.Kernel.ParallelCompiler.beam	lists
/home/aion/reach/elixir-reach-20260903/corpus/elixir-1.20.4/lib/elixir/ebin/Elixir.Kernel.ParallelCompiler.beam	maps
/home/aion/reach/elixir-reach-20260903/corpus/elixir-1.20.4/lib/elixir/ebin/Elixir.Kernel.ParallelCompiler.beam	timer
/home/aion/reach/elixir-reach-20260903/corpus/elixir-1.20.4/lib/elixir/ebin/Elixir.Kernel.ParallelCompiler.beam	unicode
/home/aion/reach/elixir-reach-20260903/corpus/elixir-1.20.4/lib/elixir/ebin/Elixir.Kernel.ParallelRequire.beam	Elixir.Kernel.ParallelCompiler
/home/aion/reach/elixir-reach-20260903/corpus/elixir-1.20.4/lib/elixir/ebin/Elixir.Kernel.ParallelRequire.beam	erlang
/home/aion/reach/elixir-reach-20260903/corpus/elixir-1.20.4/lib/elixir/ebin/Elixir.Kernel.SpecialForms.beam	Elixir.RuntimeError
/home/aion/reach/elixir-reach-20260903/corpus/elixir-1.20.4/lib/elixir/ebin/Elixir.Kernel.SpecialForms.beam	erlang
/home/aion/reach/elixir-reach-20260903/corpus/elixir-1.20.4/lib/elixir/ebin/Elixir.Kernel.Typespec.beam	Elixir.Access
/home/aion/reach/elixir-reach-20260903/corpus/elixir-1.20.4/lib/elixir/ebin/Elixir.Kernel.Typespec.beam	Elixir.ArgumentError
/home/aion/reach/elixir-reach-20260903/corpus/elixir-1.20.4/lib/elixir/ebin/Elixir.Kernel.Typespec.beam	Elixir.Code
/home/aion/reach/elixir-reach-20260903/corpus/elixir-1.20.4/lib/elixir/ebin/Elixir.Kernel.Typespec.beam	Elixir.Code.Typespec
/home/aion/reach/elixir-reach-20260903/corpus/elixir-1.20.4/lib/elixir/ebin/Elixir.Kernel.Typespec.beam	Elixir.Enum
/home/aion/reach/elixir-reach-20260903/corpus/elixir-1.20.4/lib/elixir/ebin/Elixir.Kernel.Typespec.beam	Elixir.Exception
/home/aion/reach/elixir-reach-20260903/corpus/elixir-1.20.4/lib/elixir/ebin/Elixir.Kernel.Typespec.beam	Elixir.IO
/home/aion/reach/elixir-reach-20260903/corpus/elixir-1.20.4/lib/elixir/ebin/Elixir.Kernel.Typespec.beam	Elixir.Kernel
/home/aion/reach/elixir-reach-20260903/corpus/elixir-1.20.4/lib/elixir/ebin/Elixir.Kernel.Typespec.beam	Elixir.Kernel.TypespecError
/home/aion/reach/elixir-reach-20260903/corpus/elixir-1.20.4/lib/elixir/ebin/Elixir.Kernel.Typespec.beam	Elixir.Keyword
/home/aion/reach/elixir-reach-20260903/corpus/elixir-1.20.4/lib/elixir/ebin/Elixir.Kernel.Typespec.beam	Elixir.Macro
/home/aion/reach/elixir-reach-20260903/corpus/elixir-1.20.4/lib/elixir/ebin/Elixir.Kernel.Typespec.beam	Elixir.Macro.Env
/home/aion/reach/elixir-reach-20260903/corpus/elixir-1.20.4/lib/elixir/ebin/Elixir.Kernel.Typespec.beam	Elixir.Module
/home/aion/reach/elixir-reach-20260903/corpus/elixir-1.20.4/lib/elixir/ebin/Elixir.Kernel.Typespec.beam	Elixir.Path
/home/aion/reach/elixir-reach-20260903/corpus/elixir-1.20.4/lib/elixir/ebin/Elixir.Kernel.Typespec.beam	Elixir.String.Chars
/home/aion/reach/elixir-reach-20260903/corpus/elixir-1.20.4/lib/elixir/ebin/Elixir.Kernel.Typespec.beam	elixir_aliases
/home/aion/reach/elixir-reach-20260903/corpus/elixir-1.20.4/lib/elixir/ebin/Elixir.Kernel.Typespec.beam	elixir_erl_pass
/home/aion/reach/elixir-reach-20260903/corpus/elixir-1.20.4/lib/elixir/ebin/Elixir.Kernel.Typespec.beam	elixir_module
/home/aion/reach/elixir-reach-20260903/corpus/elixir-1.20.4/lib/elixir/ebin/Elixir.Kernel.Typespec.beam	elixir_quote
/home/aion/reach/elixir-reach-20260903/corpus/elixir-1.20.4/lib/elixir/ebin/Elixir.Kernel.Typespec.beam	erl_internal
/home/aion/reach/elixir-reach-20260903/corpus/elixir-1.20.4/lib/elixir/ebin/Elixir.Kernel.Typespec.beam	erlang
/home/aion/reach/elixir-reach-20260903/corpus/elixir-1.20.4/lib/elixir/ebin/Elixir.Kernel.Typespec.beam	ets
/home/aion/reach/elixir-reach-20260903/corpus/elixir-1.20.4/lib/elixir/ebin/Elixir.Kernel.Typespec.beam	lists
/home/aion/reach/elixir-reach-20260903/corpus/elixir-1.20.4/lib/elixir/ebin/Elixir.Kernel.Typespec.beam	maps
/home/aion/reach/elixir-reach-20260903/corpus/elixir-1.20.4/lib/elixir/ebin/Elixir.Kernel.TypespecError.beam	Elixir.Enum
/home/aion/reach/elixir-reach-20260903/corpus/elixir-1.20.4/lib/elixir/ebin/Elixir.Kernel.TypespecError.beam	Elixir.Exception
/home/aion/reach/elixir-reach-20260903/corpus/elixir-1.20.4/lib/elixir/ebin/Elixir.Kernel.TypespecError.beam	Elixir.Kernel
/home/aion/reach/elixir-reach-20260903/corpus/elixir-1.20.4/lib/elixir/ebin/Elixir.Kernel.TypespecError.beam	Elixir.Path
/home/aion/reach/elixir-reach-20260903/corpus/elixir-1.20.4/lib/elixir/ebin/Elixir.Kernel.TypespecError.beam	erlang
/home/aion/reach/elixir-reach-20260903/corpus/elixir-1.20.4/lib/elixir/ebin/Elixir.Kernel.Utils.beam	Elixir.ArgumentError
/home/aion/reach/elixir-reach-20260903/corpus/elixir-1.20.4/lib/elixir/ebin/Elixir.Kernel.Utils.beam	Elixir.Enum
/home/aion/reach/elixir-reach-20260903/corpus/elixir-1.20.4/lib/elixir/ebin/Elixir.Kernel.Utils.beam	Elixir.Exception
/home/aion/reach/elixir-reach-20260903/corpus/elixir-1.20.4/lib/elixir/ebin/Elixir.Kernel.Utils.beam	Elixir.IO
/home/aion/reach/elixir-reach-20260903/corpus/elixir-1.20.4/lib/elixir/ebin/Elixir.Kernel.Utils.beam	Elixir.Kernel
/home/aion/reach/elixir-reach-20260903/corpus/elixir-1.20.4/lib/elixir/ebin/Elixir.Kernel.Utils.beam	Elixir.Keyword
/home/aion/reach/elixir-reach-20260903/corpus/elixir-1.20.4/lib/elixir/ebin/Elixir.Kernel.Utils.beam	Elixir.List
/home/aion/reach/elixir-reach-20260903/corpus/elixir-1.20.4/lib/elixir/ebin/Elixir.Kernel.Utils.beam	Elixir.Macro
/home/aion/reach/elixir-reach-20260903/corpus/elixir-1.20.4/lib/elixir/ebin/Elixir.Kernel.Utils.beam	Elixir.RuntimeError
/home/aion/reach/elixir-reach-20260903/corpus/elixir-1.20.4/lib/elixir/ebin/Elixir.Kernel.Utils.beam	Elixir.String.Chars
/home/aion/reach/elixir-reach-20260903/corpus/elixir-1.20.4/lib/elixir/ebin/Elixir.Kernel.Utils.beam	elixir_env
/home/aion/reach/elixir-reach-20260903/corpus/elixir-1.20.4/lib/elixir/ebin/Elixir.Kernel.Utils.beam	elixir_erl_pass
/home/aion/reach/elixir-reach-20260903/corpus/elixir-1.20.4/lib/elixir/ebin/Elixir.Kernel.Utils.beam	elixir_expand
/home/aion/reach/elixir-reach-20260903/corpus/elixir-1.20.4/lib/elixir/ebin/Elixir.Kernel.Utils.beam	elixir_module
/home/aion/reach/elixir-reach-20260903/corpus/elixir-1.20.4/lib/elixir/ebin/Elixir.Kernel.Utils.beam	elixir_quote
/home/aion/reach/elixir-reach-20260903/corpus/elixir-1.20.4/lib/elixir/ebin/Elixir.Kernel.Utils.beam	erlang
/home/aion/reach/elixir-reach-20260903/corpus/elixir-1.20.4/lib/elixir/ebin/Elixir.Kernel.Utils.beam	ets
/home/aion/reach/elixir-reach-20260903/corpus/elixir-1.20.4/lib/elixir/ebin/Elixir.Kernel.Utils.beam	lists
/home/aion/reach/elixir-reach-20260903/corpus/elixir-1.20.4/lib/elixir/ebin/Elixir.Kernel.Utils.beam	maps
/home/aion/reach/elixir-reach-20260903/corpus/elixir-1.20.4/lib/elixir/ebin/Elixir.Kernel.beam	Elixir.Access
/home/aion/reach/elixir-reach-20260903/corpus/elixir-1.20.4/lib/elixir/ebin/Elixir.Kernel.beam	Elixir.Application
/home/aion/reach/elixir-reach-20260903/corpus/elixir-1.20.4/lib/elixir/ebin/Elixir.Kernel.beam	Elixir.ArgumentError
/home/aion/reach/elixir-reach-20260903/corpus/elixir-1.20.4/lib/elixir/ebin/Elixir.Kernel.beam	Elixir.Collectable
/home/aion/reach/elixir-reach-20260903/corpus/elixir-1.20.4/lib/elixir/ebin/Elixir.Kernel.beam	Elixir.Enum
/home/aion/reach/elixir-reach-20260903/corpus/elixir-1.20.4/lib/elixir/ebin/Elixir.Kernel.beam	Elixir.Exception
/home/aion/reach/elixir-reach-20260903/corpus/elixir-1.20.4/lib/elixir/ebin/Elixir.Kernel.beam	Elixir.IO
/home/aion/reach/elixir-reach-20260903/corpus/elixir-1.20.4/lib/elixir/ebin/Elixir.Kernel.beam	Elixir.Inspect.Algebra
/home/aion/reach/elixir-reach-20260903/corpus/elixir-1.20.4/lib/elixir/ebin/Elixir.Kernel.beam	Elixir.Inspect.Opts
/home/aion/reach/elixir-reach-20260903/corpus/elixir-1.20.4/lib/elixir/ebin/Elixir.Kernel.beam	Elixir.Kernel
/home/aion/reach/elixir-reach-20260903/corpus/elixir-1.20.4/lib/elixir/ebin/Elixir.Kernel.beam	Elixir.Kernel.LexicalTracker
/home/aion/reach/elixir-reach-20260903/corpus/elixir-1.20.4/lib/elixir/ebin/Elixir.Kernel.beam	Elixir.List
/home/aion/reach/elixir-reach-20260903/corpus/elixir-1.20.4/lib/elixir/ebin/Elixir.Kernel.beam	Elixir.Macro
/home/aion/reach/elixir-reach-20260903/corpus/elixir-1.20.4/lib/elixir/ebin/Elixir.Kernel.beam	Elixir.Macro.Env
/home/aion/reach/elixir-reach-20260903/corpus/elixir-1.20.4/lib/elixir/ebin/Elixir.Kernel.beam	Elixir.Module
/home/aion/reach/elixir-reach-20260903/corpus/elixir-1.20.4/lib/elixir/ebin/Elixir.Kernel.beam	Elixir.Protocol
/home/aion/reach/elixir-reach-20260903/corpus/elixir-1.20.4/lib/elixir/ebin/Elixir.Kernel.beam	Elixir.Regex
/home/aion/reach/elixir-reach-20260903/corpus/elixir-1.20.4/lib/elixir/ebin/Elixir.Kernel.beam	Elixir.String
/home/aion/reach/elixir-reach-20260903/corpus/elixir-1.20.4/lib/elixir/ebin/Elixir.Kernel.beam	Elixir.String.Chars
/home/aion/reach/elixir-reach-20260903/corpus/elixir-1.20.4/lib/elixir/ebin/Elixir.Kernel.beam	binary
/home/aion/reach/elixir-reach-20260903/corpus/elixir-1.20.4/lib/elixir/ebin/Elixir.Kernel.beam	elixir_aliases
/home/aion/reach/elixir-reach-20260903/corpus/elixir-1.20.4/lib/elixir/ebin/Elixir.Kernel.beam	elixir_env
/home/aion/reach/elixir-reach-20260903/corpus/elixir-1.20.4/lib/elixir/ebin/Elixir.Kernel.beam	elixir_erl_pass
/home/aion/reach/elixir-reach-20260903/corpus/elixir-1.20.4/lib/elixir/ebin/Elixir.Kernel.beam	elixir_interpolation
/home/aion/reach/elixir-reach-20260903/corpus/elixir-1.20.4/lib/elixir/ebin/Elixir.Kernel.beam	elixir_module
/home/aion/reach/elixir-reach-20260903/corpus/elixir-1.20.4/lib/elixir/ebin/Elixir.Kernel.beam	elixir_quote
/home/aion/reach/elixir-reach-20260903/corpus/elixir-1.20.4/lib/elixir/ebin/Elixir.Kernel.beam	elixir_utils
/home/aion/reach/elixir-reach-20260903/corpus/elixir-1.20.4/lib/elixir/ebin/Elixir.Kernel.beam	erlang
/home/aion/reach/elixir-reach-20260903/corpus/elixir-1.20.4/lib/elixir/ebin/Elixir.Kernel.beam	lists
/home/aion/reach/elixir-reach-20260903/corpus/elixir-1.20.4/lib/elixir/ebin/Elixir.Kernel.beam	maps
/home/aion/reach/elixir-reach-20260903/corpus/elixir-1.20.4/lib/elixir/ebin/Elixir.Kernel.beam	math
/home/aion/reach/elixir-reach-20260903/corpus/elixir-1.20.4/lib/elixir/ebin/Elixir.KeyError.beam	Elixir.Enum
/home/aion/reach/elixir-reach-20260903/corpus/elixir-1.20.4/lib/elixir/ebin/Elixir.KeyError.beam	Elixir.Exception
/home/aion/reach/elixir-reach-20260903/corpus/elixir-1.20.4/lib/elixir/ebin/Elixir.KeyError.beam	Elixir.Kernel
/home/aion/reach/elixir-reach-20260903/corpus/elixir-1.20.4/lib/elixir/ebin/Elixir.KeyError.beam	Elixir.Keyword
/home/aion/reach/elixir-reach-20260903/corpus/elixir-1.20.4/lib/elixir/ebin/Elixir.KeyError.beam	Elixir.String
/home/aion/reach/elixir-reach-20260903/corpus/elixir-1.20.4/lib/elixir/ebin/Elixir.KeyError.beam	Elixir.String.Chars
/home/aion/reach/elixir-reach-20260903/corpus/elixir-1.20.4/lib/elixir/ebin/Elixir.KeyError.beam	elixir_erl_pass
/home/aion/reach/elixir-reach-20260903/corpus/elixir-1.20.4/lib/elixir/ebin/Elixir.KeyError.beam	erlang
/home/aion/reach/elixir-reach-20260903/corpus/elixir-1.20.4/lib/elixir/ebin/Elixir.KeyError.beam	lists
/home/aion/reach/elixir-reach-20260903/corpus/elixir-1.20.4/lib/elixir/ebin/Elixir.KeyError.beam	maps
/home/aion/reach/elixir-reach-20260903/corpus/elixir-1.20.4/lib/elixir/ebin/Elixir.Keyword.beam	Elixir.ArgumentError
/home/aion/reach/elixir-reach-20260903/corpus/elixir-1.20.4/lib/elixir/ebin/Elixir.Keyword.beam	Elixir.Enum
/home/aion/reach/elixir-reach-20260903/corpus/elixir-1.20.4/lib/elixir/ebin/Elixir.Keyword.beam	Elixir.Kernel
/home/aion/reach/elixir-reach-20260903/corpus/elixir-1.20.4/lib/elixir/ebin/Elixir.Keyword.beam	Elixir.KeyError
/home/aion/reach/elixir-reach-20260903/corpus/elixir-1.20.4/lib/elixir/ebin/Elixir.Keyword.beam	Elixir.RuntimeError
/home/aion/reach/elixir-reach-20260903/corpus/elixir-1.20.4/lib/elixir/ebin/Elixir.Keyword.beam	erlang
/home/aion/reach/elixir-reach-20260903/corpus/elixir-1.20.4/lib/elixir/ebin/Elixir.Keyword.beam	lists
/home/aion/reach/elixir-reach-20260903/corpus/elixir-1.20.4/lib/elixir/ebin/Elixir.List.Chars.Atom.beam	erlang
/home/aion/reach/elixir-reach-20260903/corpus/elixir-1.20.4/lib/elixir/ebin/Elixir.List.Chars.BitString.beam	Elixir.Protocol.UndefinedError
/home/aion/reach/elixir-reach-20260903/corpus/elixir-1.20.4/lib/elixir/ebin/Elixir.List.Chars.BitString.beam	Elixir.String
/home/aion/reach/elixir-reach-20260903/corpus/elixir-1.20.4/lib/elixir/ebin/Elixir.List.Chars.BitString.beam	erlang
/home/aion/reach/elixir-reach-20260903/corpus/elixir-1.20.4/lib/elixir/ebin/Elixir.List.Chars.Float.beam	erlang
/home/aion/reach/elixir-reach-20260903/corpus/elixir-1.20.4/lib/elixir/ebin/Elixir.List.Chars.Integer.beam	erlang
/home/aion/reach/elixir-reach-20260903/corpus/elixir-1.20.4/lib/elixir/ebin/Elixir.List.Chars.List.beam	erlang
/home/aion/reach/elixir-reach-20260903/corpus/elixir-1.20.4/lib/elixir/ebin/Elixir.List.Chars.beam	Elixir.Code
/home/aion/reach/elixir-reach-20260903/corpus/elixir-1.20.4/lib/elixir/ebin/Elixir.List.Chars.beam	Elixir.Protocol
/home/aion/reach/elixir-reach-20260903/corpus/elixir-1.20.4/lib/elixir/ebin/Elixir.List.Chars.beam	Elixir.Protocol.UndefinedError
/home/aion/reach/elixir-reach-20260903/corpus/elixir-1.20.4/lib/elixir/ebin/Elixir.List.Chars.beam	erlang
/home/aion/reach/elixir-reach-20260903/corpus/elixir-1.20.4/lib/elixir/ebin/Elixir.List.beam	Elixir.ArgumentError
/home/aion/reach/elixir-reach-20260903/corpus/elixir-1.20.4/lib/elixir/ebin/Elixir.List.beam	Elixir.Kernel
/home/aion/reach/elixir-reach-20260903/corpus/elixir-1.20.4/lib/elixir/ebin/Elixir.List.beam	Elixir.KeyError
/home/aion/reach/elixir-reach-20260903/corpus/elixir-1.20.4/lib/elixir/ebin/Elixir.List.beam	Elixir.UnicodeConversionError
/home/aion/reach/elixir-reach-20260903/corpus/elixir-1.20.4/lib/elixir/ebin/Elixir.List.beam	erlang
/home/aion/reach/elixir-reach-20260903/corpus/elixir-1.20.4/lib/elixir/ebin/Elixir.List.beam	lists
/home/aion/reach/elixir-reach-20260903/corpus/elixir-1.20.4/lib/elixir/ebin/Elixir.List.beam	unicode
/home/aion/reach/elixir-reach-20260903/corpus/elixir-1.20.4/lib/elixir/ebin/Elixir.Macro.Env.beam	Elixir.Enum
/home/aion/reach/elixir-reach-20260903/corpus/elixir-1.20.4/lib/elixir/ebin/Elixir.Macro.Env.beam	Elixir.Keyword
/home/aion/reach/elixir-reach-20260903/corpus/elixir-1.20.4/lib/elixir/ebin/Elixir.Macro.Env.beam	Elixir.Path
/home/aion/reach/elixir-reach-20260903/corpus/elixir-1.20.4/lib/elixir/ebin/Elixir.Macro.Env.beam	Elixir.String
/home/aion/reach/elixir-reach-20260903/corpus/elixir-1.20.4/lib/elixir/ebin/Elixir.Macro.Env.beam	Elixir.String.Chars
/home/aion/reach/elixir-reach-20260903/corpus/elixir-1.20.4/lib/elixir/ebin/Elixir.Macro.Env.beam	elixir_aliases
/home/aion/reach/elixir-reach-20260903/corpus/elixir-1.20.4/lib/elixir/ebin/Elixir.Macro.Env.beam	elixir_dispatch
/home/aion/reach/elixir-reach-20260903/corpus/elixir-1.20.4/lib/elixir/ebin/Elixir.Macro.Env.beam	elixir_erl_pass
/home/aion/reach/elixir-reach-20260903/corpus/elixir-1.20.4/lib/elixir/ebin/Elixir.Macro.Env.beam	elixir_import
/home/aion/reach/elixir-reach-20260903/corpus/elixir-1.20.4/lib/elixir/ebin/Elixir.Macro.Env.beam	elixir_module
/home/aion/reach/elixir-reach-20260903/corpus/elixir-1.20.4/lib/elixir/ebin/Elixir.Macro.Env.beam	elixir_quote
/home/aion/reach/elixir-reach-20260903/corpus/elixir-1.20.4/lib/elixir/ebin/Elixir.Macro.Env.beam	erlang
/home/aion/reach/elixir-reach-20260903/corpus/elixir-1.20.4/lib/elixir/ebin/Elixir.Macro.Env.beam	lists
/home/aion/reach/elixir-reach-20260903/corpus/elixir-1.20.4/lib/elixir/ebin/Elixir.Macro.Env.beam	maps
/home/aion/reach/elixir-reach-20260903/corpus/elixir-1.20.4/lib/elixir/ebin/Elixir.Macro.Env.beam	ordsets
/home/aion/reach/elixir-reach-20260903/corpus/elixir-1.20.4/lib/elixir/ebin/Elixir.Macro.beam	Elixir.Access
/home/aion/reach/elixir-reach-20260903/corpus/elixir-1.20.4/lib/elixir/ebin/Elixir.Macro.beam	Elixir.ArgumentError
/home/aion/reach/elixir-reach-20260903/corpus/elixir-1.20.4/lib/elixir/ebin/Elixir.Macro.beam	Elixir.Code
/home/aion/reach/elixir-reach-20260903/corpus/elixir-1.20.4/lib/elixir/ebin/Elixir.Macro.beam	Elixir.Code.Identifier
/home/aion/reach/elixir-reach-20260903/corpus/elixir-1.20.4/lib/elixir/ebin/Elixir.Macro.beam	Elixir.Enum
/home/aion/reach/elixir-reach-20260903/corpus/elixir-1.20.4/lib/elixir/ebin/Elixir.Macro.beam	Elixir.Exception
/home/aion/reach/elixir-reach-20260903/corpus/elixir-1.20.4/lib/elixir/ebin/Elixir.Macro.beam	Elixir.IO
/home/aion/reach/elixir-reach-20260903/corpus/elixir-1.20.4/lib/elixir/ebin/Elixir.Macro.beam	Elixir.IO.ANSI
/home/aion/reach/elixir-reach-20260903/corpus/elixir-1.20.4/lib/elixir/ebin/Elixir.Macro.beam	Elixir.Inspect.Algebra
/home/aion/reach/elixir-reach-20260903/corpus/elixir-1.20.4/lib/elixir/ebin/Elixir.Macro.beam	Elixir.Inspect.List
/home/aion/reach/elixir-reach-20260903/corpus/elixir-1.20.4/lib/elixir/ebin/Elixir.Macro.beam	Elixir.Kernel
/home/aion/reach/elixir-reach-20260903/corpus/elixir-1.20.4/lib/elixir/ebin/Elixir.Macro.beam	Elixir.Keyword
/home/aion/reach/elixir-reach-20260903/corpus/elixir-1.20.4/lib/elixir/ebin/Elixir.Macro.beam	Elixir.List
/home/aion/reach/elixir-reach-20260903/corpus/elixir-1.20.4/lib/elixir/ebin/Elixir.Macro.beam	Elixir.Macro
/home/aion/reach/elixir-reach-20260903/corpus/elixir-1.20.4/lib/elixir/ebin/Elixir.Macro.beam	Elixir.Macro.Env
/home/aion/reach/elixir-reach-20260903/corpus/elixir-1.20.4/lib/elixir/ebin/Elixir.Macro.beam	Elixir.Map
/home/aion/reach/elixir-reach-20260903/corpus/elixir-1.20.4/lib/elixir/ebin/Elixir.Macro.beam	Elixir.Path
/home/aion/reach/elixir-reach-20260903/corpus/elixir-1.20.4/lib/elixir/ebin/Elixir.Macro.beam	Elixir.Range
/home/aion/reach/elixir-reach-20260903/corpus/elixir-1.20.4/lib/elixir/ebin/Elixir.Macro.beam	Elixir.String
/home/aion/reach/elixir-reach-20260903/corpus/elixir-1.20.4/lib/elixir/ebin/Elixir.Macro.beam	Elixir.String.Chars
/home/aion/reach/elixir-reach-20260903/corpus/elixir-1.20.4/lib/elixir/ebin/Elixir.Macro.beam	binary
/home/aion/reach/elixir-reach-20260903/corpus/elixir-1.20.4/lib/elixir/ebin/Elixir.Macro.beam	elixir_aliases
/home/aion/reach/elixir-reach-20260903/corpus/elixir-1.20.4/lib/elixir/ebin/Elixir.Macro.beam	elixir_bitstring
/home/aion/reach/elixir-reach-20260903/corpus/elixir-1.20.4/lib/elixir/ebin/Elixir.Macro.beam	elixir_config
/home/aion/reach/elixir-reach-20260903/corpus/elixir-1.20.4/lib/elixir/ebin/Elixir.Macro.beam	elixir_env
/home/aion/reach/elixir-reach-20260903/corpus/elixir-1.20.4/lib/elixir/ebin/Elixir.Macro.beam	elixir_erl_pass
/home/aion/reach/elixir-reach-20260903/corpus/elixir-1.20.4/lib/elixir/ebin/Elixir.Macro.beam	elixir_errors
/home/aion/reach/elixir-reach-20260903/corpus/elixir-1.20.4/lib/elixir/ebin/Elixir.Macro.beam	elixir_import
/home/aion/reach/elixir-reach-20260903/corpus/elixir-1.20.4/lib/elixir/ebin/Elixir.Macro.beam	elixir_interpolation
/home/aion/reach/elixir-reach-20260903/corpus/elixir-1.20.4/lib/elixir/ebin/Elixir.Macro.beam	elixir_map
/home/aion/reach/elixir-reach-20260903/corpus/elixir-1.20.4/lib/elixir/ebin/Elixir.Macro.beam	elixir_module
/home/aion/reach/elixir-reach-20260903/corpus/elixir-1.20.4/lib/elixir/ebin/Elixir.Macro.beam	elixir_quote
/home/aion/reach/elixir-reach-20260903/corpus/elixir-1.20.4/lib/elixir/ebin/Elixir.Macro.beam	erlang
/home/aion/reach/elixir-reach-20260903/corpus/elixir-1.20.4/lib/elixir/ebin/Elixir.Macro.beam	filename
/home/aion/reach/elixir-reach-20260903/corpus/elixir-1.20.4/lib/elixir/ebin/Elixir.Macro.beam	io_lib
/home/aion/reach/elixir-reach-20260903/corpus/elixir-1.20.4/lib/elixir/ebin/Elixir.Macro.beam	lists
/home/aion/reach/elixir-reach-20260903/corpus/elixir-1.20.4/lib/elixir/ebin/Elixir.Macro.beam	maps
/home/aion/reach/elixir-reach-20260903/corpus/elixir-1.20.4/lib/elixir/ebin/Elixir.Map.beam	Elixir.Enum
/home/aion/reach/elixir-reach-20260903/corpus/elixir-1.20.4/lib/elixir/ebin/Elixir.Map.beam	Elixir.IO
/home/aion/reach/elixir-reach-20260903/corpus/elixir-1.20.4/lib/elixir/ebin/Elixir.Map.beam	Elixir.Kernel
/home/aion/reach/elixir-reach-20260903/corpus/elixir-1.20.4/lib/elixir/ebin/Elixir.Map.beam	Elixir.KeyError
/home/aion/reach/elixir-reach-20260903/corpus/elixir-1.20.4/lib/elixir/ebin/Elixir.Map.beam	Elixir.RuntimeError
/home/aion/reach/elixir-reach-20260903/corpus/elixir-1.20.4/lib/elixir/ebin/Elixir.Map.beam	erlang
/home/aion/reach/elixir-reach-20260903/corpus/elixir-1.20.4/lib/elixir/ebin/Elixir.Map.beam	maps
/home/aion/reach/elixir-reach-20260903/corpus/elixir-1.20.4/lib/elixir/ebin/Elixir.MapSet.beam	Elixir.Enum
/home/aion/reach/elixir-reach-20260903/corpus/elixir-1.20.4/lib/elixir/ebin/Elixir.MapSet.beam	Elixir.Map
/home/aion/reach/elixir-reach-20260903/corpus/elixir-1.20.4/lib/elixir/ebin/Elixir.MapSet.beam	erlang
/home/aion/reach/elixir-reach-20260903/corpus/elixir-1.20.4/lib/elixir/ebin/Elixir.MapSet.beam	sets
/home/aion/reach/elixir-reach-20260903/corpus/elixir-1.20.4/lib/elixir/ebin/Elixir.MatchError.beam	Elixir.Enum
/home/aion/reach/elixir-reach-20260903/corpus/elixir-1.20.4/lib/elixir/ebin/Elixir.MatchError.beam	Elixir.Exception
/home/aion/reach/elixir-reach-20260903/corpus/elixir-1.20.4/lib/elixir/ebin/Elixir.MatchError.beam	Elixir.Kernel
/home/aion/reach/elixir-reach-20260903/corpus/elixir-1.20.4/lib/elixir/ebin/Elixir.MatchError.beam	elixir_erl_pass
/home/aion/reach/elixir-reach-20260903/corpus/elixir-1.20.4/lib/elixir/ebin/Elixir.MatchError.beam	erlang
/home/aion/reach/elixir-reach-20260903/corpus/elixir-1.20.4/lib/elixir/ebin/Elixir.MismatchedDelimiterError.beam	Elixir.Enum
/home/aion/reach/elixir-reach-20260903/corpus/elixir-1.20.4/lib/elixir/ebin/Elixir.MismatchedDelimiterError.beam	Elixir.Exception
/home/aion/reach/elixir-reach-20260903/corpus/elixir-1.20.4/lib/elixir/ebin/Elixir.MismatchedDelimiterError.beam	Elixir.Kernel
/home/aion/reach/elixir-reach-20260903/corpus/elixir-1.20.4/lib/elixir/ebin/Elixir.MismatchedDelimiterError.beam	Elixir.Path
/home/aion/reach/elixir-reach-20260903/corpus/elixir-1.20.4/lib/elixir/ebin/Elixir.MismatchedDelimiterError.beam	Elixir.String
/home/aion/reach/elixir-reach-20260903/corpus/elixir-1.20.4/lib/elixir/ebin/Elixir.MismatchedDelimiterError.beam	Elixir.String.Chars
/home/aion/reach/elixir-reach-20260903/corpus/elixir-1.20.4/lib/elixir/ebin/Elixir.MismatchedDelimiterError.beam	erlang
/home/aion/reach/elixir-reach-20260903/corpus/elixir-1.20.4/lib/elixir/ebin/Elixir.MissingApplicationsError.beam	Elixir.Enum
/home/aion/reach/elixir-reach-20260903/corpus/elixir-1.20.4/lib/elixir/ebin/Elixir.MissingApplicationsError.beam	Elixir.Kernel
/home/aion/reach/elixir-reach-20260903/corpus/elixir-1.20.4/lib/elixir/ebin/Elixir.MissingApplicationsError.beam	Elixir.String.Chars
/home/aion/reach/elixir-reach-20260903/corpus/elixir-1.20.4/lib/elixir/ebin/Elixir.MissingApplicationsError.beam	erlang
/home/aion/reach/elixir-reach-20260903/corpus/elixir-1.20.4/lib/elixir/ebin/Elixir.Module.Behaviour.beam	Elixir.Access
/home/aion/reach/elixir-reach-20260903/corpus/elixir-1.20.4/lib/elixir/ebin/Elixir.Module.Behaviour.beam	Elixir.Code
/home/aion/reach/elixir-reach-20260903/corpus/elixir-1.20.4/lib/elixir/ebin/Elixir.Module.Behaviour.beam	Elixir.Enum
/home/aion/reach/elixir-reach-20260903/corpus/elixir-1.20.4/lib/elixir/ebin/Elixir.Module.Behaviour.beam	Elixir.Exception
/home/aion/reach/elixir-reach-20260903/corpus/elixir-1.20.4/lib/elixir/ebin/Elixir.Module.Behaviour.beam	Elixir.Kernel
/home/aion/reach/elixir-reach-20260903/corpus/elixir-1.20.4/lib/elixir/ebin/Elixir.Module.Behaviour.beam	Elixir.Keyword
/home/aion/reach/elixir-reach-20260903/corpus/elixir-1.20.4/lib/elixir/ebin/Elixir.Module.Behaviour.beam	Elixir.List
/home/aion/reach/elixir-reach-20260903/corpus/elixir-1.20.4/lib/elixir/ebin/Elixir.Module.Behaviour.beam	Elixir.Map
/home/aion/reach/elixir-reach-20260903/corpus/elixir-1.20.4/lib/elixir/ebin/Elixir.Module.Behaviour.beam	Elixir.Range
/home/aion/reach/elixir-reach-20260903/corpus/elixir-1.20.4/lib/elixir/ebin/Elixir.Module.Behaviour.beam	Elixir.String.Chars
/home/aion/reach/elixir-reach-20260903/corpus/elixir-1.20.4/lib/elixir/ebin/Elixir.Module.Behaviour.beam	elixir_erl_pass
/home/aion/reach/elixir-reach-20260903/corpus/elixir-1.20.4/lib/elixir/ebin/Elixir.Module.Behaviour.beam	elixir_utils
/home/aion/reach/elixir-reach-20260903/corpus/elixir-1.20.4/lib/elixir/ebin/Elixir.Module.Behaviour.beam	erlang
/home/aion/reach/elixir-reach-20260903/corpus/elixir-1.20.4/lib/elixir/ebin/Elixir.Module.Behaviour.beam	lists
/home/aion/reach/elixir-reach-20260903/corpus/elixir-1.20.4/lib/elixir/ebin/Elixir.Module.Behaviour.beam	maps
/home/aion/reach/elixir-reach-20260903/corpus/elixir-1.20.4/lib/elixir/ebin/Elixir.Module.ParallelChecker.beam	Elixir.Access
/home/aion/reach/elixir-reach-20260903/corpus/elixir-1.20.4/lib/elixir/ebin/Elixir.Module.ParallelChecker.beam	Elixir.Code
/home/aion/reach/elixir-reach-20260903/corpus/elixir-1.20.4/lib/elixir/ebin/Elixir.Module.ParallelChecker.beam	Elixir.Enum
/home/aion/reach/elixir-reach-20260903/corpus/elixir-1.20.4/lib/elixir/ebin/Elixir.Module.ParallelChecker.beam	Elixir.File
/home/aion/reach/elixir-reach-20260903/corpus/elixir-1.20.4/lib/elixir/ebin/Elixir.Module.ParallelChecker.beam	Elixir.IO
/home/aion/reach/elixir-reach-20260903/corpus/elixir-1.20.4/lib/elixir/ebin/Elixir.Module.ParallelChecker.beam	Elixir.Kernel
/home/aion/reach/elixir-reach-20260903/corpus/elixir-1.20.4/lib/elixir/ebin/Elixir.Module.ParallelChecker.beam	Elixir.Keyword
/home/aion/reach/elixir-reach-20260903/corpus/elixir-1.20.4/lib/elixir/ebin/Elixir.Module.ParallelChecker.beam	Elixir.List
/home/aion/reach/elixir-reach-20260903/corpus/elixir-1.20.4/lib/elixir/ebin/Elixir.Module.ParallelChecker.beam	Elixir.Map
/home/aion/reach/elixir-reach-20260903/corpus/elixir-1.20.4/lib/elixir/ebin/Elixir.Module.ParallelChecker.beam	Elixir.MapSet
/home/aion/reach/elixir-reach-20260903/corpus/elixir-1.20.4/lib/elixir/ebin/Elixir.Module.ParallelChecker.beam	Elixir.Module.Behaviour
/home/aion/reach/elixir-reach-20260903/corpus/elixir-1.20.4/lib/elixir/ebin/Elixir.Module.ParallelChecker.beam	Elixir.Module.Types
/home/aion/reach/elixir-reach-20260903/corpus/elixir-1.20.4/lib/elixir/ebin/Elixir.Module.ParallelChecker.beam	Elixir.Path
/home/aion/reach/elixir-reach-20260903/corpus/elixir-1.20.4/lib/elixir/ebin/Elixir.Module.ParallelChecker.beam	Elixir.String
/home/aion/reach/elixir-reach-20260903/corpus/elixir-1.20.4/lib/elixir/ebin/Elixir.Module.ParallelChecker.beam	Elixir.String.Chars
/home/aion/reach/elixir-reach-20260903/corpus/elixir-1.20.4/lib/elixir/ebin/Elixir.Module.ParallelChecker.beam	application
/home/aion/reach/elixir-reach-20260903/corpus/elixir-1.20.4/lib/elixir/ebin/Elixir.Module.ParallelChecker.beam	beam_lib
/home/aion/reach/elixir-reach-20260903/corpus/elixir-1.20.4/lib/elixir/ebin/Elixir.Module.ParallelChecker.beam	code
/home/aion/reach/elixir-reach-20260903/corpus/elixir-1.20.4/lib/elixir/ebin/Elixir.Module.ParallelChecker.beam	elixir_config
/home/aion/reach/elixir-reach-20260903/corpus/elixir-1.20.4/lib/elixir/ebin/Elixir.Module.ParallelChecker.beam	elixir_erl_pass
/home/aion/reach/elixir-reach-20260903/corpus/elixir-1.20.4/lib/elixir/ebin/Elixir.Module.ParallelChecker.beam	elixir_errors
/home/aion/reach/elixir-reach-20260903/corpus/elixir-1.20.4/lib/elixir/ebin/Elixir.Module.ParallelChecker.beam	erl_anno
/home/aion/reach/elixir-reach-20260903/corpus/elixir-1.20.4/lib/elixir/ebin/Elixir.Module.ParallelChecker.beam	erlang
/home/aion/reach/elixir-reach-20260903/corpus/elixir-1.20.4/lib/elixir/ebin/Elixir.Module.ParallelChecker.beam	ets
/home/aion/reach/elixir-reach-20260903/corpus/elixir-1.20.4/lib/elixir/ebin/Elixir.Module.ParallelChecker.beam	gen_server
/home/aion/reach/elixir-reach-20260903/corpus/elixir-1.20.4/lib/elixir/ebin/Elixir.Module.ParallelChecker.beam	lists
/home/aion/reach/elixir-reach-20260903/corpus/elixir-1.20.4/lib/elixir/ebin/Elixir.Module.ParallelChecker.beam	maps
/home/aion/reach/elixir-reach-20260903/corpus/elixir-1.20.4/lib/elixir/ebin/Elixir.Module.ParallelChecker.beam	proc_lib
/home/aion/reach/elixir-reach-20260903/corpus/elixir-1.20.4/lib/elixir/ebin/Elixir.Module.ParallelChecker.beam	timer
/home/aion/reach/elixir-reach-20260903/corpus/elixir-1.20.4/lib/elixir/ebin/Elixir.Module.Types.Apply.beam	Elixir.Access
/home/aion/reach/elixir-reach-20260903/corpus/elixir-1.20.4/lib/elixir/ebin/Elixir.Module.Types.Apply.beam	Elixir.Code
/home/aion/reach/elixir-reach-20260903/corpus/elixir-1.20.4/lib/elixir/ebin/Elixir.Module.Types.Apply.beam	Elixir.Code.Formatter
/home/aion/reach/elixir-reach-20260903/corpus/elixir-1.20.4/lib/elixir/ebin/Elixir.Module.Types.Apply.beam	Elixir.Enum
/home/aion/reach/elixir-reach-20260903/corpus/elixir-1.20.4/lib/elixir/ebin/Elixir.Module.Types.Apply.beam	Elixir.Exception
/home/aion/reach/elixir-reach-20260903/corpus/elixir-1.20.4/lib/elixir/ebin/Elixir.Module.Types.Apply.beam	Elixir.IO.ANSI
/home/aion/reach/elixir-reach-20260903/corpus/elixir-1.20.4/lib/elixir/ebin/Elixir.Module.Types.Apply.beam	Elixir.Inspect.Algebra
/home/aion/reach/elixir-reach-20260903/corpus/elixir-1.20.4/lib/elixir/ebin/Elixir.Module.Types.Apply.beam	Elixir.Kernel
/home/aion/reach/elixir-reach-20260903/corpus/elixir-1.20.4/lib/elixir/ebin/Elixir.Module.Types.Apply.beam	Elixir.Keyword
/home/aion/reach/elixir-reach-20260903/corpus/elixir-1.20.4/lib/elixir/ebin/Elixir.Module.Types.Apply.beam	Elixir.List
/home/aion/reach/elixir-reach-20260903/corpus/elixir-1.20.4/lib/elixir/ebin/Elixir.Module.Types.Apply.beam	Elixir.Macro
/home/aion/reach/elixir-reach-20260903/corpus/elixir-1.20.4/lib/elixir/ebin/Elixir.Module.Types.Apply.beam	Elixir.Map
/home/aion/reach/elixir-reach-20260903/corpus/elixir-1.20.4/lib/elixir/ebin/Elixir.Module.Types.Apply.beam	Elixir.Module.ParallelChecker
/home/aion/reach/elixir-reach-20260903/corpus/elixir-1.20.4/lib/elixir/ebin/Elixir.Module.Types.Apply.beam	Elixir.Module.Types.Descr
/home/aion/reach/elixir-reach-20260903/corpus/elixir-1.20.4/lib/elixir/ebin/Elixir.Module.Types.Apply.beam	Elixir.Module.Types.Helpers
/home/aion/reach/elixir-reach-20260903/corpus/elixir-1.20.4/lib/elixir/ebin/Elixir.Module.Types.Apply.beam	Elixir.String.Chars
/home/aion/reach/elixir-reach-20260903/corpus/elixir-1.20.4/lib/elixir/ebin/Elixir.Module.Types.Apply.beam	Elixir.UndefinedFunctionError
/home/aion/reach/elixir-reach-20260903/corpus/elixir-1.20.4/lib/elixir/ebin/Elixir.Module.Types.Apply.beam	elixir_erl_pass
/home/aion/reach/elixir-reach-20260903/corpus/elixir-1.20.4/lib/elixir/ebin/Elixir.Module.Types.Apply.beam	elixir_rewrite
/home/aion/reach/elixir-reach-20260903/corpus/elixir-1.20.4/lib/elixir/ebin/Elixir.Module.Types.Apply.beam	erlang
/home/aion/reach/elixir-reach-20260903/corpus/elixir-1.20.4/lib/elixir/ebin/Elixir.Module.Types.Apply.beam	otp_internal
/home/aion/reach/elixir-reach-20260903/corpus/elixir-1.20.4/lib/elixir/ebin/Elixir.Module.Types.Apply.beam	string
/home/aion/reach/elixir-reach-20260903/corpus/elixir-1.20.4/lib/elixir/ebin/Elixir.Module.Types.Descr.beam	Elixir.ArgumentError
/home/aion/reach/elixir-reach-20260903/corpus/elixir-1.20.4/lib/elixir/ebin/Elixir.Module.Types.Descr.beam	Elixir.Code.Formatter
/home/aion/reach/elixir-reach-20260903/corpus/elixir-1.20.4/lib/elixir/ebin/Elixir.Module.Types.Descr.beam	Elixir.Enum
/home/aion/reach/elixir-reach-20260903/corpus/elixir-1.20.4/lib/elixir/ebin/Elixir.Module.Types.Descr.beam	Elixir.Inspect.Algebra
/home/aion/reach/elixir-reach-20260903/corpus/elixir-1.20.4/lib/elixir/ebin/Elixir.Module.Types.Descr.beam	Elixir.Inspect.List
/home/aion/reach/elixir-reach-20260903/corpus/elixir-1.20.4/lib/elixir/ebin/Elixir.Module.Types.Descr.beam	Elixir.Integer
/home/aion/reach/elixir-reach-20260903/corpus/elixir-1.20.4/lib/elixir/ebin/Elixir.Module.Types.Descr.beam	Elixir.Keyword
/home/aion/reach/elixir-reach-20260903/corpus/elixir-1.20.4/lib/elixir/ebin/Elixir.Module.Types.Descr.beam	Elixir.List
/home/aion/reach/elixir-reach-20260903/corpus/elixir-1.20.4/lib/elixir/ebin/Elixir.Module.Types.Descr.beam	Elixir.Macro
/home/aion/reach/elixir-reach-20260903/corpus/elixir-1.20.4/lib/elixir/ebin/Elixir.Module.Types.Descr.beam	Elixir.Macro.Env
/home/aion/reach/elixir-reach-20260903/corpus/elixir-1.20.4/lib/elixir/ebin/Elixir.Module.Types.Descr.beam	Elixir.Map
/home/aion/reach/elixir-reach-20260903/corpus/elixir-1.20.4/lib/elixir/ebin/Elixir.Module.Types.Descr.beam	Elixir.Range
/home/aion/reach/elixir-reach-20260903/corpus/elixir-1.20.4/lib/elixir/ebin/Elixir.Module.Types.Descr.beam	Elixir.String
/home/aion/reach/elixir-reach-20260903/corpus/elixir-1.20.4/lib/elixir/ebin/Elixir.Module.Types.Descr.beam	elixir_env
/home/aion/reach/elixir-reach-20260903/corpus/elixir-1.20.4/lib/elixir/ebin/Elixir.Module.Types.Descr.beam	elixir_erl_pass
/home/aion/reach/elixir-reach-20260903/corpus/elixir-1.20.4/lib/elixir/ebin/Elixir.Module.Types.Descr.beam	elixir_quote
/home/aion/reach/elixir-reach-20260903/corpus/elixir-1.20.4/lib/elixir/ebin/Elixir.Module.Types.Descr.beam	erlang
/home/aion/reach/elixir-reach-20260903/corpus/elixir-1.20.4/lib/elixir/ebin/Elixir.Module.Types.Descr.beam	lists
/home/aion/reach/elixir-reach-20260903/corpus/elixir-1.20.4/lib/elixir/ebin/Elixir.Module.Types.Descr.beam	maps
/home/aion/reach/elixir-reach-20260903/corpus/elixir-1.20.4/lib/elixir/ebin/Elixir.Module.Types.Descr.beam	orddict
/home/aion/reach/elixir-reach-20260903/corpus/elixir-1.20.4/lib/elixir/ebin/Elixir.Module.Types.Descr.beam	sets
/home/aion/reach/elixir-reach-20260903/corpus/elixir-1.20.4/lib/elixir/ebin/Elixir.Module.Types.Expr.beam	Elixir.Access
/home/aion/reach/elixir-reach-20260903/corpus/elixir-1.20.4/lib/elixir/ebin/Elixir.Module.Types.Expr.beam	Elixir.Enum
/home/aion/reach/elixir-reach-20260903/corpus/elixir-1.20.4/lib/elixir/ebin/Elixir.Module.Types.Expr.beam	Elixir.Kernel
/home/aion/reach/elixir-reach-20260903/corpus/elixir-1.20.4/lib/elixir/ebin/Elixir.Module.Types.Expr.beam	Elixir.Keyword
/home/aion/reach/elixir-reach-20260903/corpus/elixir-1.20.4/lib/elixir/ebin/Elixir.Module.Types.Expr.beam	Elixir.Macro
/home/aion/reach/elixir-reach-20260903/corpus/elixir-1.20.4/lib/elixir/ebin/Elixir.Module.Types.Expr.beam	Elixir.Map
/home/aion/reach/elixir-reach-20260903/corpus/elixir-1.20.4/lib/elixir/ebin/Elixir.Module.Types.Expr.beam	Elixir.Module.Types.Apply
/home/aion/reach/elixir-reach-20260903/corpus/elixir-1.20.4/lib/elixir/ebin/Elixir.Module.Types.Expr.beam	Elixir.Module.Types.Descr
/home/aion/reach/elixir-reach-20260903/corpus/elixir-1.20.4/lib/elixir/ebin/Elixir.Module.Types.Expr.beam	Elixir.Module.Types.Helpers
/home/aion/reach/elixir-reach-20260903/corpus/elixir-1.20.4/lib/elixir/ebin/Elixir.Module.Types.Expr.beam	Elixir.Module.Types.Of
/home/aion/reach/elixir-reach-20260903/corpus/elixir-1.20.4/lib/elixir/ebin/Elixir.Module.Types.Expr.beam	Elixir.Module.Types.Pattern
/home/aion/reach/elixir-reach-20260903/corpus/elixir-1.20.4/lib/elixir/ebin/Elixir.Module.Types.Expr.beam	Elixir.String.Chars
/home/aion/reach/elixir-reach-20260903/corpus/elixir-1.20.4/lib/elixir/ebin/Elixir.Module.Types.Expr.beam	elixir_erl_pass
/home/aion/reach/elixir-reach-20260903/corpus/elixir-1.20.4/lib/elixir/ebin/Elixir.Module.Types.Expr.beam	erlang
/home/aion/reach/elixir-reach-20260903/corpus/elixir-1.20.4/lib/elixir/ebin/Elixir.Module.Types.Expr.beam	lists
/home/aion/reach/elixir-reach-20260903/corpus/elixir-1.20.4/lib/elixir/ebin/Elixir.Module.Types.Helpers.beam	Elixir.Access
/home/aion/reach/elixir-reach-20260903/corpus/elixir-1.20.4/lib/elixir/ebin/Elixir.Module.Types.Helpers.beam	Elixir.Enum
/home/aion/reach/elixir-reach-20260903/corpus/elixir-1.20.4/lib/elixir/ebin/Elixir.Module.Types.Helpers.beam	Elixir.Exception
/home/aion/reach/elixir-reach-20260903/corpus/elixir-1.20.4/lib/elixir/ebin/Elixir.Module.Types.Helpers.beam	Elixir.Kernel
/home/aion/reach/elixir-reach-20260903/corpus/elixir-1.20.4/lib/elixir/ebin/Elixir.Module.Types.Helpers.beam	Elixir.Keyword
/home/aion/reach/elixir-reach-20260903/corpus/elixir-1.20.4/lib/elixir/ebin/Elixir.Module.Types.Helpers.beam	Elixir.Macro
/home/aion/reach/elixir-reach-20260903/corpus/elixir-1.20.4/lib/elixir/ebin/Elixir.Module.Types.Helpers.beam	Elixir.Macro.Env
/home/aion/reach/elixir-reach-20260903/corpus/elixir-1.20.4/lib/elixir/ebin/Elixir.Module.Types.Helpers.beam	Elixir.Module.Types.Descr
/home/aion/reach/elixir-reach-20260903/corpus/elixir-1.20.4/lib/elixir/ebin/Elixir.Module.Types.Helpers.beam	Elixir.Module.Types.Of
/home/aion/reach/elixir-reach-20260903/corpus/elixir-1.20.4/lib/elixir/ebin/Elixir.Module.Types.Helpers.beam	Elixir.Path
/home/aion/reach/elixir-reach-20260903/corpus/elixir-1.20.4/lib/elixir/ebin/Elixir.Module.Types.Helpers.beam	Elixir.String
/home/aion/reach/elixir-reach-20260903/corpus/elixir-1.20.4/lib/elixir/ebin/Elixir.Module.Types.Helpers.beam	Elixir.String.Chars
/home/aion/reach/elixir-reach-20260903/corpus/elixir-1.20.4/lib/elixir/ebin/Elixir.Module.Types.Helpers.beam	binary
/home/aion/reach/elixir-reach-20260903/corpus/elixir-1.20.4/lib/elixir/ebin/Elixir.Module.Types.Helpers.beam	elixir_env
/home/aion/reach/elixir-reach-20260903/corpus/elixir-1.20.4/lib/elixir/ebin/Elixir.Module.Types.Helpers.beam	elixir_erl_pass
/home/aion/reach/elixir-reach-20260903/corpus/elixir-1.20.4/lib/elixir/ebin/Elixir.Module.Types.Helpers.beam	elixir_errors
/home/aion/reach/elixir-reach-20260903/corpus/elixir-1.20.4/lib/elixir/ebin/Elixir.Module.Types.Helpers.beam	elixir_quote
/home/aion/reach/elixir-reach-20260903/corpus/elixir-1.20.4/lib/elixir/ebin/Elixir.Module.Types.Helpers.beam	elixir_rewrite
/home/aion/reach/elixir-reach-20260903/corpus/elixir-1.20.4/lib/elixir/ebin/Elixir.Module.Types.Helpers.beam	erlang
/home/aion/reach/elixir-reach-20260903/corpus/elixir-1.20.4/lib/elixir/ebin/Elixir.Module.Types.Helpers.beam	lists
/home/aion/reach/elixir-reach-20260903/corpus/elixir-1.20.4/lib/elixir/ebin/Elixir.Module.Types.Helpers.beam	maps
/home/aion/reach/elixir-reach-20260903/corpus/elixir-1.20.4/lib/elixir/ebin/Elixir.Module.Types.Of.beam	Elixir.Access
/home/aion/reach/elixir-reach-20260903/corpus/elixir-1.20.4/lib/elixir/ebin/Elixir.Module.Types.Of.beam	Elixir.Code
/home/aion/reach/elixir-reach-20260903/corpus/elixir-1.20.4/lib/elixir/ebin/Elixir.Module.Types.Of.beam	Elixir.Enum
/home/aion/reach/elixir-reach-20260903/corpus/elixir-1.20.4/lib/elixir/ebin/Elixir.Module.Types.Of.beam	Elixir.Kernel
/home/aion/reach/elixir-reach-20260903/corpus/elixir-1.20.4/lib/elixir/ebin/Elixir.Module.Types.Of.beam	Elixir.Keyword
/home/aion/reach/elixir-reach-20260903/corpus/elixir-1.20.4/lib/elixir/ebin/Elixir.Module.Types.Of.beam	Elixir.List
/home/aion/reach/elixir-reach-20260903/corpus/elixir-1.20.4/lib/elixir/ebin/Elixir.Module.Types.Of.beam	Elixir.Map
/home/aion/reach/elixir-reach-20260903/corpus/elixir-1.20.4/lib/elixir/ebin/Elixir.Module.Types.Of.beam	Elixir.Module.Types.Apply
/home/aion/reach/elixir-reach-20260903/corpus/elixir-1.20.4/lib/elixir/ebin/Elixir.Module.Types.Of.beam	Elixir.Module.Types.Descr
/home/aion/reach/elixir-reach-20260903/corpus/elixir-1.20.4/lib/elixir/ebin/Elixir.Module.Types.Of.beam	Elixir.Module.Types.Expr
/home/aion/reach/elixir-reach-20260903/corpus/elixir-1.20.4/lib/elixir/ebin/Elixir.Module.Types.Of.beam	Elixir.Module.Types.Helpers
/home/aion/reach/elixir-reach-20260903/corpus/elixir-1.20.4/lib/elixir/ebin/Elixir.Module.Types.Of.beam	Elixir.Module.Types.Pattern
/home/aion/reach/elixir-reach-20260903/corpus/elixir-1.20.4/lib/elixir/ebin/Elixir.Module.Types.Of.beam	Elixir.String.Chars
/home/aion/reach/elixir-reach-20260903/corpus/elixir-1.20.4/lib/elixir/ebin/Elixir.Module.Types.Of.beam	elixir_env
/home/aion/reach/elixir-reach-20260903/corpus/elixir-1.20.4/lib/elixir/ebin/Elixir.Module.Types.Of.beam	elixir_erl_pass
/home/aion/reach/elixir-reach-20260903/corpus/elixir-1.20.4/lib/elixir/ebin/Elixir.Module.Types.Of.beam	elixir_map
/home/aion/reach/elixir-reach-20260903/corpus/elixir-1.20.4/lib/elixir/ebin/Elixir.Module.Types.Of.beam	erlang
/home/aion/reach/elixir-reach-20260903/corpus/elixir-1.20.4/lib/elixir/ebin/Elixir.Module.Types.Of.beam	lists
/home/aion/reach/elixir-reach-20260903/corpus/elixir-1.20.4/lib/elixir/ebin/Elixir.Module.Types.Of.beam	maps
/home/aion/reach/elixir-reach-20260903/corpus/elixir-1.20.4/lib/elixir/ebin/Elixir.Module.Types.Pattern.beam	Elixir.Access
/home/aion/reach/elixir-reach-20260903/corpus/elixir-1.20.4/lib/elixir/ebin/Elixir.Module.Types.Pattern.beam	Elixir.Enum
/home/aion/reach/elixir-reach-20260903/corpus/elixir-1.20.4/lib/elixir/ebin/Elixir.Module.Types.Pattern.beam	Elixir.Keyword
/home/aion/reach/elixir-reach-20260903/corpus/elixir-1.20.4/lib/elixir/ebin/Elixir.Module.Types.Pattern.beam	Elixir.Macro
/home/aion/reach/elixir-reach-20260903/corpus/elixir-1.20.4/lib/elixir/ebin/Elixir.Module.Types.Pattern.beam	Elixir.Map
/home/aion/reach/elixir-reach-20260903/corpus/elixir-1.20.4/lib/elixir/ebin/Elixir.Module.Types.Pattern.beam	Elixir.Module.Types.Apply
/home/aion/reach/elixir-reach-20260903/corpus/elixir-1.20.4/lib/elixir/ebin/Elixir.Module.Types.Pattern.beam	Elixir.Module.Types.Descr
/home/aion/reach/elixir-reach-20260903/corpus/elixir-1.20.4/lib/elixir/ebin/Elixir.Module.Types.Pattern.beam	Elixir.Module.Types.Helpers
/home/aion/reach/elixir-reach-20260903/corpus/elixir-1.20.4/lib/elixir/ebin/Elixir.Module.Types.Pattern.beam	Elixir.Module.Types.Of
/home/aion/reach/elixir-reach-20260903/corpus/elixir-1.20.4/lib/elixir/ebin/Elixir.Module.Types.Pattern.beam	Elixir.String.Chars
/home/aion/reach/elixir-reach-20260903/corpus/elixir-1.20.4/lib/elixir/ebin/Elixir.Module.Types.Pattern.beam	elixir_erl_pass
/home/aion/reach/elixir-reach-20260903/corpus/elixir-1.20.4/lib/elixir/ebin/Elixir.Module.Types.Pattern.beam	erlang
/home/aion/reach/elixir-reach-20260903/corpus/elixir-1.20.4/lib/elixir/ebin/Elixir.Module.Types.Pattern.beam	maps
/home/aion/reach/elixir-reach-20260903/corpus/elixir-1.20.4/lib/elixir/ebin/Elixir.Module.Types.Traverse.beam	Elixir.Enum
/home/aion/reach/elixir-reach-20260903/corpus/elixir-1.20.4/lib/elixir/ebin/Elixir.Module.Types.Traverse.beam	Elixir.Keyword
/home/aion/reach/elixir-reach-20260903/corpus/elixir-1.20.4/lib/elixir/ebin/Elixir.Module.Types.Traverse.beam	Elixir.Module.Types.Of
/home/aion/reach/elixir-reach-20260903/corpus/elixir-1.20.4/lib/elixir/ebin/Elixir.Module.Types.Traverse.beam	elixir_erl_pass
/home/aion/reach/elixir-reach-20260903/corpus/elixir-1.20.4/lib/elixir/ebin/Elixir.Module.Types.Traverse.beam	erlang
/home/aion/reach/elixir-reach-20260903/corpus/elixir-1.20.4/lib/elixir/ebin/Elixir.Module.Types.beam	Elixir.Code
/home/aion/reach/elixir-reach-20260903/corpus/elixir-1.20.4/lib/elixir/ebin/Elixir.Module.Types.beam	Elixir.Enum
/home/aion/reach/elixir-reach-20260903/corpus/elixir-1.20.4/lib/elixir/ebin/Elixir.Module.Types.beam	Elixir.Exception
/home/aion/reach/elixir-reach-20260903/corpus/elixir-1.20.4/lib/elixir/ebin/Elixir.Module.Types.beam	Elixir.Kernel
/home/aion/reach/elixir-reach-20260903/corpus/elixir-1.20.4/lib/elixir/ebin/Elixir.Module.Types.beam	Elixir.Kernel.Utils
/home/aion/reach/elixir-reach-20260903/corpus/elixir-1.20.4/lib/elixir/ebin/Elixir.Module.Types.beam	Elixir.Keyword
/home/aion/reach/elixir-reach-20260903/corpus/elixir-1.20.4/lib/elixir/ebin/Elixir.Module.Types.beam	Elixir.List
/home/aion/reach/elixir-reach-20260903/corpus/elixir-1.20.4/lib/elixir/ebin/Elixir.Module.Types.beam	Elixir.Macro
/home/aion/reach/elixir-reach-20260903/corpus/elixir-1.20.4/lib/elixir/ebin/Elixir.Module.Types.beam	Elixir.Map
/home/aion/reach/elixir-reach-20260903/corpus/elixir-1.20.4/lib/elixir/ebin/Elixir.Module.Types.beam	Elixir.Module.Types.Apply
/home/aion/reach/elixir-reach-20260903/corpus/elixir-1.20.4/lib/elixir/ebin/Elixir.Module.Types.beam	Elixir.Module.Types.Descr
/home/aion/reach/elixir-reach-20260903/corpus/elixir-1.20.4/lib/elixir/ebin/Elixir.Module.Types.beam	Elixir.Module.Types.Expr
/home/aion/reach/elixir-reach-20260903/corpus/elixir-1.20.4/lib/elixir/ebin/Elixir.Module.Types.beam	Elixir.Module.Types.Helpers
/home/aion/reach/elixir-reach-20260903/corpus/elixir-1.20.4/lib/elixir/ebin/Elixir.Module.Types.beam	Elixir.Module.Types.Of
/home/aion/reach/elixir-reach-20260903/corpus/elixir-1.20.4/lib/elixir/ebin/Elixir.Module.Types.beam	Elixir.Module.Types.Pattern
/home/aion/reach/elixir-reach-20260903/corpus/elixir-1.20.4/lib/elixir/ebin/Elixir.Module.Types.beam	Elixir.Module.Types.Traverse
/home/aion/reach/elixir-reach-20260903/corpus/elixir-1.20.4/lib/elixir/ebin/Elixir.Module.Types.beam	Elixir.RuntimeError
/home/aion/reach/elixir-reach-20260903/corpus/elixir-1.20.4/lib/elixir/ebin/Elixir.Module.Types.beam	Elixir.String.Chars
/home/aion/reach/elixir-reach-20260903/corpus/elixir-1.20.4/lib/elixir/ebin/Elixir.Module.Types.beam	elixir_config
/home/aion/reach/elixir-reach-20260903/corpus/elixir-1.20.4/lib/elixir/ebin/Elixir.Module.Types.beam	elixir_erl_pass
/home/aion/reach/elixir-reach-20260903/corpus/elixir-1.20.4/lib/elixir/ebin/Elixir.Module.Types.beam	elixir_errors
/home/aion/reach/elixir-reach-20260903/corpus/elixir-1.20.4/lib/elixir/ebin/Elixir.Module.Types.beam	erlang
/home/aion/reach/elixir-reach-20260903/corpus/elixir-1.20.4/lib/elixir/ebin/Elixir.Module.Types.beam	lists
/home/aion/reach/elixir-reach-20260903/corpus/elixir-1.20.4/lib/elixir/ebin/Elixir.Module.Types.beam	maps
/home/aion/reach/elixir-reach-20260903/corpus/elixir-1.20.4/lib/elixir/ebin/Elixir.Module.beam	Elixir.Access
/home/aion/reach/elixir-reach-20260903/corpus/elixir-1.20.4/lib/elixir/ebin/Elixir.Module.beam	Elixir.ArgumentError
/home/aion/reach/elixir-reach-20260903/corpus/elixir-1.20.4/lib/elixir/ebin/Elixir.Module.beam	Elixir.Code
/home/aion/reach/elixir-reach-20260903/corpus/elixir-1.20.4/lib/elixir/ebin/Elixir.Module.beam	Elixir.Enum
/home/aion/reach/elixir-reach-20260903/corpus/elixir-1.20.4/lib/elixir/ebin/Elixir.Module.beam	Elixir.IO
/home/aion/reach/elixir-reach-20260903/corpus/elixir-1.20.4/lib/elixir/ebin/Elixir.Module.beam	Elixir.Kernel
/home/aion/reach/elixir-reach-20260903/corpus/elixir-1.20.4/lib/elixir/ebin/Elixir.Module.beam	Elixir.Kernel.Typespec
/home/aion/reach/elixir-reach-20260903/corpus/elixir-1.20.4/lib/elixir/ebin/Elixir.Module.beam	Elixir.Keyword
/home/aion/reach/elixir-reach-20260903/corpus/elixir-1.20.4/lib/elixir/ebin/Elixir.Module.beam	Elixir.List
/home/aion/reach/elixir-reach-20260903/corpus/elixir-1.20.4/lib/elixir/ebin/Elixir.Module.beam	Elixir.Macro
/home/aion/reach/elixir-reach-20260903/corpus/elixir-1.20.4/lib/elixir/ebin/Elixir.Module.beam	Elixir.Macro.Env
/home/aion/reach/elixir-reach-20260903/corpus/elixir-1.20.4/lib/elixir/ebin/Elixir.Module.beam	Elixir.Module.Behaviour
/home/aion/reach/elixir-reach-20260903/corpus/elixir-1.20.4/lib/elixir/ebin/Elixir.Module.beam	Elixir.String
/home/aion/reach/elixir-reach-20260903/corpus/elixir-1.20.4/lib/elixir/ebin/Elixir.Module.beam	Elixir.String.Chars
/home/aion/reach/elixir-reach-20260903/corpus/elixir-1.20.4/lib/elixir/ebin/Elixir.Module.beam	elixir
/home/aion/reach/elixir-reach-20260903/corpus/elixir-1.20.4/lib/elixir/ebin/Elixir.Module.beam	elixir_aliases
/home/aion/reach/elixir-reach-20260903/corpus/elixir-1.20.4/lib/elixir/ebin/Elixir.Module.beam	elixir_def
/home/aion/reach/elixir-reach-20260903/corpus/elixir-1.20.4/lib/elixir/ebin/Elixir.Module.beam	elixir_env
/home/aion/reach/elixir-reach-20260903/corpus/elixir-1.20.4/lib/elixir/ebin/Elixir.Module.beam	elixir_erl_pass
/home/aion/reach/elixir-reach-20260903/corpus/elixir-1.20.4/lib/elixir/ebin/Elixir.Module.beam	elixir_module
/home/aion/reach/elixir-reach-20260903/corpus/elixir-1.20.4/lib/elixir/ebin/Elixir.Module.beam	elixir_overridable
/home/aion/reach/elixir-reach-20260903/corpus/elixir-1.20.4/lib/elixir/ebin/Elixir.Module.beam	elixir_quote
/home/aion/reach/elixir-reach-20260903/corpus/elixir-1.20.4/lib/elixir/ebin/Elixir.Module.beam	erlang
/home/aion/reach/elixir-reach-20260903/corpus/elixir-1.20.4/lib/elixir/ebin/Elixir.Module.beam	ets
/home/aion/reach/elixir-reach-20260903/corpus/elixir-1.20.4/lib/elixir/ebin/Elixir.Module.beam	lists
/home/aion/reach/elixir-reach-20260903/corpus/elixir-1.20.4/lib/elixir/ebin/Elixir.Module.beam	maps
/home/aion/reach/elixir-reach-20260903/corpus/elixir-1.20.4/lib/elixir/ebin/Elixir.NaiveDateTime.beam	Elixir.ArgumentError
/home/aion/reach/elixir-reach-20260903/corpus/elixir-1.20.4/lib/elixir/ebin/Elixir.NaiveDateTime.beam	Elixir.Calendar
/home/aion/reach/elixir-reach-20260903/corpus/elixir-1.20.4/lib/elixir/ebin/Elixir.NaiveDateTime.beam	Elixir.Calendar.ISO
/home/aion/reach/elixir-reach-20260903/corpus/elixir-1.20.4/lib/elixir/ebin/Elixir.NaiveDateTime.beam	Elixir.Duration
/home/aion/reach/elixir-reach-20260903/corpus/elixir-1.20.4/lib/elixir/ebin/Elixir.NaiveDateTime.beam	Elixir.Enum
/home/aion/reach/elixir-reach-20260903/corpus/elixir-1.20.4/lib/elixir/ebin/Elixir.NaiveDateTime.beam	Elixir.Kernel
/home/aion/reach/elixir-reach-20260903/corpus/elixir-1.20.4/lib/elixir/ebin/Elixir.NaiveDateTime.beam	Elixir.List
/home/aion/reach/elixir-reach-20260903/corpus/elixir-1.20.4/lib/elixir/ebin/Elixir.NaiveDateTime.beam	Elixir.NaiveDateTime
/home/aion/reach/elixir-reach-20260903/corpus/elixir-1.20.4/lib/elixir/ebin/Elixir.NaiveDateTime.beam	Elixir.System
/home/aion/reach/elixir-reach-20260903/corpus/elixir-1.20.4/lib/elixir/ebin/Elixir.NaiveDateTime.beam	elixir_erl_pass
/home/aion/reach/elixir-reach-20260903/corpus/elixir-1.20.4/lib/elixir/ebin/Elixir.NaiveDateTime.beam	erlang
/home/aion/reach/elixir-reach-20260903/corpus/elixir-1.20.4/lib/elixir/ebin/Elixir.Node.beam	Elixir.Map
/home/aion/reach/elixir-reach-20260903/corpus/elixir-1.20.4/lib/elixir/ebin/Elixir.Node.beam	Elixir.Node
/home/aion/reach/elixir-reach-20260903/corpus/elixir-1.20.4/lib/elixir/ebin/Elixir.Node.beam	erlang
/home/aion/reach/elixir-reach-20260903/corpus/elixir-1.20.4/lib/elixir/ebin/Elixir.Node.beam	net_adm
/home/aion/reach/elixir-reach-20260903/corpus/elixir-1.20.4/lib/elixir/ebin/Elixir.Node.beam	net_kernel
/home/aion/reach/elixir-reach-20260903/corpus/elixir-1.20.4/lib/elixir/ebin/Elixir.OptionParser.ParseError.beam	Elixir.Enum
/home/aion/reach/elixir-reach-20260903/corpus/elixir-1.20.4/lib/elixir/ebin/Elixir.OptionParser.ParseError.beam	Elixir.Kernel
/home/aion/reach/elixir-reach-20260903/corpus/elixir-1.20.4/lib/elixir/ebin/Elixir.OptionParser.ParseError.beam	elixir_erl_pass
/home/aion/reach/elixir-reach-20260903/corpus/elixir-1.20.4/lib/elixir/ebin/Elixir.OptionParser.ParseError.beam	erlang
/home/aion/reach/elixir-reach-20260903/corpus/elixir-1.20.4/lib/elixir/ebin/Elixir.OptionParser.beam	Elixir.Access
/home/aion/reach/elixir-reach-20260903/corpus/elixir-1.20.4/lib/elixir/ebin/Elixir.OptionParser.beam	Elixir.ArgumentError
/home/aion/reach/elixir-reach-20260903/corpus/elixir-1.20.4/lib/elixir/ebin/Elixir.OptionParser.beam	Elixir.Enum
/home/aion/reach/elixir-reach-20260903/corpus/elixir-1.20.4/lib/elixir/ebin/Elixir.OptionParser.beam	Elixir.Float
/home/aion/reach/elixir-reach-20260903/corpus/elixir-1.20.4/lib/elixir/ebin/Elixir.OptionParser.beam	Elixir.IO
/home/aion/reach/elixir-reach-20260903/corpus/elixir-1.20.4/lib/elixir/ebin/Elixir.OptionParser.beam	Elixir.Integer
/home/aion/reach/elixir-reach-20260903/corpus/elixir-1.20.4/lib/elixir/ebin/Elixir.OptionParser.beam	Elixir.Kernel
/home/aion/reach/elixir-reach-20260903/corpus/elixir-1.20.4/lib/elixir/ebin/Elixir.OptionParser.beam	Elixir.Keyword
/home/aion/reach/elixir-reach-20260903/corpus/elixir-1.20.4/lib/elixir/ebin/Elixir.OptionParser.beam	Elixir.List
/home/aion/reach/elixir-reach-20260903/corpus/elixir-1.20.4/lib/elixir/ebin/Elixir.OptionParser.beam	Elixir.Map
/home/aion/reach/elixir-reach-20260903/corpus/elixir-1.20.4/lib/elixir/ebin/Elixir.OptionParser.beam	Elixir.OptionParser.ParseError
/home/aion/reach/elixir-reach-20260903/corpus/elixir-1.20.4/lib/elixir/ebin/Elixir.OptionParser.beam	Elixir.Regex
/home/aion/reach/elixir-reach-20260903/corpus/elixir-1.20.4/lib/elixir/ebin/Elixir.OptionParser.beam	Elixir.RuntimeError
/home/aion/reach/elixir-reach-20260903/corpus/elixir-1.20.4/lib/elixir/ebin/Elixir.OptionParser.beam	Elixir.String
/home/aion/reach/elixir-reach-20260903/corpus/elixir-1.20.4/lib/elixir/ebin/Elixir.OptionParser.beam	Elixir.String.Chars
/home/aion/reach/elixir-reach-20260903/corpus/elixir-1.20.4/lib/elixir/ebin/Elixir.OptionParser.beam	binary
/home/aion/reach/elixir-reach-20260903/corpus/elixir-1.20.4/lib/elixir/ebin/Elixir.OptionParser.beam	elixir_erl_pass
/home/aion/reach/elixir-reach-20260903/corpus/elixir-1.20.4/lib/elixir/ebin/Elixir.OptionParser.beam	erlang
/home/aion/reach/elixir-reach-20260903/corpus/elixir-1.20.4/lib/elixir/ebin/Elixir.PartitionSupervisor.beam	Elixir.Access
/home/aion/reach/elixir-reach-20260903/corpus/elixir-1.20.4/lib/elixir/ebin/Elixir.PartitionSupervisor.beam	Elixir.ArgumentError
/home/aion/reach/elixir-reach-20260903/corpus/elixir-1.20.4/lib/elixir/ebin/Elixir.PartitionSupervisor.beam	Elixir.Enum
/home/aion/reach/elixir-reach-20260903/corpus/elixir-1.20.4/lib/elixir/ebin/Elixir.PartitionSupervisor.beam	Elixir.GenServer
/home/aion/reach/elixir-reach-20260903/corpus/elixir-1.20.4/lib/elixir/ebin/Elixir.PartitionSupervisor.beam	Elixir.Kernel
/home/aion/reach/elixir-reach-20260903/corpus/elixir-1.20.4/lib/elixir/ebin/Elixir.PartitionSupervisor.beam	Elixir.Keyword
/home/aion/reach/elixir-reach-20260903/corpus/elixir-1.20.4/lib/elixir/ebin/Elixir.PartitionSupervisor.beam	Elixir.Process
/home/aion/reach/elixir-reach-20260903/corpus/elixir-1.20.4/lib/elixir/ebin/Elixir.PartitionSupervisor.beam	Elixir.Range
/home/aion/reach/elixir-reach-20260903/corpus/elixir-1.20.4/lib/elixir/ebin/Elixir.PartitionSupervisor.beam	Elixir.Registry
/home/aion/reach/elixir-reach-20260903/corpus/elixir-1.20.4/lib/elixir/ebin/Elixir.PartitionSupervisor.beam	Elixir.RuntimeError
/home/aion/reach/elixir-reach-20260903/corpus/elixir-1.20.4/lib/elixir/ebin/Elixir.PartitionSupervisor.beam	Elixir.String.Chars
/home/aion/reach/elixir-reach-20260903/corpus/elixir-1.20.4/lib/elixir/ebin/Elixir.PartitionSupervisor.beam	Elixir.Supervisor
/home/aion/reach/elixir-reach-20260903/corpus/elixir-1.20.4/lib/elixir/ebin/Elixir.PartitionSupervisor.beam	Elixir.System
/home/aion/reach/elixir-reach-20260903/corpus/elixir-1.20.4/lib/elixir/ebin/Elixir.PartitionSupervisor.beam	erlang
/home/aion/reach/elixir-reach-20260903/corpus/elixir-1.20.4/lib/elixir/ebin/Elixir.PartitionSupervisor.beam	ets
/home/aion/reach/elixir-reach-20260903/corpus/elixir-1.20.4/lib/elixir/ebin/Elixir.Path.Wildcard.beam	Elixir.Enum
/home/aion/reach/elixir-reach-20260903/corpus/elixir-1.20.4/lib/elixir/ebin/Elixir.Path.Wildcard.beam	erlang
/home/aion/reach/elixir-reach-20260903/corpus/elixir-1.20.4/lib/elixir/ebin/Elixir.Path.Wildcard.beam	file
/home/aion/reach/elixir-reach-20260903/corpus/elixir-1.20.4/lib/elixir/ebin/Elixir.Path.Wildcard.beam	lists
/home/aion/reach/elixir-reach-20260903/corpus/elixir-1.20.4/lib/elixir/ebin/Elixir.Path.beam	Elixir.ArgumentError
/home/aion/reach/elixir-reach-20260903/corpus/elixir-1.20.4/lib/elixir/ebin/Elixir.Path.beam	Elixir.Enum
/home/aion/reach/elixir-reach-20260903/corpus/elixir-1.20.4/lib/elixir/ebin/Elixir.Path.beam	Elixir.File
/home/aion/reach/elixir-reach-20260903/corpus/elixir-1.20.4/lib/elixir/ebin/Elixir.Path.beam	Elixir.IO
/home/aion/reach/elixir-reach-20260903/corpus/elixir-1.20.4/lib/elixir/ebin/Elixir.Path.beam	Elixir.Kernel
/home/aion/reach/elixir-reach-20260903/corpus/elixir-1.20.4/lib/elixir/ebin/Elixir.Path.beam	Elixir.Keyword
/home/aion/reach/elixir-reach-20260903/corpus/elixir-1.20.4/lib/elixir/ebin/Elixir.Path.beam	Elixir.List
/home/aion/reach/elixir-reach-20260903/corpus/elixir-1.20.4/lib/elixir/ebin/Elixir.Path.beam	Elixir.System
/home/aion/reach/elixir-reach-20260903/corpus/elixir-1.20.4/lib/elixir/ebin/Elixir.Path.beam	Elixir.UnicodeConversionError
/home/aion/reach/elixir-reach-20260903/corpus/elixir-1.20.4/lib/elixir/ebin/Elixir.Path.beam	binary
/home/aion/reach/elixir-reach-20260903/corpus/elixir-1.20.4/lib/elixir/ebin/Elixir.Path.beam	erlang
/home/aion/reach/elixir-reach-20260903/corpus/elixir-1.20.4/lib/elixir/ebin/Elixir.Path.beam	file
/home/aion/reach/elixir-reach-20260903/corpus/elixir-1.20.4/lib/elixir/ebin/Elixir.Path.beam	filelib
/home/aion/reach/elixir-reach-20260903/corpus/elixir-1.20.4/lib/elixir/ebin/Elixir.Path.beam	filename
/home/aion/reach/elixir-reach-20260903/corpus/elixir-1.20.4/lib/elixir/ebin/Elixir.Path.beam	lists
/home/aion/reach/elixir-reach-20260903/corpus/elixir-1.20.4/lib/elixir/ebin/Elixir.Path.beam	os
/home/aion/reach/elixir-reach-20260903/corpus/elixir-1.20.4/lib/elixir/ebin/Elixir.Path.beam	unicode
/home/aion/reach/elixir-reach-20260903/corpus/elixir-1.20.4/lib/elixir/ebin/Elixir.Port.beam	erlang
/home/aion/reach/elixir-reach-20260903/corpus/elixir-1.20.4/lib/elixir/ebin/Elixir.Process.beam	Elixir.ArgumentError
/home/aion/reach/elixir-reach-20260903/corpus/elixir-1.20.4/lib/elixir/ebin/Elixir.Process.beam	Elixir.Kernel
/home/aion/reach/elixir-reach-20260903/corpus/elixir-1.20.4/lib/elixir/ebin/Elixir.Process.beam	erlang
/home/aion/reach/elixir-reach-20260903/corpus/elixir-1.20.4/lib/elixir/ebin/Elixir.Process.beam	proc_lib
/home/aion/reach/elixir-reach-20260903/corpus/elixir-1.20.4/lib/elixir/ebin/Elixir.Protocol.UndefinedError.beam	Elixir.Enum
/home/aion/reach/elixir-reach-20260903/corpus/elixir-1.20.4/lib/elixir/ebin/Elixir.Protocol.UndefinedError.beam	Elixir.Kernel
/home/aion/reach/elixir-reach-20260903/corpus/elixir-1.20.4/lib/elixir/ebin/Elixir.Protocol.UndefinedError.beam	Elixir.String
/home/aion/reach/elixir-reach-20260903/corpus/elixir-1.20.4/lib/elixir/ebin/Elixir.Protocol.UndefinedError.beam	Elixir.String.Chars
/home/aion/reach/elixir-reach-20260903/corpus/elixir-1.20.4/lib/elixir/ebin/Elixir.Protocol.UndefinedError.beam	erlang
/home/aion/reach/elixir-reach-20260903/corpus/elixir-1.20.4/lib/elixir/ebin/Elixir.Protocol.UndefinedError.beam	re
/home/aion/reach/elixir-reach-20260903/corpus/elixir-1.20.4/lib/elixir/ebin/Elixir.Protocol.beam	Elixir.Access
/home/aion/reach/elixir-reach-20260903/corpus/elixir-1.20.4/lib/elixir/ebin/Elixir.Protocol.beam	Elixir.ArgumentError
/home/aion/reach/elixir-reach-20260903/corpus/elixir-1.20.4/lib/elixir/ebin/Elixir.Protocol.beam	Elixir.Code
/home/aion/reach/elixir-reach-20260903/corpus/elixir-1.20.4/lib/elixir/ebin/Elixir.Protocol.beam	Elixir.Enum
/home/aion/reach/elixir-reach-20260903/corpus/elixir-1.20.4/lib/elixir/ebin/Elixir.Protocol.beam	Elixir.Exception
/home/aion/reach/elixir-reach-20260903/corpus/elixir-1.20.4/lib/elixir/ebin/Elixir.Protocol.beam	Elixir.IO
/home/aion/reach/elixir-reach-20260903/corpus/elixir-1.20.4/lib/elixir/ebin/Elixir.Protocol.beam	Elixir.Kernel
/home/aion/reach/elixir-reach-20260903/corpus/elixir-1.20.4/lib/elixir/ebin/Elixir.Protocol.beam	Elixir.Keyword
/home/aion/reach/elixir-reach-20260903/corpus/elixir-1.20.4/lib/elixir/ebin/Elixir.Protocol.beam	Elixir.List
/home/aion/reach/elixir-reach-20260903/corpus/elixir-1.20.4/lib/elixir/ebin/Elixir.Protocol.beam	Elixir.Macro
/home/aion/reach/elixir-reach-20260903/corpus/elixir-1.20.4/lib/elixir/ebin/Elixir.Protocol.beam	Elixir.Macro.Env
/home/aion/reach/elixir-reach-20260903/corpus/elixir-1.20.4/lib/elixir/ebin/Elixir.Protocol.beam	Elixir.Map
/home/aion/reach/elixir-reach-20260903/corpus/elixir-1.20.4/lib/elixir/ebin/Elixir.Protocol.beam	Elixir.Module
/home/aion/reach/elixir-reach-20260903/corpus/elixir-1.20.4/lib/elixir/ebin/Elixir.Protocol.beam	Elixir.Module.Types.Descr
/home/aion/reach/elixir-reach-20260903/corpus/elixir-1.20.4/lib/elixir/ebin/Elixir.Protocol.beam	Elixir.Module.Types.Of
/home/aion/reach/elixir-reach-20260903/corpus/elixir-1.20.4/lib/elixir/ebin/Elixir.Protocol.beam	Elixir.Protocol
/home/aion/reach/elixir-reach-20260903/corpus/elixir-1.20.4/lib/elixir/ebin/Elixir.Protocol.beam	Elixir.RuntimeError
/home/aion/reach/elixir-reach-20260903/corpus/elixir-1.20.4/lib/elixir/ebin/Elixir.Protocol.beam	Elixir.String
/home/aion/reach/elixir-reach-20260903/corpus/elixir-1.20.4/lib/elixir/ebin/Elixir.Protocol.beam	Elixir.String.Chars
/home/aion/reach/elixir-reach-20260903/corpus/elixir-1.20.4/lib/elixir/ebin/Elixir.Protocol.beam	beam_lib
/home/aion/reach/elixir-reach-20260903/corpus/elixir-1.20.4/lib/elixir/ebin/Elixir.Protocol.beam	code
/home/aion/reach/elixir-reach-20260903/corpus/elixir-1.20.4/lib/elixir/ebin/Elixir.Protocol.beam	elixir_env
/home/aion/reach/elixir-reach-20260903/corpus/elixir-1.20.4/lib/elixir/ebin/Elixir.Protocol.beam	elixir_erl
/home/aion/reach/elixir-reach-20260903/corpus/elixir-1.20.4/lib/elixir/ebin/Elixir.Protocol.beam	elixir_erl_pass
/home/aion/reach/elixir-reach-20260903/corpus/elixir-1.20.4/lib/elixir/ebin/Elixir.Protocol.beam	elixir_module
/home/aion/reach/elixir-reach-20260903/corpus/elixir-1.20.4/lib/elixir/ebin/Elixir.Protocol.beam	elixir_quote
/home/aion/reach/elixir-reach-20260903/corpus/elixir-1.20.4/lib/elixir/ebin/Elixir.Protocol.beam	erlang
/home/aion/reach/elixir-reach-20260903/corpus/elixir-1.20.4/lib/elixir/ebin/Elixir.Protocol.beam	file
/home/aion/reach/elixir-reach-20260903/corpus/elixir-1.20.4/lib/elixir/ebin/Elixir.Protocol.beam	filename
/home/aion/reach/elixir-reach-20260903/corpus/elixir-1.20.4/lib/elixir/ebin/Elixir.Protocol.beam	lists
/home/aion/reach/elixir-reach-20260903/corpus/elixir-1.20.4/lib/elixir/ebin/Elixir.Protocol.beam	maps
/home/aion/reach/elixir-reach-20260903/corpus/elixir-1.20.4/lib/elixir/ebin/Elixir.Range.beam	Elixir.ArgumentError
/home/aion/reach/elixir-reach-20260903/corpus/elixir-1.20.4/lib/elixir/ebin/Elixir.Range.beam	Elixir.Enum
/home/aion/reach/elixir-reach-20260903/corpus/elixir-1.20.4/lib/elixir/ebin/Elixir.Range.beam	Elixir.IO
/home/aion/reach/elixir-reach-20260903/corpus/elixir-1.20.4/lib/elixir/ebin/Elixir.Range.beam	Elixir.Integer
/home/aion/reach/elixir-reach-20260903/corpus/elixir-1.20.4/lib/elixir/ebin/Elixir.Range.beam	Elixir.Kernel
/home/aion/reach/elixir-reach-20260903/corpus/elixir-1.20.4/lib/elixir/ebin/Elixir.Range.beam	Elixir.List
/home/aion/reach/elixir-reach-20260903/corpus/elixir-1.20.4/lib/elixir/ebin/Elixir.Range.beam	Elixir.Range
/home/aion/reach/elixir-reach-20260903/corpus/elixir-1.20.4/lib/elixir/ebin/Elixir.Range.beam	erlang
/home/aion/reach/elixir-reach-20260903/corpus/elixir-1.20.4/lib/elixir/ebin/Elixir.Range.beam	lists
/home/aion/reach/elixir-reach-20260903/corpus/elixir-1.20.4/lib/elixir/ebin/Elixir.Record.Extractor.beam	Elixir.Access
/home/aion/reach/elixir-reach-20260903/corpus/elixir-1.20.4/lib/elixir/ebin/Elixir.Record.Extractor.beam	Elixir.ArgumentError
/home/aion/reach/elixir-reach-20260903/corpus/elixir-1.20.4/lib/elixir/ebin/Elixir.Record.Extractor.beam	Elixir.Enum
/home/aion/reach/elixir-reach-20260903/corpus/elixir-1.20.4/lib/elixir/ebin/Elixir.Record.Extractor.beam	Elixir.Kernel
/home/aion/reach/elixir-reach-20260903/corpus/elixir-1.20.4/lib/elixir/ebin/Elixir.Record.Extractor.beam	Elixir.Keyword
/home/aion/reach/elixir-reach-20260903/corpus/elixir-1.20.4/lib/elixir/ebin/Elixir.Record.Extractor.beam	Elixir.List
/home/aion/reach/elixir-reach-20260903/corpus/elixir-1.20.4/lib/elixir/ebin/Elixir.Record.Extractor.beam	Elixir.RuntimeError
/home/aion/reach/elixir-reach-20260903/corpus/elixir-1.20.4/lib/elixir/ebin/Elixir.Record.Extractor.beam	Elixir.String
/home/aion/reach/elixir-reach-20260903/corpus/elixir-1.20.4/lib/elixir/ebin/Elixir.Record.Extractor.beam	Elixir.String.Chars
/home/aion/reach/elixir-reach-20260903/corpus/elixir-1.20.4/lib/elixir/ebin/Elixir.Record.Extractor.beam	code
/home/aion/reach/elixir-reach-20260903/corpus/elixir-1.20.4/lib/elixir/ebin/Elixir.Record.Extractor.beam	epp
/home/aion/reach/elixir-reach-20260903/corpus/elixir-1.20.4/lib/elixir/ebin/Elixir.Record.Extractor.beam	erl_eval
/home/aion/reach/elixir-reach-20260903/corpus/elixir-1.20.4/lib/elixir/ebin/Elixir.Record.Extractor.beam	erl_expand_records
/home/aion/reach/elixir-reach-20260903/corpus/elixir-1.20.4/lib/elixir/ebin/Elixir.Record.Extractor.beam	erlang
/home/aion/reach/elixir-reach-20260903/corpus/elixir-1.20.4/lib/elixir/ebin/Elixir.Record.Extractor.beam	filename
/home/aion/reach/elixir-reach-20260903/corpus/elixir-1.20.4/lib/elixir/ebin/Elixir.Record.Extractor.beam	lists
/home/aion/reach/elixir-reach-20260903/corpus/elixir-1.20.4/lib/elixir/ebin/Elixir.Record.beam	Elixir.ArgumentError
/home/aion/reach/elixir-reach-20260903/corpus/elixir-1.20.4/lib/elixir/ebin/Elixir.Record.beam	Elixir.Enum
/home/aion/reach/elixir-reach-20260903/corpus/elixir-1.20.4/lib/elixir/ebin/Elixir.Record.beam	Elixir.Exception
/home/aion/reach/elixir-reach-20260903/corpus/elixir-1.20.4/lib/elixir/ebin/Elixir.Record.beam	Elixir.IO
/home/aion/reach/elixir-reach-20260903/corpus/elixir-1.20.4/lib/elixir/ebin/Elixir.Record.beam	Elixir.Kernel
/home/aion/reach/elixir-reach-20260903/corpus/elixir-1.20.4/lib/elixir/ebin/Elixir.Record.beam	Elixir.Keyword
/home/aion/reach/elixir-reach-20260903/corpus/elixir-1.20.4/lib/elixir/ebin/Elixir.Record.beam	Elixir.Macro
/home/aion/reach/elixir-reach-20260903/corpus/elixir-1.20.4/lib/elixir/ebin/Elixir.Record.beam	Elixir.Macro.Env
/home/aion/reach/elixir-reach-20260903/corpus/elixir-1.20.4/lib/elixir/ebin/Elixir.Record.beam	Elixir.Module
/home/aion/reach/elixir-reach-20260903/corpus/elixir-1.20.4/lib/elixir/ebin/Elixir.Record.beam	Elixir.Record
/home/aion/reach/elixir-reach-20260903/corpus/elixir-1.20.4/lib/elixir/ebin/Elixir.Record.beam	Elixir.Record.Extractor
/home/aion/reach/elixir-reach-20260903/corpus/elixir-1.20.4/lib/elixir/ebin/Elixir.Record.beam	Elixir.String.Chars
/home/aion/reach/elixir-reach-20260903/corpus/elixir-1.20.4/lib/elixir/ebin/Elixir.Record.beam	elixir_env
/home/aion/reach/elixir-reach-20260903/corpus/elixir-1.20.4/lib/elixir/ebin/Elixir.Record.beam	elixir_quote
/home/aion/reach/elixir-reach-20260903/corpus/elixir-1.20.4/lib/elixir/ebin/Elixir.Record.beam	erlang
/home/aion/reach/elixir-reach-20260903/corpus/elixir-1.20.4/lib/elixir/ebin/Elixir.Record.beam	lists
/home/aion/reach/elixir-reach-20260903/corpus/elixir-1.20.4/lib/elixir/ebin/Elixir.Regex.CompileError.beam	Elixir.Enum
/home/aion/reach/elixir-reach-20260903/corpus/elixir-1.20.4/lib/elixir/ebin/Elixir.Regex.CompileError.beam	Elixir.Kernel
/home/aion/reach/elixir-reach-20260903/corpus/elixir-1.20.4/lib/elixir/ebin/Elixir.Regex.CompileError.beam	elixir_erl_pass
/home/aion/reach/elixir-reach-20260903/corpus/elixir-1.20.4/lib/elixir/ebin/Elixir.Regex.CompileError.beam	erlang
/home/aion/reach/elixir-reach-20260903/corpus/elixir-1.20.4/lib/elixir/ebin/Elixir.Regex.beam	Elixir.ArgumentError
/home/aion/reach/elixir-reach-20260903/corpus/elixir-1.20.4/lib/elixir/ebin/Elixir.Regex.beam	Elixir.Code
/home/aion/reach/elixir-reach-20260903/corpus/elixir-1.20.4/lib/elixir/ebin/Elixir.Regex.beam	Elixir.Enum
/home/aion/reach/elixir-reach-20260903/corpus/elixir-1.20.4/lib/elixir/ebin/Elixir.Regex.beam	Elixir.IO
/home/aion/reach/elixir-reach-20260903/corpus/elixir-1.20.4/lib/elixir/ebin/Elixir.Regex.beam	Elixir.Kernel
/home/aion/reach/elixir-reach-20260903/corpus/elixir-1.20.4/lib/elixir/ebin/Elixir.Regex.beam	Elixir.Keyword
/home/aion/reach/elixir-reach-20260903/corpus/elixir-1.20.4/lib/elixir/ebin/Elixir.Regex.beam	Elixir.Macro
/home/aion/reach/elixir-reach-20260903/corpus/elixir-1.20.4/lib/elixir/ebin/Elixir.Regex.beam	Elixir.Regex.CompileError
/home/aion/reach/elixir-reach-20260903/corpus/elixir-1.20.4/lib/elixir/ebin/Elixir.Regex.beam	Elixir.String.Chars
/home/aion/reach/elixir-reach-20260903/corpus/elixir-1.20.4/lib/elixir/ebin/Elixir.Regex.beam	elixir_env
/home/aion/reach/elixir-reach-20260903/corpus/elixir-1.20.4/lib/elixir/ebin/Elixir.Regex.beam	elixir_erl_pass
/home/aion/reach/elixir-reach-20260903/corpus/elixir-1.20.4/lib/elixir/ebin/Elixir.Regex.beam	elixir_quote
/home/aion/reach/elixir-reach-20260903/corpus/elixir-1.20.4/lib/elixir/ebin/Elixir.Regex.beam	erlang
/home/aion/reach/elixir-reach-20260903/corpus/elixir-1.20.4/lib/elixir/ebin/Elixir.Regex.beam	lists
/home/aion/reach/elixir-reach-20260903/corpus/elixir-1.20.4/lib/elixir/ebin/Elixir.Regex.beam	re
/home/aion/reach/elixir-reach-20260903/corpus/elixir-1.20.4/lib/elixir/ebin/Elixir.Registry.Partition.beam	Elixir.Enum
/home/aion/reach/elixir-reach-20260903/corpus/elixir-1.20.4/lib/elixir/ebin/Elixir.Registry.Partition.beam	Elixir.GenServer
/home/aion/reach/elixir-reach-20260903/corpus/elixir-1.20.4/lib/elixir/ebin/Elixir.Registry.Partition.beam	Elixir.Kernel
/home/aion/reach/elixir-reach-20260903/corpus/elixir-1.20.4/lib/elixir/ebin/Elixir.Registry.Partition.beam	Elixir.Module
/home/aion/reach/elixir-reach-20260903/corpus/elixir-1.20.4/lib/elixir/ebin/Elixir.Registry.Partition.beam	Elixir.Process
/home/aion/reach/elixir-reach-20260903/corpus/elixir-1.20.4/lib/elixir/ebin/Elixir.Registry.Partition.beam	Elixir.Registry
/home/aion/reach/elixir-reach-20260903/corpus/elixir-1.20.4/lib/elixir/ebin/Elixir.Registry.Partition.beam	Elixir.RuntimeError
/home/aion/reach/elixir-reach-20260903/corpus/elixir-1.20.4/lib/elixir/ebin/Elixir.Registry.Partition.beam	Elixir.Supervisor
/home/aion/reach/elixir-reach-20260903/corpus/elixir-1.20.4/lib/elixir/ebin/Elixir.Registry.Partition.beam	erlang
/home/aion/reach/elixir-reach-20260903/corpus/elixir-1.20.4/lib/elixir/ebin/Elixir.Registry.Partition.beam	ets
/home/aion/reach/elixir-reach-20260903/corpus/elixir-1.20.4/lib/elixir/ebin/Elixir.Registry.Partition.beam	maps
/home/aion/reach/elixir-reach-20260903/corpus/elixir-1.20.4/lib/elixir/ebin/Elixir.Registry.Partition.beam	queue
/home/aion/reach/elixir-reach-20260903/corpus/elixir-1.20.4/lib/elixir/ebin/Elixir.Registry.Supervisor.beam	Elixir.Enum
/home/aion/reach/elixir-reach-20260903/corpus/elixir-1.20.4/lib/elixir/ebin/Elixir.Registry.Supervisor.beam	Elixir.Range
/home/aion/reach/elixir-reach-20260903/corpus/elixir-1.20.4/lib/elixir/ebin/Elixir.Registry.Supervisor.beam	Elixir.Registry.Partition
/home/aion/reach/elixir-reach-20260903/corpus/elixir-1.20.4/lib/elixir/ebin/Elixir.Registry.Supervisor.beam	Elixir.Supervisor
/home/aion/reach/elixir-reach-20260903/corpus/elixir-1.20.4/lib/elixir/ebin/Elixir.Registry.Supervisor.beam	erlang
/home/aion/reach/elixir-reach-20260903/corpus/elixir-1.20.4/lib/elixir/ebin/Elixir.Registry.Supervisor.beam	ets
/home/aion/reach/elixir-reach-20260903/corpus/elixir-1.20.4/lib/elixir/ebin/Elixir.Registry.beam	Elixir.ArgumentError
/home/aion/reach/elixir-reach-20260903/corpus/elixir-1.20.4/lib/elixir/ebin/Elixir.Registry.beam	Elixir.Enum
/home/aion/reach/elixir-reach-20260903/corpus/elixir-1.20.4/lib/elixir/ebin/Elixir.Registry.beam	Elixir.Kernel
/home/aion/reach/elixir-reach-20260903/corpus/elixir-1.20.4/lib/elixir/ebin/Elixir.Registry.beam	Elixir.Keyword
/home/aion/reach/elixir-reach-20260903/corpus/elixir-1.20.4/lib/elixir/ebin/Elixir.Registry.beam	Elixir.List
/home/aion/reach/elixir-reach-20260903/corpus/elixir-1.20.4/lib/elixir/ebin/Elixir.Registry.beam	Elixir.Range
/home/aion/reach/elixir-reach-20260903/corpus/elixir-1.20.4/lib/elixir/ebin/Elixir.Registry.beam	Elixir.Registry
/home/aion/reach/elixir-reach-20260903/corpus/elixir-1.20.4/lib/elixir/ebin/Elixir.Registry.beam	Elixir.Registry.Partition
/home/aion/reach/elixir-reach-20260903/corpus/elixir-1.20.4/lib/elixir/ebin/Elixir.Registry.beam	Elixir.Registry.Supervisor
/home/aion/reach/elixir-reach-20260903/corpus/elixir-1.20.4/lib/elixir/ebin/Elixir.Registry.beam	Elixir.String.Chars
/home/aion/reach/elixir-reach-20260903/corpus/elixir-1.20.4/lib/elixir/ebin/Elixir.Registry.beam	Elixir.Task
/home/aion/reach/elixir-reach-20260903/corpus/elixir-1.20.4/lib/elixir/ebin/Elixir.Registry.beam	erlang
/home/aion/reach/elixir-reach-20260903/corpus/elixir-1.20.4/lib/elixir/ebin/Elixir.Registry.beam	ets
/home/aion/reach/elixir-reach-20260903/corpus/elixir-1.20.4/lib/elixir/ebin/Elixir.Registry.beam	lists
/home/aion/reach/elixir-reach-20260903/corpus/elixir-1.20.4/lib/elixir/ebin/Elixir.RuntimeError.beam	Elixir.Enum
/home/aion/reach/elixir-reach-20260903/corpus/elixir-1.20.4/lib/elixir/ebin/Elixir.RuntimeError.beam	Elixir.Kernel
/home/aion/reach/elixir-reach-20260903/corpus/elixir-1.20.4/lib/elixir/ebin/Elixir.RuntimeError.beam	elixir_erl_pass
/home/aion/reach/elixir-reach-20260903/corpus/elixir-1.20.4/lib/elixir/ebin/Elixir.RuntimeError.beam	erlang
/home/aion/reach/elixir-reach-20260903/corpus/elixir-1.20.4/lib/elixir/ebin/Elixir.Set.beam	Elixir.ArgumentError
/home/aion/reach/elixir-reach-20260903/corpus/elixir-1.20.4/lib/elixir/ebin/Elixir.Set.beam	Elixir.Enumerable
/home/aion/reach/elixir-reach-20260903/corpus/elixir-1.20.4/lib/elixir/ebin/Elixir.Set.beam	Elixir.Kernel
/home/aion/reach/elixir-reach-20260903/corpus/elixir-1.20.4/lib/elixir/ebin/Elixir.Set.beam	erlang
/home/aion/reach/elixir-reach-20260903/corpus/elixir-1.20.4/lib/elixir/ebin/Elixir.Stream.Reducers.beam	Elixir.Enum
/home/aion/reach/elixir-reach-20260903/corpus/elixir-1.20.4/lib/elixir/ebin/Elixir.Stream.Reducers.beam	Elixir.Enumerable
/home/aion/reach/elixir-reach-20260903/corpus/elixir-1.20.4/lib/elixir/ebin/Elixir.Stream.Reducers.beam	elixir_env
/home/aion/reach/elixir-reach-20260903/corpus/elixir-1.20.4/lib/elixir/ebin/Elixir.Stream.Reducers.beam	elixir_quote
/home/aion/reach/elixir-reach-20260903/corpus/elixir-1.20.4/lib/elixir/ebin/Elixir.Stream.Reducers.beam	erlang
/home/aion/reach/elixir-reach-20260903/corpus/elixir-1.20.4/lib/elixir/ebin/Elixir.Stream.Reducers.beam	lists
/home/aion/reach/elixir-reach-20260903/corpus/elixir-1.20.4/lib/elixir/ebin/Elixir.Stream.beam	Elixir.ArgumentError
/home/aion/reach/elixir-reach-20260903/corpus/elixir-1.20.4/lib/elixir/ebin/Elixir.Stream.beam	Elixir.Collectable
/home/aion/reach/elixir-reach-20260903/corpus/elixir-1.20.4/lib/elixir/ebin/Elixir.Stream.beam	Elixir.Enum
/home/aion/reach/elixir-reach-20260903/corpus/elixir-1.20.4/lib/elixir/ebin/Elixir.Stream.beam	Elixir.Enumerable
/home/aion/reach/elixir-reach-20260903/corpus/elixir-1.20.4/lib/elixir/ebin/Elixir.Stream.beam	Elixir.Enumerable.List
/home/aion/reach/elixir-reach-20260903/corpus/elixir-1.20.4/lib/elixir/ebin/Elixir.Stream.beam	Elixir.Process
/home/aion/reach/elixir-reach-20260903/corpus/elixir-1.20.4/lib/elixir/ebin/Elixir.Stream.beam	Elixir.Stream
/home/aion/reach/elixir-reach-20260903/corpus/elixir-1.20.4/lib/elixir/ebin/Elixir.Stream.beam	Elixir.Stream.Reducers
/home/aion/reach/elixir-reach-20260903/corpus/elixir-1.20.4/lib/elixir/ebin/Elixir.Stream.beam	erlang
/home/aion/reach/elixir-reach-20260903/corpus/elixir-1.20.4/lib/elixir/ebin/Elixir.Stream.beam	lists
/home/aion/reach/elixir-reach-20260903/corpus/elixir-1.20.4/lib/elixir/ebin/Elixir.String.Break.beam	Elixir.Enum
/home/aion/reach/elixir-reach-20260903/corpus/elixir-1.20.4/lib/elixir/ebin/Elixir.String.Break.beam	binary
/home/aion/reach/elixir-reach-20260903/corpus/elixir-1.20.4/lib/elixir/ebin/Elixir.String.Break.beam	erlang
/home/aion/reach/elixir-reach-20260903/corpus/elixir-1.20.4/lib/elixir/ebin/Elixir.String.Chars.Atom.beam	erlang
/home/aion/reach/elixir-reach-20260903/corpus/elixir-1.20.4/lib/elixir/ebin/Elixir.String.Chars.BitString.beam	Elixir.Protocol.UndefinedError
/home/aion/reach/elixir-reach-20260903/corpus/elixir-1.20.4/lib/elixir/ebin/Elixir.String.Chars.BitString.beam	erlang
/home/aion/reach/elixir-reach-20260903/corpus/elixir-1.20.4/lib/elixir/ebin/Elixir.String.Chars.Date.beam	erlang
/home/aion/reach/elixir-reach-20260903/corpus/elixir-1.20.4/lib/elixir/ebin/Elixir.String.Chars.DateTime.beam	erlang
/home/aion/reach/elixir-reach-20260903/corpus/elixir-1.20.4/lib/elixir/ebin/Elixir.String.Chars.Float.beam	erlang
/home/aion/reach/elixir-reach-20260903/corpus/elixir-1.20.4/lib/elixir/ebin/Elixir.String.Chars.Integer.beam	erlang
/home/aion/reach/elixir-reach-20260903/corpus/elixir-1.20.4/lib/elixir/ebin/Elixir.String.Chars.List.beam	Elixir.List
/home/aion/reach/elixir-reach-20260903/corpus/elixir-1.20.4/lib/elixir/ebin/Elixir.String.Chars.List.beam	erlang
/home/aion/reach/elixir-reach-20260903/corpus/elixir-1.20.4/lib/elixir/ebin/Elixir.String.Chars.NaiveDateTime.beam	erlang
/home/aion/reach/elixir-reach-20260903/corpus/elixir-1.20.4/lib/elixir/ebin/Elixir.String.Chars.Time.beam	erlang
/home/aion/reach/elixir-reach-20260903/corpus/elixir-1.20.4/lib/elixir/ebin/Elixir.String.Chars.URI.beam	Elixir.ArgumentError
/home/aion/reach/elixir-reach-20260903/corpus/elixir-1.20.4/lib/elixir/ebin/Elixir.String.Chars.URI.beam	Elixir.Kernel
/home/aion/reach/elixir-reach-20260903/corpus/elixir-1.20.4/lib/elixir/ebin/Elixir.String.Chars.URI.beam	Elixir.String
/home/aion/reach/elixir-reach-20260903/corpus/elixir-1.20.4/lib/elixir/ebin/Elixir.String.Chars.URI.beam	Elixir.URI
/home/aion/reach/elixir-reach-20260903/corpus/elixir-1.20.4/lib/elixir/ebin/Elixir.String.Chars.URI.beam	erlang
/home/aion/reach/elixir-reach-20260903/corpus/elixir-1.20.4/lib/elixir/ebin/Elixir.String.Chars.Version.Requirement.beam	erlang
/home/aion/reach/elixir-reach-20260903/corpus/elixir-1.20.4/lib/elixir/ebin/Elixir.String.Chars.Version.beam	Elixir.Version
/home/aion/reach/elixir-reach-20260903/corpus/elixir-1.20.4/lib/elixir/ebin/Elixir.String.Chars.Version.beam	erlang
/home/aion/reach/elixir-reach-20260903/corpus/elixir-1.20.4/lib/elixir/ebin/Elixir.String.Chars.beam	Elixir.Code
/home/aion/reach/elixir-reach-20260903/corpus/elixir-1.20.4/lib/elixir/ebin/Elixir.String.Chars.beam	Elixir.Protocol
/home/aion/reach/elixir-reach-20260903/corpus/elixir-1.20.4/lib/elixir/ebin/Elixir.String.Chars.beam	Elixir.Protocol.UndefinedError
/home/aion/reach/elixir-reach-20260903/corpus/elixir-1.20.4/lib/elixir/ebin/Elixir.String.Chars.beam	erlang
/home/aion/reach/elixir-reach-20260903/corpus/elixir-1.20.4/lib/elixir/ebin/Elixir.String.Tokenizer.ScriptSet.beam	Elixir.Enum
/home/aion/reach/elixir-reach-20260903/corpus/elixir-1.20.4/lib/elixir/ebin/Elixir.String.Tokenizer.ScriptSet.beam	erlang
/home/aion/reach/elixir-reach-20260903/corpus/elixir-1.20.4/lib/elixir/ebin/Elixir.String.Tokenizer.ScriptSet.beam	lists
/home/aion/reach/elixir-reach-20260903/corpus/elixir-1.20.4/lib/elixir/ebin/Elixir.String.Tokenizer.ScriptSet.beam	math
/home/aion/reach/elixir-reach-20260903/corpus/elixir-1.20.4/lib/elixir/ebin/Elixir.String.Tokenizer.Security.beam	Elixir.Access
/home/aion/reach/elixir-reach-20260903/corpus/elixir-1.20.4/lib/elixir/ebin/Elixir.String.Tokenizer.Security.beam	Elixir.Enum
/home/aion/reach/elixir-reach-20260903/corpus/elixir-1.20.4/lib/elixir/ebin/Elixir.String.Tokenizer.Security.beam	Elixir.List.Chars
/home/aion/reach/elixir-reach-20260903/corpus/elixir-1.20.4/lib/elixir/ebin/Elixir.String.Tokenizer.Security.beam	Elixir.String.Chars
/home/aion/reach/elixir-reach-20260903/corpus/elixir-1.20.4/lib/elixir/ebin/Elixir.String.Tokenizer.Security.beam	Elixir.String.Tokenizer
/home/aion/reach/elixir-reach-20260903/corpus/elixir-1.20.4/lib/elixir/ebin/Elixir.String.Tokenizer.Security.beam	erlang
/home/aion/reach/elixir-reach-20260903/corpus/elixir-1.20.4/lib/elixir/ebin/Elixir.String.Tokenizer.Security.beam	io_lib
/home/aion/reach/elixir-reach-20260903/corpus/elixir-1.20.4/lib/elixir/ebin/Elixir.String.Tokenizer.Security.beam	maps
/home/aion/reach/elixir-reach-20260903/corpus/elixir-1.20.4/lib/elixir/ebin/Elixir.String.Tokenizer.Security.beam	unicode
/home/aion/reach/elixir-reach-20260903/corpus/elixir-1.20.4/lib/elixir/ebin/Elixir.String.Tokenizer.beam	Elixir.Enum
/home/aion/reach/elixir-reach-20260903/corpus/elixir-1.20.4/lib/elixir/ebin/Elixir.String.Tokenizer.beam	Elixir.List
/home/aion/reach/elixir-reach-20260903/corpus/elixir-1.20.4/lib/elixir/ebin/Elixir.String.Tokenizer.beam	Elixir.String.Chars
/home/aion/reach/elixir-reach-20260903/corpus/elixir-1.20.4/lib/elixir/ebin/Elixir.String.Tokenizer.beam	Elixir.String.Tokenizer.ScriptSet
/home/aion/reach/elixir-reach-20260903/corpus/elixir-1.20.4/lib/elixir/ebin/Elixir.String.Tokenizer.beam	erlang
/home/aion/reach/elixir-reach-20260903/corpus/elixir-1.20.4/lib/elixir/ebin/Elixir.String.Tokenizer.beam	io_lib
/home/aion/reach/elixir-reach-20260903/corpus/elixir-1.20.4/lib/elixir/ebin/Elixir.String.Tokenizer.beam	lists
/home/aion/reach/elixir-reach-20260903/corpus/elixir-1.20.4/lib/elixir/ebin/Elixir.String.Tokenizer.beam	unicode
/home/aion/reach/elixir-reach-20260903/corpus/elixir-1.20.4/lib/elixir/ebin/Elixir.String.Unicode.beam	binary
/home/aion/reach/elixir-reach-20260903/corpus/elixir-1.20.4/lib/elixir/ebin/Elixir.String.Unicode.beam	erlang
/home/aion/reach/elixir-reach-20260903/corpus/elixir-1.20.4/lib/elixir/ebin/Elixir.String.Unicode.beam	lists
/home/aion/reach/elixir-reach-20260903/corpus/elixir-1.20.4/lib/elixir/ebin/Elixir.String.beam	Elixir.ArgumentError
/home/aion/reach/elixir-reach-20260903/corpus/elixir-1.20.4/lib/elixir/ebin/Elixir.String.beam	Elixir.Enum
/home/aion/reach/elixir-reach-20260903/corpus/elixir-1.20.4/lib/elixir/ebin/Elixir.String.beam	Elixir.IO
/home/aion/reach/elixir-reach-20260903/corpus/elixir-1.20.4/lib/elixir/ebin/Elixir.String.beam	Elixir.Kernel
/home/aion/reach/elixir-reach-20260903/corpus/elixir-1.20.4/lib/elixir/ebin/Elixir.String.beam	Elixir.Keyword
/home/aion/reach/elixir-reach-20260903/corpus/elixir-1.20.4/lib/elixir/ebin/Elixir.String.beam	Elixir.List
/home/aion/reach/elixir-reach-20260903/corpus/elixir-1.20.4/lib/elixir/ebin/Elixir.String.beam	Elixir.Regex
/home/aion/reach/elixir-reach-20260903/corpus/elixir-1.20.4/lib/elixir/ebin/Elixir.String.beam	Elixir.Stream
/home/aion/reach/elixir-reach-20260903/corpus/elixir-1.20.4/lib/elixir/ebin/Elixir.String.beam	Elixir.String
/home/aion/reach/elixir-reach-20260903/corpus/elixir-1.20.4/lib/elixir/ebin/Elixir.String.beam	Elixir.String.Break
/home/aion/reach/elixir-reach-20260903/corpus/elixir-1.20.4/lib/elixir/ebin/Elixir.String.beam	Elixir.String.Chars
/home/aion/reach/elixir-reach-20260903/corpus/elixir-1.20.4/lib/elixir/ebin/Elixir.String.beam	Elixir.String.Unicode
/home/aion/reach/elixir-reach-20260903/corpus/elixir-1.20.4/lib/elixir/ebin/Elixir.String.beam	Elixir.UnicodeConversionError
/home/aion/reach/elixir-reach-20260903/corpus/elixir-1.20.4/lib/elixir/ebin/Elixir.String.beam	binary
/home/aion/reach/elixir-reach-20260903/corpus/elixir-1.20.4/lib/elixir/ebin/Elixir.String.beam	erlang
/home/aion/reach/elixir-reach-20260903/corpus/elixir-1.20.4/lib/elixir/ebin/Elixir.String.beam	lists
/home/aion/reach/elixir-reach-20260903/corpus/elixir-1.20.4/lib/elixir/ebin/Elixir.String.beam	string
/home/aion/reach/elixir-reach-20260903/corpus/elixir-1.20.4/lib/elixir/ebin/Elixir.String.beam	unicode
/home/aion/reach/elixir-reach-20260903/corpus/elixir-1.20.4/lib/elixir/ebin/Elixir.String.beam	unicode_util
/home/aion/reach/elixir-reach-20260903/corpus/elixir-1.20.4/lib/elixir/ebin/Elixir.StringIO.beam	Elixir.Access
/home/aion/reach/elixir-reach-20260903/corpus/elixir-1.20.4/lib/elixir/ebin/Elixir.StringIO.beam	Elixir.GenServer
/home/aion/reach/elixir-reach-20260903/corpus/elixir-1.20.4/lib/elixir/ebin/Elixir.StringIO.beam	Elixir.IO
/home/aion/reach/elixir-reach-20260903/corpus/elixir-1.20.4/lib/elixir/ebin/Elixir.StringIO.beam	Elixir.List
/home/aion/reach/elixir-reach-20260903/corpus/elixir-1.20.4/lib/elixir/ebin/Elixir.StringIO.beam	Elixir.String
/home/aion/reach/elixir-reach-20260903/corpus/elixir-1.20.4/lib/elixir/ebin/Elixir.StringIO.beam	binary
/home/aion/reach/elixir-reach-20260903/corpus/elixir-1.20.4/lib/elixir/ebin/Elixir.StringIO.beam	elixir_erl_pass
/home/aion/reach/elixir-reach-20260903/corpus/elixir-1.20.4/lib/elixir/ebin/Elixir.StringIO.beam	erlang
/home/aion/reach/elixir-reach-20260903/corpus/elixir-1.20.4/lib/elixir/ebin/Elixir.StringIO.beam	unicode
/home/aion/reach/elixir-reach-20260903/corpus/elixir-1.20.4/lib/elixir/ebin/Elixir.Supervisor.Default.beam	erlang
/home/aion/reach/elixir-reach-20260903/corpus/elixir-1.20.4/lib/elixir/ebin/Elixir.Supervisor.Spec.beam	Elixir.Access
/home/aion/reach/elixir-reach-20260903/corpus/elixir-1.20.4/lib/elixir/ebin/Elixir.Supervisor.Spec.beam	Elixir.ArgumentError
/home/aion/reach/elixir-reach-20260903/corpus/elixir-1.20.4/lib/elixir/ebin/Elixir.Supervisor.Spec.beam	Elixir.Enum
/home/aion/reach/elixir-reach-20260903/corpus/elixir-1.20.4/lib/elixir/ebin/Elixir.Supervisor.Spec.beam	Elixir.Kernel
/home/aion/reach/elixir-reach-20260903/corpus/elixir-1.20.4/lib/elixir/ebin/Elixir.Supervisor.Spec.beam	Elixir.Keyword
/home/aion/reach/elixir-reach-20260903/corpus/elixir-1.20.4/lib/elixir/ebin/Elixir.Supervisor.Spec.beam	erlang
/home/aion/reach/elixir-reach-20260903/corpus/elixir-1.20.4/lib/elixir/ebin/Elixir.Supervisor.beam	Elixir.Access
/home/aion/reach/elixir-reach-20260903/corpus/elixir-1.20.4/lib/elixir/ebin/Elixir.Supervisor.beam	Elixir.ArgumentError
/home/aion/reach/elixir-reach-20260903/corpus/elixir-1.20.4/lib/elixir/ebin/Elixir.Supervisor.beam	Elixir.Code
/home/aion/reach/elixir-reach-20260903/corpus/elixir-1.20.4/lib/elixir/ebin/Elixir.Supervisor.beam	Elixir.Enum
/home/aion/reach/elixir-reach-20260903/corpus/elixir-1.20.4/lib/elixir/ebin/Elixir.Supervisor.beam	Elixir.Exception
/home/aion/reach/elixir-reach-20260903/corpus/elixir-1.20.4/lib/elixir/ebin/Elixir.Supervisor.beam	Elixir.GenServer
/home/aion/reach/elixir-reach-20260903/corpus/elixir-1.20.4/lib/elixir/ebin/Elixir.Supervisor.beam	Elixir.IO
/home/aion/reach/elixir-reach-20260903/corpus/elixir-1.20.4/lib/elixir/ebin/Elixir.Supervisor.beam	Elixir.Kernel
/home/aion/reach/elixir-reach-20260903/corpus/elixir-1.20.4/lib/elixir/ebin/Elixir.Supervisor.beam	Elixir.Kernel.Utils
/home/aion/reach/elixir-reach-20260903/corpus/elixir-1.20.4/lib/elixir/ebin/Elixir.Supervisor.beam	Elixir.Keyword
/home/aion/reach/elixir-reach-20260903/corpus/elixir-1.20.4/lib/elixir/ebin/Elixir.Supervisor.beam	Elixir.Supervisor
/home/aion/reach/elixir-reach-20260903/corpus/elixir-1.20.4/lib/elixir/ebin/Elixir.Supervisor.beam	elixir_quote
/home/aion/reach/elixir-reach-20260903/corpus/elixir-1.20.4/lib/elixir/ebin/Elixir.Supervisor.beam	erlang
/home/aion/reach/elixir-reach-20260903/corpus/elixir-1.20.4/lib/elixir/ebin/Elixir.Supervisor.beam	maps
/home/aion/reach/elixir-reach-20260903/corpus/elixir-1.20.4/lib/elixir/ebin/Elixir.Supervisor.beam	supervisor
/home/aion/reach/elixir-reach-20260903/corpus/elixir-1.20.4/lib/elixir/ebin/Elixir.SyntaxError.beam	Elixir.Enum
/home/aion/reach/elixir-reach-20260903/corpus/elixir-1.20.4/lib/elixir/ebin/Elixir.SyntaxError.beam	Elixir.Exception
/home/aion/reach/elixir-reach-20260903/corpus/elixir-1.20.4/lib/elixir/ebin/Elixir.SyntaxError.beam	Elixir.Kernel
/home/aion/reach/elixir-reach-20260903/corpus/elixir-1.20.4/lib/elixir/ebin/Elixir.SyntaxError.beam	Elixir.Path
/home/aion/reach/elixir-reach-20260903/corpus/elixir-1.20.4/lib/elixir/ebin/Elixir.SyntaxError.beam	Elixir.String
/home/aion/reach/elixir-reach-20260903/corpus/elixir-1.20.4/lib/elixir/ebin/Elixir.SyntaxError.beam	elixir_errors
/home/aion/reach/elixir-reach-20260903/corpus/elixir-1.20.4/lib/elixir/ebin/Elixir.SyntaxError.beam	erlang
/home/aion/reach/elixir-reach-20260903/corpus/elixir-1.20.4/lib/elixir/ebin/Elixir.System.EnvError.beam	Elixir.Enum
/home/aion/reach/elixir-reach-20260903/corpus/elixir-1.20.4/lib/elixir/ebin/Elixir.System.EnvError.beam	Elixir.Kernel
/home/aion/reach/elixir-reach-20260903/corpus/elixir-1.20.4/lib/elixir/ebin/Elixir.System.EnvError.beam	erlang
/home/aion/reach/elixir-reach-20260903/corpus/elixir-1.20.4/lib/elixir/ebin/Elixir.System.SignalHandler.beam	erlang
/home/aion/reach/elixir-reach-20260903/corpus/elixir-1.20.4/lib/elixir/ebin/Elixir.System.beam	Elixir.ArgumentError
/home/aion/reach/elixir-reach-20260903/corpus/elixir-1.20.4/lib/elixir/ebin/Elixir.System.beam	Elixir.Collectable
/home/aion/reach/elixir-reach-20260903/corpus/elixir-1.20.4/lib/elixir/ebin/Elixir.System.beam	Elixir.Enum
/home/aion/reach/elixir-reach-20260903/corpus/elixir-1.20.4/lib/elixir/ebin/Elixir.System.beam	Elixir.File
/home/aion/reach/elixir-reach-20260903/corpus/elixir-1.20.4/lib/elixir/ebin/Elixir.System.beam	Elixir.IO
/home/aion/reach/elixir-reach-20260903/corpus/elixir-1.20.4/lib/elixir/ebin/Elixir.System.beam	Elixir.Kernel
/home/aion/reach/elixir-reach-20260903/corpus/elixir-1.20.4/lib/elixir/ebin/Elixir.System.beam	Elixir.Keyword
/home/aion/reach/elixir-reach-20260903/corpus/elixir-1.20.4/lib/elixir/ebin/Elixir.System.beam	Elixir.List
/home/aion/reach/elixir-reach-20260903/corpus/elixir-1.20.4/lib/elixir/ebin/Elixir.System.beam	Elixir.List.Chars
/home/aion/reach/elixir-reach-20260903/corpus/elixir-1.20.4/lib/elixir/ebin/Elixir.System.beam	Elixir.Map
/home/aion/reach/elixir-reach-20260903/corpus/elixir-1.20.4/lib/elixir/ebin/Elixir.System.beam	Elixir.Path
/home/aion/reach/elixir-reach-20260903/corpus/elixir-1.20.4/lib/elixir/ebin/Elixir.System.beam	Elixir.Process
/home/aion/reach/elixir-reach-20260903/corpus/elixir-1.20.4/lib/elixir/ebin/Elixir.System.beam	Elixir.RuntimeError
/home/aion/reach/elixir-reach-20260903/corpus/elixir-1.20.4/lib/elixir/ebin/Elixir.System.beam	Elixir.String
/home/aion/reach/elixir-reach-20260903/corpus/elixir-1.20.4/lib/elixir/ebin/Elixir.System.beam	Elixir.String.Chars
/home/aion/reach/elixir-reach-20260903/corpus/elixir-1.20.4/lib/elixir/ebin/Elixir.System.beam	Elixir.System
/home/aion/reach/elixir-reach-20260903/corpus/elixir-1.20.4/lib/elixir/ebin/Elixir.System.beam	Elixir.System.EnvError
/home/aion/reach/elixir-reach-20260903/corpus/elixir-1.20.4/lib/elixir/ebin/Elixir.System.beam	Elixir.Version
/home/aion/reach/elixir-reach-20260903/corpus/elixir-1.20.4/lib/elixir/ebin/Elixir.System.beam	binary
/home/aion/reach/elixir-reach-20260903/corpus/elixir-1.20.4/lib/elixir/ebin/Elixir.System.beam	elixir_config
/home/aion/reach/elixir-reach-20260903/corpus/elixir-1.20.4/lib/elixir/ebin/Elixir.System.beam	elixir_erl_pass
/home/aion/reach/elixir-reach-20260903/corpus/elixir-1.20.4/lib/elixir/ebin/Elixir.System.beam	erlang
/home/aion/reach/elixir-reach-20260903/corpus/elixir-1.20.4/lib/elixir/ebin/Elixir.System.beam	file
/home/aion/reach/elixir-reach-20260903/corpus/elixir-1.20.4/lib/elixir/ebin/Elixir.System.beam	gen_event
/home/aion/reach/elixir-reach-20260903/corpus/elixir-1.20.4/lib/elixir/ebin/Elixir.System.beam	init
/home/aion/reach/elixir-reach-20260903/corpus/elixir-1.20.4/lib/elixir/ebin/Elixir.System.beam	os
/home/aion/reach/elixir-reach-20260903/corpus/elixir-1.20.4/lib/elixir/ebin/Elixir.System.beam	string
/home/aion/reach/elixir-reach-20260903/corpus/elixir-1.20.4/lib/elixir/ebin/Elixir.System.beam	unicode
/home/aion/reach/elixir-reach-20260903/corpus/elixir-1.20.4/lib/elixir/ebin/Elixir.SystemLimitError.beam	Elixir.Enum
/home/aion/reach/elixir-reach-20260903/corpus/elixir-1.20.4/lib/elixir/ebin/Elixir.SystemLimitError.beam	Elixir.Kernel
/home/aion/reach/elixir-reach-20260903/corpus/elixir-1.20.4/lib/elixir/ebin/Elixir.SystemLimitError.beam	elixir_erl_pass
/home/aion/reach/elixir-reach-20260903/corpus/elixir-1.20.4/lib/elixir/ebin/Elixir.SystemLimitError.beam	erlang
/home/aion/reach/elixir-reach-20260903/corpus/elixir-1.20.4/lib/elixir/ebin/Elixir.Task.Supervised.beam	Elixir.ArgumentError
/home/aion/reach/elixir-reach-20260903/corpus/elixir-1.20.4/lib/elixir/ebin/Elixir.Task.Supervised.beam	Elixir.Code
/home/aion/reach/elixir-reach-20260903/corpus/elixir-1.20.4/lib/elixir/ebin/Elixir.Task.Supervised.beam	Elixir.Enum
/home/aion/reach/elixir-reach-20260903/corpus/elixir-1.20.4/lib/elixir/ebin/Elixir.Task.Supervised.beam	Elixir.Enumerable
/home/aion/reach/elixir-reach-20260903/corpus/elixir-1.20.4/lib/elixir/ebin/Elixir.Task.Supervised.beam	Elixir.Keyword
/home/aion/reach/elixir-reach-20260903/corpus/elixir-1.20.4/lib/elixir/ebin/Elixir.Task.Supervised.beam	Elixir.Map
/home/aion/reach/elixir-reach-20260903/corpus/elixir-1.20.4/lib/elixir/ebin/Elixir.Task.Supervised.beam	Elixir.Process
/home/aion/reach/elixir-reach-20260903/corpus/elixir-1.20.4/lib/elixir/ebin/Elixir.Task.Supervised.beam	Elixir.RuntimeError
/home/aion/reach/elixir-reach-20260903/corpus/elixir-1.20.4/lib/elixir/ebin/Elixir.Task.Supervised.beam	elixir_erl_pass
/home/aion/reach/elixir-reach-20260903/corpus/elixir-1.20.4/lib/elixir/ebin/Elixir.Task.Supervised.beam	erlang
/home/aion/reach/elixir-reach-20260903/corpus/elixir-1.20.4/lib/elixir/ebin/Elixir.Task.Supervised.beam	logger
/home/aion/reach/elixir-reach-20260903/corpus/elixir-1.20.4/lib/elixir/ebin/Elixir.Task.Supervised.beam	maps
/home/aion/reach/elixir-reach-20260903/corpus/elixir-1.20.4/lib/elixir/ebin/Elixir.Task.Supervised.beam	proc_lib
/home/aion/reach/elixir-reach-20260903/corpus/elixir-1.20.4/lib/elixir/ebin/Elixir.Task.Supervisor.beam	Elixir.Access
/home/aion/reach/elixir-reach-20260903/corpus/elixir-1.20.4/lib/elixir/ebin/Elixir.Task.Supervisor.beam	Elixir.ArgumentError
/home/aion/reach/elixir-reach-20260903/corpus/elixir-1.20.4/lib/elixir/ebin/Elixir.Task.Supervisor.beam	Elixir.DynamicSupervisor
/home/aion/reach/elixir-reach-20260903/corpus/elixir-1.20.4/lib/elixir/ebin/Elixir.Task.Supervisor.beam	Elixir.Enum
/home/aion/reach/elixir-reach-20260903/corpus/elixir-1.20.4/lib/elixir/ebin/Elixir.Task.Supervisor.beam	Elixir.GenServer
/home/aion/reach/elixir-reach-20260903/corpus/elixir-1.20.4/lib/elixir/ebin/Elixir.Task.Supervisor.beam	Elixir.IO
/home/aion/reach/elixir-reach-20260903/corpus/elixir-1.20.4/lib/elixir/ebin/Elixir.Task.Supervisor.beam	Elixir.Keyword
/home/aion/reach/elixir-reach-20260903/corpus/elixir-1.20.4/lib/elixir/ebin/Elixir.Task.Supervisor.beam	Elixir.Process
/home/aion/reach/elixir-reach-20260903/corpus/elixir-1.20.4/lib/elixir/ebin/Elixir.Task.Supervisor.beam	Elixir.RuntimeError
/home/aion/reach/elixir-reach-20260903/corpus/elixir-1.20.4/lib/elixir/ebin/Elixir.Task.Supervisor.beam	Elixir.Task
/home/aion/reach/elixir-reach-20260903/corpus/elixir-1.20.4/lib/elixir/ebin/Elixir.Task.Supervisor.beam	Elixir.Task.Supervised
/home/aion/reach/elixir-reach-20260903/corpus/elixir-1.20.4/lib/elixir/ebin/Elixir.Task.Supervisor.beam	erlang
/home/aion/reach/elixir-reach-20260903/corpus/elixir-1.20.4/lib/elixir/ebin/Elixir.Task.Supervisor.beam	lists
/home/aion/reach/elixir-reach-20260903/corpus/elixir-1.20.4/lib/elixir/ebin/Elixir.Task.beam	Elixir.ArgumentError
/home/aion/reach/elixir-reach-20260903/corpus/elixir-1.20.4/lib/elixir/ebin/Elixir.Task.beam	Elixir.Enum
/home/aion/reach/elixir-reach-20260903/corpus/elixir-1.20.4/lib/elixir/ebin/Elixir.Task.beam	Elixir.Kernel
/home/aion/reach/elixir-reach-20260903/corpus/elixir-1.20.4/lib/elixir/ebin/Elixir.Task.beam	Elixir.Keyword
/home/aion/reach/elixir-reach-20260903/corpus/elixir-1.20.4/lib/elixir/ebin/Elixir.Task.beam	Elixir.List
/home/aion/reach/elixir-reach-20260903/corpus/elixir-1.20.4/lib/elixir/ebin/Elixir.Task.beam	Elixir.Map
/home/aion/reach/elixir-reach-20260903/corpus/elixir-1.20.4/lib/elixir/ebin/Elixir.Task.beam	Elixir.Process
/home/aion/reach/elixir-reach-20260903/corpus/elixir-1.20.4/lib/elixir/ebin/Elixir.Task.beam	Elixir.Task.Supervised
/home/aion/reach/elixir-reach-20260903/corpus/elixir-1.20.4/lib/elixir/ebin/Elixir.Task.beam	elixir_erl_pass
/home/aion/reach/elixir-reach-20260903/corpus/elixir-1.20.4/lib/elixir/ebin/Elixir.Task.beam	elixir_quote
/home/aion/reach/elixir-reach-20260903/corpus/elixir-1.20.4/lib/elixir/ebin/Elixir.Task.beam	erlang
/home/aion/reach/elixir-reach-20260903/corpus/elixir-1.20.4/lib/elixir/ebin/Elixir.Task.beam	lists
/home/aion/reach/elixir-reach-20260903/corpus/elixir-1.20.4/lib/elixir/ebin/Elixir.Task.beam	maps
/home/aion/reach/elixir-reach-20260903/corpus/elixir-1.20.4/lib/elixir/ebin/Elixir.Time.beam	Elixir.ArgumentError
/home/aion/reach/elixir-reach-20260903/corpus/elixir-1.20.4/lib/elixir/ebin/Elixir.Time.beam	Elixir.Calendar
/home/aion/reach/elixir-reach-20260903/corpus/elixir-1.20.4/lib/elixir/ebin/Elixir.Time.beam	Elixir.Calendar.ISO
/home/aion/reach/elixir-reach-20260903/corpus/elixir-1.20.4/lib/elixir/ebin/Elixir.Time.beam	Elixir.Enum
/home/aion/reach/elixir-reach-20260903/corpus/elixir-1.20.4/lib/elixir/ebin/Elixir.Time.beam	Elixir.Integer
/home/aion/reach/elixir-reach-20260903/corpus/elixir-1.20.4/lib/elixir/ebin/Elixir.Time.beam	Elixir.Kernel
/home/aion/reach/elixir-reach-20260903/corpus/elixir-1.20.4/lib/elixir/ebin/Elixir.Time.beam	Elixir.List
/home/aion/reach/elixir-reach-20260903/corpus/elixir-1.20.4/lib/elixir/ebin/Elixir.Time.beam	Elixir.System
/home/aion/reach/elixir-reach-20260903/corpus/elixir-1.20.4/lib/elixir/ebin/Elixir.Time.beam	erlang
/home/aion/reach/elixir-reach-20260903/corpus/elixir-1.20.4/lib/elixir/ebin/Elixir.TokenMissingError.beam	Elixir.Enum
/home/aion/reach/elixir-reach-20260903/corpus/elixir-1.20.4/lib/elixir/ebin/Elixir.TokenMissingError.beam	Elixir.Exception
/home/aion/reach/elixir-reach-20260903/corpus/elixir-1.20.4/lib/elixir/ebin/Elixir.TokenMissingError.beam	Elixir.Kernel
/home/aion/reach/elixir-reach-20260903/corpus/elixir-1.20.4/lib/elixir/ebin/Elixir.TokenMissingError.beam	Elixir.Path
/home/aion/reach/elixir-reach-20260903/corpus/elixir-1.20.4/lib/elixir/ebin/Elixir.TokenMissingError.beam	Elixir.String
/home/aion/reach/elixir-reach-20260903/corpus/elixir-1.20.4/lib/elixir/ebin/Elixir.TokenMissingError.beam	Elixir.String.Chars
/home/aion/reach/elixir-reach-20260903/corpus/elixir-1.20.4/lib/elixir/ebin/Elixir.TokenMissingError.beam	elixir_errors
/home/aion/reach/elixir-reach-20260903/corpus/elixir-1.20.4/lib/elixir/ebin/Elixir.TokenMissingError.beam	erlang
/home/aion/reach/elixir-reach-20260903/corpus/elixir-1.20.4/lib/elixir/ebin/Elixir.TryClauseError.beam	Elixir.Enum
/home/aion/reach/elixir-reach-20260903/corpus/elixir-1.20.4/lib/elixir/ebin/Elixir.TryClauseError.beam	Elixir.Exception
/home/aion/reach/elixir-reach-20260903/corpus/elixir-1.20.4/lib/elixir/ebin/Elixir.TryClauseError.beam	Elixir.Kernel
/home/aion/reach/elixir-reach-20260903/corpus/elixir-1.20.4/lib/elixir/ebin/Elixir.TryClauseError.beam	elixir_erl_pass
/home/aion/reach/elixir-reach-20260903/corpus/elixir-1.20.4/lib/elixir/ebin/Elixir.TryClauseError.beam	erlang
/home/aion/reach/elixir-reach-20260903/corpus/elixir-1.20.4/lib/elixir/ebin/Elixir.Tuple.beam	erlang
/home/aion/reach/elixir-reach-20260903/corpus/elixir-1.20.4/lib/elixir/ebin/Elixir.URI.Error.beam	Elixir.Enum
/home/aion/reach/elixir-reach-20260903/corpus/elixir-1.20.4/lib/elixir/ebin/Elixir.URI.Error.beam	Elixir.Kernel
/home/aion/reach/elixir-reach-20260903/corpus/elixir-1.20.4/lib/elixir/ebin/Elixir.URI.Error.beam	Elixir.String.Chars
/home/aion/reach/elixir-reach-20260903/corpus/elixir-1.20.4/lib/elixir/ebin/Elixir.URI.Error.beam	erlang
/home/aion/reach/elixir-reach-20260903/corpus/elixir-1.20.4/lib/elixir/ebin/Elixir.URI.beam	Dict
/home/aion/reach/elixir-reach-20260903/corpus/elixir-1.20.4/lib/elixir/ebin/Elixir.URI.beam	Elixir.ArgumentError
/home/aion/reach/elixir-reach-20260903/corpus/elixir-1.20.4/lib/elixir/ebin/Elixir.URI.beam	Elixir.Enum
/home/aion/reach/elixir-reach-20260903/corpus/elixir-1.20.4/lib/elixir/ebin/Elixir.URI.beam	Elixir.IO
/home/aion/reach/elixir-reach-20260903/corpus/elixir-1.20.4/lib/elixir/ebin/Elixir.URI.beam	Elixir.Kernel
/home/aion/reach/elixir-reach-20260903/corpus/elixir-1.20.4/lib/elixir/ebin/Elixir.URI.beam	Elixir.Kernel.Utils
/home/aion/reach/elixir-reach-20260903/corpus/elixir-1.20.4/lib/elixir/ebin/Elixir.URI.beam	Elixir.Regex
/home/aion/reach/elixir-reach-20260903/corpus/elixir-1.20.4/lib/elixir/ebin/Elixir.URI.beam	Elixir.Stream
/home/aion/reach/elixir-reach-20260903/corpus/elixir-1.20.4/lib/elixir/ebin/Elixir.URI.beam	Elixir.String
/home/aion/reach/elixir-reach-20260903/corpus/elixir-1.20.4/lib/elixir/ebin/Elixir.URI.beam	Elixir.String.Chars
/home/aion/reach/elixir-reach-20260903/corpus/elixir-1.20.4/lib/elixir/ebin/Elixir.URI.beam	Elixir.String.Chars.URI
/home/aion/reach/elixir-reach-20260903/corpus/elixir-1.20.4/lib/elixir/ebin/Elixir.URI.beam	Elixir.URI.Error
/home/aion/reach/elixir-reach-20260903/corpus/elixir-1.20.4/lib/elixir/ebin/Elixir.URI.beam	binary
/home/aion/reach/elixir-reach-20260903/corpus/elixir-1.20.4/lib/elixir/ebin/Elixir.URI.beam	elixir_config
/home/aion/reach/elixir-reach-20260903/corpus/elixir-1.20.4/lib/elixir/ebin/Elixir.URI.beam	elixir_erl_pass
/home/aion/reach/elixir-reach-20260903/corpus/elixir-1.20.4/lib/elixir/ebin/Elixir.URI.beam	erlang
/home/aion/reach/elixir-reach-20260903/corpus/elixir-1.20.4/lib/elixir/ebin/Elixir.URI.beam	maps
/home/aion/reach/elixir-reach-20260903/corpus/elixir-1.20.4/lib/elixir/ebin/Elixir.URI.beam	re
/home/aion/reach/elixir-reach-20260903/corpus/elixir-1.20.4/lib/elixir/ebin/Elixir.URI.beam	uri_string
/home/aion/reach/elixir-reach-20260903/corpus/elixir-1.20.4/lib/elixir/ebin/Elixir.UndefinedFunctionError.beam	Elixir.Code
/home/aion/reach/elixir-reach-20260903/corpus/elixir-1.20.4/lib/elixir/ebin/Elixir.UndefinedFunctionError.beam	Elixir.Enum
/home/aion/reach/elixir-reach-20260903/corpus/elixir-1.20.4/lib/elixir/ebin/Elixir.UndefinedFunctionError.beam	Elixir.Exception
/home/aion/reach/elixir-reach-20260903/corpus/elixir-1.20.4/lib/elixir/ebin/Elixir.UndefinedFunctionError.beam	Elixir.Kernel
/home/aion/reach/elixir-reach-20260903/corpus/elixir-1.20.4/lib/elixir/ebin/Elixir.UndefinedFunctionError.beam	Elixir.Keyword
/home/aion/reach/elixir-reach-20260903/corpus/elixir-1.20.4/lib/elixir/ebin/Elixir.UndefinedFunctionError.beam	Elixir.List
/home/aion/reach/elixir-reach-20260903/corpus/elixir-1.20.4/lib/elixir/ebin/Elixir.UndefinedFunctionError.beam	Elixir.Macro
/home/aion/reach/elixir-reach-20260903/corpus/elixir-1.20.4/lib/elixir/ebin/Elixir.UndefinedFunctionError.beam	Elixir.String
/home/aion/reach/elixir-reach-20260903/corpus/elixir-1.20.4/lib/elixir/ebin/Elixir.UndefinedFunctionError.beam	Elixir.String.Chars
/home/aion/reach/elixir-reach-20260903/corpus/elixir-1.20.4/lib/elixir/ebin/Elixir.UndefinedFunctionError.beam	code
/home/aion/reach/elixir-reach-20260903/corpus/elixir-1.20.4/lib/elixir/ebin/Elixir.UndefinedFunctionError.beam	erlang
/home/aion/reach/elixir-reach-20260903/corpus/elixir-1.20.4/lib/elixir/ebin/Elixir.UndefinedFunctionError.beam	lists
/home/aion/reach/elixir-reach-20260903/corpus/elixir-1.20.4/lib/elixir/ebin/Elixir.UndefinedFunctionError.beam	otp_internal
/home/aion/reach/elixir-reach-20260903/corpus/elixir-1.20.4/lib/elixir/ebin/Elixir.UnicodeConversionError.beam	Elixir.Enum
/home/aion/reach/elixir-reach-20260903/corpus/elixir-1.20.4/lib/elixir/ebin/Elixir.UnicodeConversionError.beam	Elixir.Kernel
/home/aion/reach/elixir-reach-20260903/corpus/elixir-1.20.4/lib/elixir/ebin/Elixir.UnicodeConversionError.beam	Elixir.Keyword
/home/aion/reach/elixir-reach-20260903/corpus/elixir-1.20.4/lib/elixir/ebin/Elixir.UnicodeConversionError.beam	Elixir.String.Chars
/home/aion/reach/elixir-reach-20260903/corpus/elixir-1.20.4/lib/elixir/ebin/Elixir.UnicodeConversionError.beam	elixir_erl_pass
/home/aion/reach/elixir-reach-20260903/corpus/elixir-1.20.4/lib/elixir/ebin/Elixir.UnicodeConversionError.beam	erlang
/home/aion/reach/elixir-reach-20260903/corpus/elixir-1.20.4/lib/elixir/ebin/Elixir.Version.InvalidRequirementError.beam	Elixir.Enum
/home/aion/reach/elixir-reach-20260903/corpus/elixir-1.20.4/lib/elixir/ebin/Elixir.Version.InvalidRequirementError.beam	Elixir.Kernel
/home/aion/reach/elixir-reach-20260903/corpus/elixir-1.20.4/lib/elixir/ebin/Elixir.Version.InvalidRequirementError.beam	erlang
/home/aion/reach/elixir-reach-20260903/corpus/elixir-1.20.4/lib/elixir/ebin/Elixir.Version.InvalidVersionError.beam	Elixir.Enum
/home/aion/reach/elixir-reach-20260903/corpus/elixir-1.20.4/lib/elixir/ebin/Elixir.Version.InvalidVersionError.beam	Elixir.Kernel
/home/aion/reach/elixir-reach-20260903/corpus/elixir-1.20.4/lib/elixir/ebin/Elixir.Version.InvalidVersionError.beam	erlang
/home/aion/reach/elixir-reach-20260903/corpus/elixir-1.20.4/lib/elixir/ebin/Elixir.Version.Parser.beam	Elixir.Enum
/home/aion/reach/elixir-reach-20260903/corpus/elixir-1.20.4/lib/elixir/ebin/Elixir.Version.Parser.beam	Elixir.IO
/home/aion/reach/elixir-reach-20260903/corpus/elixir-1.20.4/lib/elixir/ebin/Elixir.Version.Parser.beam	Elixir.Kernel.Utils
/home/aion/reach/elixir-reach-20260903/corpus/elixir-1.20.4/lib/elixir/ebin/Elixir.Version.Parser.beam	Elixir.String
/home/aion/reach/elixir-reach-20260903/corpus/elixir-1.20.4/lib/elixir/ebin/Elixir.Version.Parser.beam	erlang
/home/aion/reach/elixir-reach-20260903/corpus/elixir-1.20.4/lib/elixir/ebin/Elixir.Version.Requirement.beam	Elixir.Enum
/home/aion/reach/elixir-reach-20260903/corpus/elixir-1.20.4/lib/elixir/ebin/Elixir.Version.Requirement.beam	erlang
/home/aion/reach/elixir-reach-20260903/corpus/elixir-1.20.4/lib/elixir/ebin/Elixir.Version.beam	Elixir.ArgumentError
/home/aion/reach/elixir-reach-20260903/corpus/elixir-1.20.4/lib/elixir/ebin/Elixir.Version.beam	Elixir.Enum
/home/aion/reach/elixir-reach-20260903/corpus/elixir-1.20.4/lib/elixir/ebin/Elixir.Version.beam	Elixir.Kernel
/home/aion/reach/elixir-reach-20260903/corpus/elixir-1.20.4/lib/elixir/ebin/Elixir.Version.beam	Elixir.Keyword
/home/aion/reach/elixir-reach-20260903/corpus/elixir-1.20.4/lib/elixir/ebin/Elixir.Version.beam	Elixir.List
/home/aion/reach/elixir-reach-20260903/corpus/elixir-1.20.4/lib/elixir/ebin/Elixir.Version.beam	Elixir.String.Chars
/home/aion/reach/elixir-reach-20260903/corpus/elixir-1.20.4/lib/elixir/ebin/Elixir.Version.beam	Elixir.Version.InvalidRequirementError
/home/aion/reach/elixir-reach-20260903/corpus/elixir-1.20.4/lib/elixir/ebin/Elixir.Version.beam	Elixir.Version.InvalidVersionError
/home/aion/reach/elixir-reach-20260903/corpus/elixir-1.20.4/lib/elixir/ebin/Elixir.Version.beam	Elixir.Version.Parser
/home/aion/reach/elixir-reach-20260903/corpus/elixir-1.20.4/lib/elixir/ebin/Elixir.Version.beam	Elixir.Version.Requirement
/home/aion/reach/elixir-reach-20260903/corpus/elixir-1.20.4/lib/elixir/ebin/Elixir.Version.beam	elixir_erl_pass
/home/aion/reach/elixir-reach-20260903/corpus/elixir-1.20.4/lib/elixir/ebin/Elixir.Version.beam	erlang
/home/aion/reach/elixir-reach-20260903/corpus/elixir-1.20.4/lib/elixir/ebin/Elixir.WithClauseError.beam	Elixir.Enum
/home/aion/reach/elixir-reach-20260903/corpus/elixir-1.20.4/lib/elixir/ebin/Elixir.WithClauseError.beam	Elixir.Exception
/home/aion/reach/elixir-reach-20260903/corpus/elixir-1.20.4/lib/elixir/ebin/Elixir.WithClauseError.beam	Elixir.Kernel
/home/aion/reach/elixir-reach-20260903/corpus/elixir-1.20.4/lib/elixir/ebin/Elixir.WithClauseError.beam	elixir_erl_pass
/home/aion/reach/elixir-reach-20260903/corpus/elixir-1.20.4/lib/elixir/ebin/Elixir.WithClauseError.beam	erlang
/home/aion/reach/elixir-reach-20260903/corpus/elixir-1.20.4/lib/elixir/ebin/elixir.beam	Elixir.IO
/home/aion/reach/elixir-reach-20260903/corpus/elixir-1.20.4/lib/elixir/ebin/elixir.beam	Elixir.Kernel.CLI
/home/aion/reach/elixir-reach-20260903/corpus/elixir-1.20.4/lib/elixir/ebin/elixir.beam	Elixir.Macro.Env
/home/aion/reach/elixir-reach-20260903/corpus/elixir-1.20.4/lib/elixir/ebin/elixir.beam	Elixir.System
/home/aion/reach/elixir-reach-20260903/corpus/elixir-1.20.4/lib/elixir/ebin/elixir.beam	Elixir.UndefinedFunctionError
/home/aion/reach/elixir-reach-20260903/corpus/elixir-1.20.4/lib/elixir/ebin/elixir.beam	application
/home/aion/reach/elixir-reach-20260903/corpus/elixir-1.20.4/lib/elixir/ebin/elixir.beam	code
/home/aion/reach/elixir-reach-20260903/corpus/elixir-1.20.4/lib/elixir/ebin/elixir.beam	elixir_config
/home/aion/reach/elixir-reach-20260903/corpus/elixir-1.20.4/lib/elixir/ebin/elixir.beam	elixir_env
/home/aion/reach/elixir-reach-20260903/corpus/elixir-1.20.4/lib/elixir/ebin/elixir.beam	elixir_erl_pass
/home/aion/reach/elixir-reach-20260903/corpus/elixir-1.20.4/lib/elixir/ebin/elixir.beam	elixir_erl_var
/home/aion/reach/elixir-reach-20260903/corpus/elixir-1.20.4/lib/elixir/ebin/elixir.beam	elixir_errors
/home/aion/reach/elixir-reach-20260903/corpus/elixir-1.20.4/lib/elixir/ebin/elixir.beam	elixir_expand
/home/aion/reach/elixir-reach-20260903/corpus/elixir-1.20.4/lib/elixir/ebin/elixir.beam	elixir_parser
/home/aion/reach/elixir-reach-20260903/corpus/elixir-1.20.4/lib/elixir/ebin/elixir.beam	elixir_quote
/home/aion/reach/elixir-reach-20260903/corpus/elixir-1.20.4/lib/elixir/ebin/elixir.beam	elixir_sup
/home/aion/reach/elixir-reach-20260903/corpus/elixir-1.20.4/lib/elixir/ebin/elixir.beam	elixir_tokenizer
/home/aion/reach/elixir-reach-20260903/corpus/elixir-1.20.4/lib/elixir/ebin/elixir.beam	elixir_utils
/home/aion/reach/elixir-reach-20260903/corpus/elixir-1.20.4/lib/elixir/ebin/elixir.beam	erl_anno
/home/aion/reach/elixir-reach-20260903/corpus/elixir-1.20.4/lib/elixir/ebin/elixir.beam	erl_eval
/home/aion/reach/elixir-reach-20260903/corpus/elixir-1.20.4/lib/elixir/ebin/elixir.beam	erlang
/home/aion/reach/elixir-reach-20260903/corpus/elixir-1.20.4/lib/elixir/ebin/elixir.beam	file
/home/aion/reach/elixir-reach-20260903/corpus/elixir-1.20.4/lib/elixir/ebin/elixir.beam	iex
/home/aion/reach/elixir-reach-20260903/corpus/elixir-1.20.4/lib/elixir/ebin/elixir.beam	init
/home/aion/reach/elixir-reach-20260903/corpus/elixir-1.20.4/lib/elixir/ebin/elixir.beam	io
/home/aion/reach/elixir-reach-20260903/corpus/elixir-1.20.4/lib/elixir/ebin/elixir.beam	lists
/home/aion/reach/elixir-reach-20260903/corpus/elixir-1.20.4/lib/elixir/ebin/elixir.beam	ordsets
/home/aion/reach/elixir-reach-20260903/corpus/elixir-1.20.4/lib/elixir/ebin/elixir.beam	prim_tty
/home/aion/reach/elixir-reach-20260903/corpus/elixir-1.20.4/lib/elixir/ebin/elixir.beam	proplists
/home/aion/reach/elixir-reach-20260903/corpus/elixir-1.20.4/lib/elixir/ebin/elixir.beam	string
/home/aion/reach/elixir-reach-20260903/corpus/elixir-1.20.4/lib/elixir/ebin/elixir.beam	user_drv
/home/aion/reach/elixir-reach-20260903/corpus/elixir-1.20.4/lib/elixir/ebin/elixir_aliases.beam	Elixir.Kernel.ErrorHandler
/home/aion/reach/elixir-reach-20260903/corpus/elixir-1.20.4/lib/elixir/ebin/elixir_aliases.beam	Elixir.Macro
/home/aion/reach/elixir-reach-20260903/corpus/elixir-1.20.4/lib/elixir/ebin/elixir_aliases.beam	code
/home/aion/reach/elixir-reach-20260903/corpus/elixir-1.20.4/lib/elixir/ebin/elixir_aliases.beam	elixir_config
/home/aion/reach/elixir-reach-20260903/corpus/elixir-1.20.4/lib/elixir/ebin/elixir_aliases.beam	elixir_env
/home/aion/reach/elixir-reach-20260903/corpus/elixir-1.20.4/lib/elixir/ebin/elixir_aliases.beam	elixir_errors
/home/aion/reach/elixir-reach-20260903/corpus/elixir-1.20.4/lib/elixir/ebin/elixir_aliases.beam	elixir_utils
/home/aion/reach/elixir-reach-20260903/corpus/elixir-1.20.4/lib/elixir/ebin/elixir_aliases.beam	erlang
/home/aion/reach/elixir-reach-20260903/corpus/elixir-1.20.4/lib/elixir/ebin/elixir_aliases.beam	io_lib
/home/aion/reach/elixir-reach-20260903/corpus/elixir-1.20.4/lib/elixir/ebin/elixir_aliases.beam	lists
/home/aion/reach/elixir-reach-20260903/corpus/elixir-1.20.4/lib/elixir/ebin/elixir_aliases.beam	ordsets
/home/aion/reach/elixir-reach-20260903/corpus/elixir-1.20.4/lib/elixir/ebin/elixir_aliases.beam	string
/home/aion/reach/elixir-reach-20260903/corpus/elixir-1.20.4/lib/elixir/ebin/elixir_bitstring.beam	Elixir.Macro
/home/aion/reach/elixir-reach-20260903/corpus/elixir-1.20.4/lib/elixir/ebin/elixir_bitstring.beam	elixir_env
/home/aion/reach/elixir-reach-20260903/corpus/elixir-1.20.4/lib/elixir/ebin/elixir_bitstring.beam	elixir_errors
/home/aion/reach/elixir-reach-20260903/corpus/elixir-1.20.4/lib/elixir/ebin/elixir_bitstring.beam	elixir_expand
/home/aion/reach/elixir-reach-20260903/corpus/elixir-1.20.4/lib/elixir/ebin/elixir_bitstring.beam	elixir_utils
/home/aion/reach/elixir-reach-20260903/corpus/elixir-1.20.4/lib/elixir/ebin/elixir_bitstring.beam	erlang
/home/aion/reach/elixir-reach-20260903/corpus/elixir-1.20.4/lib/elixir/ebin/elixir_bitstring.beam	io_lib
/home/aion/reach/elixir-reach-20260903/corpus/elixir-1.20.4/lib/elixir/ebin/elixir_bitstring.beam	lists
/home/aion/reach/elixir-reach-20260903/corpus/elixir-1.20.4/lib/elixir/ebin/elixir_bootstrap.beam	elixir_module
/home/aion/reach/elixir-reach-20260903/corpus/elixir-1.20.4/lib/elixir/ebin/elixir_bootstrap.beam	elixir_quote
/home/aion/reach/elixir-reach-20260903/corpus/elixir-1.20.4/lib/elixir/ebin/elixir_bootstrap.beam	erlang
/home/aion/reach/elixir-reach-20260903/corpus/elixir-1.20.4/lib/elixir/ebin/elixir_clauses.beam	Elixir.Macro
/home/aion/reach/elixir-reach-20260903/corpus/elixir-1.20.4/lib/elixir/ebin/elixir_clauses.beam	elixir_env
/home/aion/reach/elixir-reach-20260903/corpus/elixir-1.20.4/lib/elixir/ebin/elixir_clauses.beam	elixir_errors
/home/aion/reach/elixir-reach-20260903/corpus/elixir-1.20.4/lib/elixir/ebin/elixir_clauses.beam	elixir_expand
/home/aion/reach/elixir-reach-20260903/corpus/elixir-1.20.4/lib/elixir/ebin/elixir_clauses.beam	elixir_utils
/home/aion/reach/elixir-reach-20260903/corpus/elixir-1.20.4/lib/elixir/ebin/elixir_clauses.beam	erlang
/home/aion/reach/elixir-reach-20260903/corpus/elixir-1.20.4/lib/elixir/ebin/elixir_clauses.beam	io_lib
/home/aion/reach/elixir-reach-20260903/corpus/elixir-1.20.4/lib/elixir/ebin/elixir_clauses.beam	lists
/home/aion/reach/elixir-reach-20260903/corpus/elixir-1.20.4/lib/elixir/ebin/elixir_clauses.beam	maps
/home/aion/reach/elixir-reach-20260903/corpus/elixir-1.20.4/lib/elixir/ebin/elixir_code_server.beam	code
/home/aion/reach/elixir-reach-20260903/corpus/elixir-1.20.4/lib/elixir/ebin/elixir_code_server.beam	erlang
/home/aion/reach/elixir-reach-20260903/corpus/elixir-1.20.4/lib/elixir/ebin/elixir_code_server.beam	ets
/home/aion/reach/elixir-reach-20260903/corpus/elixir-1.20.4/lib/elixir/ebin/elixir_code_server.beam	gen_server
/home/aion/reach/elixir-reach-20260903/corpus/elixir-1.20.4/lib/elixir/ebin/elixir_code_server.beam	lists
/home/aion/reach/elixir-reach-20260903/corpus/elixir-1.20.4/lib/elixir/ebin/elixir_code_server.beam	maps
/home/aion/reach/elixir-reach-20260903/corpus/elixir-1.20.4/lib/elixir/ebin/elixir_compiler.beam	Elixir.File.Error
/home/aion/reach/elixir-reach-20260903/corpus/elixir-1.20.4/lib/elixir/ebin/elixir_compiler.beam	Elixir.Macro
/home/aion/reach/elixir-reach-20260903/corpus/elixir-1.20.4/lib/elixir/ebin/elixir_compiler.beam	Elixir.Macro.Env
/home/aion/reach/elixir-reach-20260903/corpus/elixir-1.20.4/lib/elixir/ebin/elixir_compiler.beam	application
/home/aion/reach/elixir-reach-20260903/corpus/elixir-1.20.4/lib/elixir/ebin/elixir_compiler.beam	code
/home/aion/reach/elixir-reach-20260903/corpus/elixir-1.20.4/lib/elixir/ebin/elixir_compiler.beam	elixir
/home/aion/reach/elixir-reach-20260903/corpus/elixir-1.20.4/lib/elixir/ebin/elixir_compiler.beam	elixir_aliases
/home/aion/reach/elixir-reach-20260903/corpus/elixir-1.20.4/lib/elixir/ebin/elixir_compiler.beam	elixir_code_server
/home/aion/reach/elixir-reach-20260903/corpus/elixir-1.20.4/lib/elixir/ebin/elixir_compiler.beam	elixir_config
/home/aion/reach/elixir-reach-20260903/corpus/elixir-1.20.4/lib/elixir/ebin/elixir_compiler.beam	elixir_env
/home/aion/reach/elixir-reach-20260903/corpus/elixir-1.20.4/lib/elixir/ebin/elixir_compiler.beam	elixir_erl
/home/aion/reach/elixir-reach-20260903/corpus/elixir-1.20.4/lib/elixir/ebin/elixir_compiler.beam	elixir_erl_compiler
/home/aion/reach/elixir-reach-20260903/corpus/elixir-1.20.4/lib/elixir/ebin/elixir_compiler.beam	elixir_erl_pass
/home/aion/reach/elixir-reach-20260903/corpus/elixir-1.20.4/lib/elixir/ebin/elixir_compiler.beam	elixir_erl_var
/home/aion/reach/elixir-reach-20260903/corpus/elixir-1.20.4/lib/elixir/ebin/elixir_compiler.beam	elixir_expand
/home/aion/reach/elixir-reach-20260903/corpus/elixir-1.20.4/lib/elixir/ebin/elixir_compiler.beam	elixir_lexical
/home/aion/reach/elixir-reach-20260903/corpus/elixir-1.20.4/lib/elixir/ebin/elixir_compiler.beam	elixir_module
/home/aion/reach/elixir-reach-20260903/corpus/elixir-1.20.4/lib/elixir/ebin/elixir_compiler.beam	elixir_utils
/home/aion/reach/elixir-reach-20260903/corpus/elixir-1.20.4/lib/elixir/ebin/elixir_compiler.beam	erl_anno
/home/aion/reach/elixir-reach-20260903/corpus/elixir-1.20.4/lib/elixir/ebin/elixir_compiler.beam	erlang
/home/aion/reach/elixir-reach-20260903/corpus/elixir-1.20.4/lib/elixir/ebin/elixir_compiler.beam	file
/home/aion/reach/elixir-reach-20260903/corpus/elixir-1.20.4/lib/elixir/ebin/elixir_compiler.beam	filename
/home/aion/reach/elixir-reach-20260903/corpus/elixir-1.20.4/lib/elixir/ebin/elixir_compiler.beam	io
/home/aion/reach/elixir-reach-20260903/corpus/elixir-1.20.4/lib/elixir/ebin/elixir_compiler.beam	lists
/home/aion/reach/elixir-reach-20260903/corpus/elixir-1.20.4/lib/elixir/ebin/elixir_compiler.beam	maps
/home/aion/reach/elixir-reach-20260903/corpus/elixir-1.20.4/lib/elixir/ebin/elixir_config.beam	erlang
/home/aion/reach/elixir-reach-20260903/corpus/elixir-1.20.4/lib/elixir/ebin/elixir_config.beam	ets
/home/aion/reach/elixir-reach-20260903/corpus/elixir-1.20.4/lib/elixir/ebin/elixir_config.beam	gen_server
/home/aion/reach/elixir-reach-20260903/corpus/elixir-1.20.4/lib/elixir/ebin/elixir_config.beam	maps
/home/aion/reach/elixir-reach-20260903/corpus/elixir-1.20.4/lib/elixir/ebin/elixir_config.beam	persistent_term
/home/aion/reach/elixir-reach-20260903/corpus/elixir-1.20.4/lib/elixir/ebin/elixir_def.beam	Elixir.Macro
/home/aion/reach/elixir-reach-20260903/corpus/elixir-1.20.4/lib/elixir/ebin/elixir_def.beam	Elixir.Module
/home/aion/reach/elixir-reach-20260903/corpus/elixir-1.20.4/lib/elixir/ebin/elixir_def.beam	elixir_clauses
/home/aion/reach/elixir-reach-20260903/corpus/elixir-1.20.4/lib/elixir/ebin/elixir_def.beam	elixir_env
/home/aion/reach/elixir-reach-20260903/corpus/elixir-1.20.4/lib/elixir/ebin/elixir_def.beam	elixir_erl
/home/aion/reach/elixir-reach-20260903/corpus/elixir-1.20.4/lib/elixir/ebin/elixir_def.beam	elixir_errors
/home/aion/reach/elixir-reach-20260903/corpus/elixir-1.20.4/lib/elixir/ebin/elixir_def.beam	elixir_expand
/home/aion/reach/elixir-reach-20260903/corpus/elixir-1.20.4/lib/elixir/ebin/elixir_def.beam	elixir_lexical
/home/aion/reach/elixir-reach-20260903/corpus/elixir-1.20.4/lib/elixir/ebin/elixir_def.beam	elixir_module
/home/aion/reach/elixir-reach-20260903/corpus/elixir-1.20.4/lib/elixir/ebin/elixir_def.beam	elixir_quote
/home/aion/reach/elixir-reach-20260903/corpus/elixir-1.20.4/lib/elixir/ebin/elixir_def.beam	elixir_utils
/home/aion/reach/elixir-reach-20260903/corpus/elixir-1.20.4/lib/elixir/ebin/elixir_def.beam	erlang
/home/aion/reach/elixir-reach-20260903/corpus/elixir-1.20.4/lib/elixir/ebin/elixir_def.beam	ets
/home/aion/reach/elixir-reach-20260903/corpus/elixir-1.20.4/lib/elixir/ebin/elixir_def.beam	filename
/home/aion/reach/elixir-reach-20260903/corpus/elixir-1.20.4/lib/elixir/ebin/elixir_def.beam	io_lib
/home/aion/reach/elixir-reach-20260903/corpus/elixir-1.20.4/lib/elixir/ebin/elixir_def.beam	lists
/home/aion/reach/elixir-reach-20260903/corpus/elixir-1.20.4/lib/elixir/ebin/elixir_dispatch.beam	Elixir.Kernel
/home/aion/reach/elixir-reach-20260903/corpus/elixir-1.20.4/lib/elixir/ebin/elixir_dispatch.beam	code
/home/aion/reach/elixir-reach-20260903/corpus/elixir-1.20.4/lib/elixir/ebin/elixir_dispatch.beam	elixir_aliases
/home/aion/reach/elixir-reach-20260903/corpus/elixir-1.20.4/lib/elixir/ebin/elixir_dispatch.beam	elixir_def
/home/aion/reach/elixir-reach-20260903/corpus/elixir-1.20.4/lib/elixir/ebin/elixir_dispatch.beam	elixir_env
/home/aion/reach/elixir-reach-20260903/corpus/elixir-1.20.4/lib/elixir/ebin/elixir_dispatch.beam	elixir_errors
/home/aion/reach/elixir-reach-20260903/corpus/elixir-1.20.4/lib/elixir/ebin/elixir_dispatch.beam	elixir_expand
/home/aion/reach/elixir-reach-20260903/corpus/elixir-1.20.4/lib/elixir/ebin/elixir_dispatch.beam	elixir_import
/home/aion/reach/elixir-reach-20260903/corpus/elixir-1.20.4/lib/elixir/ebin/elixir_dispatch.beam	elixir_module
/home/aion/reach/elixir-reach-20260903/corpus/elixir-1.20.4/lib/elixir/ebin/elixir_dispatch.beam	elixir_quote
/home/aion/reach/elixir-reach-20260903/corpus/elixir-1.20.4/lib/elixir/ebin/elixir_dispatch.beam	elixir_rewrite
/home/aion/reach/elixir-reach-20260903/corpus/elixir-1.20.4/lib/elixir/ebin/elixir_dispatch.beam	elixir_utils
/home/aion/reach/elixir-reach-20260903/corpus/elixir-1.20.4/lib/elixir/ebin/elixir_dispatch.beam	erlang
/home/aion/reach/elixir-reach-20260903/corpus/elixir-1.20.4/lib/elixir/ebin/elixir_dispatch.beam	io_lib
/home/aion/reach/elixir-reach-20260903/corpus/elixir-1.20.4/lib/elixir/ebin/elixir_dispatch.beam	lists
/home/aion/reach/elixir-reach-20260903/corpus/elixir-1.20.4/lib/elixir/ebin/elixir_dispatch.beam	maps
/home/aion/reach/elixir-reach-20260903/corpus/elixir-1.20.4/lib/elixir/ebin/elixir_dispatch.beam	ordsets
/home/aion/reach/elixir-reach-20260903/corpus/elixir-1.20.4/lib/elixir/ebin/elixir_env.beam	elixir_dispatch
/home/aion/reach/elixir-reach-20260903/corpus/elixir-1.20.4/lib/elixir/ebin/elixir_env.beam	elixir_errors
/home/aion/reach/elixir-reach-20260903/corpus/elixir-1.20.4/lib/elixir/ebin/elixir_env.beam	elixir_utils
/home/aion/reach/elixir-reach-20260903/corpus/elixir-1.20.4/lib/elixir/ebin/elixir_env.beam	erlang
/home/aion/reach/elixir-reach-20260903/corpus/elixir-1.20.4/lib/elixir/ebin/elixir_env.beam	io_lib
/home/aion/reach/elixir-reach-20260903/corpus/elixir-1.20.4/lib/elixir/ebin/elixir_env.beam	lists
/home/aion/reach/elixir-reach-20260903/corpus/elixir-1.20.4/lib/elixir/ebin/elixir_env.beam	maps
/home/aion/reach/elixir-reach-20260903/corpus/elixir-1.20.4/lib/elixir/ebin/elixir_env.beam	string
/home/aion/reach/elixir-reach-20260903/corpus/elixir-1.20.4/lib/elixir/ebin/elixir_erl.beam	Elixir.Code
/home/aion/reach/elixir-reach-20260903/corpus/elixir-1.20.4/lib/elixir/ebin/elixir_erl.beam	Elixir.IO
/home/aion/reach/elixir-reach-20260903/corpus/elixir-1.20.4/lib/elixir/ebin/elixir_erl.beam	Elixir.Inspect.Algebra
/home/aion/reach/elixir-reach-20260903/corpus/elixir-1.20.4/lib/elixir/ebin/elixir_erl.beam	Elixir.Kernel
/home/aion/reach/elixir-reach-20260903/corpus/elixir-1.20.4/lib/elixir/ebin/elixir_erl.beam	Elixir.Kernel.Typespec
/home/aion/reach/elixir-reach-20260903/corpus/elixir-1.20.4/lib/elixir/ebin/elixir_erl.beam	code
/home/aion/reach/elixir-reach-20260903/corpus/elixir-1.20.4/lib/elixir/ebin/elixir_erl.beam	compile
/home/aion/reach/elixir-reach-20260903/corpus/elixir-1.20.4/lib/elixir/ebin/elixir_erl.beam	elixir_config
/home/aion/reach/elixir-reach-20260903/corpus/elixir-1.20.4/lib/elixir/ebin/elixir_erl.beam	elixir_erl
/home/aion/reach/elixir-reach-20260903/corpus/elixir-1.20.4/lib/elixir/ebin/elixir_erl.beam	elixir_erl_clauses
/home/aion/reach/elixir-reach-20260903/corpus/elixir-1.20.4/lib/elixir/ebin/elixir_erl.beam	elixir_erl_compiler
/home/aion/reach/elixir-reach-20260903/corpus/elixir-1.20.4/lib/elixir/ebin/elixir_erl.beam	elixir_errors
/home/aion/reach/elixir-reach-20260903/corpus/elixir-1.20.4/lib/elixir/ebin/elixir_erl.beam	elixir_module
/home/aion/reach/elixir-reach-20260903/corpus/elixir-1.20.4/lib/elixir/ebin/elixir_erl.beam	elixir_utils
/home/aion/reach/elixir-reach-20260903/corpus/elixir-1.20.4/lib/elixir/ebin/elixir_erl.beam	erl_anno
/home/aion/reach/elixir-reach-20260903/corpus/elixir-1.20.4/lib/elixir/ebin/elixir_erl.beam	erl_eval
/home/aion/reach/elixir-reach-20260903/corpus/elixir-1.20.4/lib/elixir/ebin/elixir_erl.beam	erlang
/home/aion/reach/elixir-reach-20260903/corpus/elixir-1.20.4/lib/elixir/ebin/elixir_erl.beam	ets
/home/aion/reach/elixir-reach-20260903/corpus/elixir-1.20.4/lib/elixir/ebin/elixir_erl.beam	io_lib
/home/aion/reach/elixir-reach-20260903/corpus/elixir-1.20.4/lib/elixir/ebin/elixir_erl.beam	lists
/home/aion/reach/elixir-reach-20260903/corpus/elixir-1.20.4/lib/elixir/ebin/elixir_erl.beam	maps
/home/aion/reach/elixir-reach-20260903/corpus/elixir-1.20.4/lib/elixir/ebin/elixir_erl.beam	proplists
/home/aion/reach/elixir-reach-20260903/corpus/elixir-1.20.4/lib/elixir/ebin/elixir_erl_clauses.beam	elixir_erl
/home/aion/reach/elixir-reach-20260903/corpus/elixir-1.20.4/lib/elixir/ebin/elixir_erl_clauses.beam	elixir_erl_pass
/home/aion/reach/elixir-reach-20260903/corpus/elixir-1.20.4/lib/elixir/ebin/elixir_erl_clauses.beam	elixir_utils
/home/aion/reach/elixir-reach-20260903/corpus/elixir-1.20.4/lib/elixir/ebin/elixir_erl_clauses.beam	erlang
/home/aion/reach/elixir-reach-20260903/corpus/elixir-1.20.4/lib/elixir/ebin/elixir_erl_clauses.beam	lists
/home/aion/reach/elixir-reach-20260903/corpus/elixir-1.20.4/lib/elixir/ebin/elixir_erl_compiler.beam	beam_validator
/home/aion/reach/elixir-reach-20260903/corpus/elixir-1.20.4/lib/elixir/ebin/elixir_erl_compiler.beam	compile
/home/aion/reach/elixir-reach-20260903/corpus/elixir-1.20.4/lib/elixir/ebin/elixir_erl_compiler.beam	elixir_aliases
/home/aion/reach/elixir-reach-20260903/corpus/elixir-1.20.4/lib/elixir/ebin/elixir_erl_compiler.beam	elixir_errors
/home/aion/reach/elixir-reach-20260903/corpus/elixir-1.20.4/lib/elixir/ebin/elixir_erl_compiler.beam	elixir_utils
/home/aion/reach/elixir-reach-20260903/corpus/elixir-1.20.4/lib/elixir/ebin/elixir_erl_compiler.beam	erl_internal
/home/aion/reach/elixir-reach-20260903/corpus/elixir-1.20.4/lib/elixir/ebin/elixir_erl_compiler.beam	erlang
/home/aion/reach/elixir-reach-20260903/corpus/elixir-1.20.4/lib/elixir/ebin/elixir_erl_compiler.beam	io_lib
/home/aion/reach/elixir-reach-20260903/corpus/elixir-1.20.4/lib/elixir/ebin/elixir_erl_compiler.beam	lists
/home/aion/reach/elixir-reach-20260903/corpus/elixir-1.20.4/lib/elixir/ebin/elixir_erl_compiler.beam	persistent_term
/home/aion/reach/elixir-reach-20260903/corpus/elixir-1.20.4/lib/elixir/ebin/elixir_erl_compiler.beam	proplists
/home/aion/reach/elixir-reach-20260903/corpus/elixir-1.20.4/lib/elixir/ebin/elixir_erl_compiler.beam	v3_core
/home/aion/reach/elixir-reach-20260903/corpus/elixir-1.20.4/lib/elixir/ebin/elixir_erl_for.beam	elixir_erl
/home/aion/reach/elixir-reach-20260903/corpus/elixir-1.20.4/lib/elixir/ebin/elixir_erl_for.beam	elixir_erl_clauses
/home/aion/reach/elixir-reach-20260903/corpus/elixir-1.20.4/lib/elixir/ebin/elixir_erl_for.beam	elixir_erl_pass
/home/aion/reach/elixir-reach-20260903/corpus/elixir-1.20.4/lib/elixir/ebin/elixir_erl_for.beam	elixir_erl_var
/home/aion/reach/elixir-reach-20260903/corpus/elixir-1.20.4/lib/elixir/ebin/elixir_erl_for.beam	elixir_utils
/home/aion/reach/elixir-reach-20260903/corpus/elixir-1.20.4/lib/elixir/ebin/elixir_erl_for.beam	erl_anno
/home/aion/reach/elixir-reach-20260903/corpus/elixir-1.20.4/lib/elixir/ebin/elixir_erl_for.beam	erlang
/home/aion/reach/elixir-reach-20260903/corpus/elixir-1.20.4/lib/elixir/ebin/elixir_erl_for.beam	erts_internal
/home/aion/reach/elixir-reach-20260903/corpus/elixir-1.20.4/lib/elixir/ebin/elixir_erl_for.beam	lists
/home/aion/reach/elixir-reach-20260903/corpus/elixir-1.20.4/lib/elixir/ebin/elixir_erl_for.beam	maps
/home/aion/reach/elixir-reach-20260903/corpus/elixir-1.20.4/lib/elixir/ebin/elixir_erl_pass.beam	Elixir.IO
/home/aion/reach/elixir-reach-20260903/corpus/elixir-1.20.4/lib/elixir/ebin/elixir_erl_pass.beam	elixir_aliases
/home/aion/reach/elixir-reach-20260903/corpus/elixir-1.20.4/lib/elixir/ebin/elixir_erl_pass.beam	elixir_erl
/home/aion/reach/elixir-reach-20260903/corpus/elixir-1.20.4/lib/elixir/ebin/elixir_erl_pass.beam	elixir_erl_clauses
/home/aion/reach/elixir-reach-20260903/corpus/elixir-1.20.4/lib/elixir/ebin/elixir_erl_pass.beam	elixir_erl_for
/home/aion/reach/elixir-reach-20260903/corpus/elixir-1.20.4/lib/elixir/ebin/elixir_erl_pass.beam	elixir_erl_try
/home/aion/reach/elixir-reach-20260903/corpus/elixir-1.20.4/lib/elixir/ebin/elixir_erl_pass.beam	elixir_erl_var
/home/aion/reach/elixir-reach-20260903/corpus/elixir-1.20.4/lib/elixir/ebin/elixir_erl_pass.beam	elixir_utils
/home/aion/reach/elixir-reach-20260903/corpus/elixir-1.20.4/lib/elixir/ebin/elixir_erl_pass.beam	erl_anno
/home/aion/reach/elixir-reach-20260903/corpus/elixir-1.20.4/lib/elixir/ebin/elixir_erl_pass.beam	erlang
/home/aion/reach/elixir-reach-20260903/corpus/elixir-1.20.4/lib/elixir/ebin/elixir_erl_pass.beam	io_lib
/home/aion/reach/elixir-reach-20260903/corpus/elixir-1.20.4/lib/elixir/ebin/elixir_erl_pass.beam	lists
/home/aion/reach/elixir-reach-20260903/corpus/elixir-1.20.4/lib/elixir/ebin/elixir_erl_pass.beam	proplists
/home/aion/reach/elixir-reach-20260903/corpus/elixir-1.20.4/lib/elixir/ebin/elixir_erl_try.beam	elixir_erl
/home/aion/reach/elixir-reach-20260903/corpus/elixir-1.20.4/lib/elixir/ebin/elixir_erl_try.beam	elixir_erl_clauses
/home/aion/reach/elixir-reach-20260903/corpus/elixir-1.20.4/lib/elixir/ebin/elixir_erl_try.beam	elixir_erl_var
/home/aion/reach/elixir-reach-20260903/corpus/elixir-1.20.4/lib/elixir/ebin/elixir_erl_try.beam	elixir_utils
/home/aion/reach/elixir-reach-20260903/corpus/elixir-1.20.4/lib/elixir/ebin/elixir_erl_try.beam	erlang
/home/aion/reach/elixir-reach-20260903/corpus/elixir-1.20.4/lib/elixir/ebin/elixir_erl_try.beam	lists
/home/aion/reach/elixir-reach-20260903/corpus/elixir-1.20.4/lib/elixir/ebin/elixir_erl_var.beam	elixir_erl
/home/aion/reach/elixir-reach-20260903/corpus/elixir-1.20.4/lib/elixir/ebin/elixir_erl_var.beam	erlang
/home/aion/reach/elixir-reach-20260903/corpus/elixir-1.20.4/lib/elixir/ebin/elixir_erl_var.beam	lists
/home/aion/reach/elixir-reach-20260903/corpus/elixir-1.20.4/lib/elixir/ebin/elixir_erl_var.beam	maps
/home/aion/reach/elixir-reach-20260903/corpus/elixir-1.20.4/lib/elixir/ebin/elixir_errors.beam	Elixir.Exception
/home/aion/reach/elixir-reach-20260903/corpus/elixir-1.20.4/lib/elixir/ebin/elixir_errors.beam	application
/home/aion/reach/elixir-reach-20260903/corpus/elixir-1.20.4/lib/elixir/ebin/elixir_errors.beam	binary
/home/aion/reach/elixir-reach-20260903/corpus/elixir-1.20.4/lib/elixir/ebin/elixir_errors.beam	elixir_aliases
/home/aion/reach/elixir-reach-20260903/corpus/elixir-1.20.4/lib/elixir/ebin/elixir_errors.beam	elixir_config
/home/aion/reach/elixir-reach-20260903/corpus/elixir-1.20.4/lib/elixir/ebin/elixir_errors.beam	elixir_module
/home/aion/reach/elixir-reach-20260903/corpus/elixir-1.20.4/lib/elixir/ebin/elixir_errors.beam	elixir_utils
/home/aion/reach/elixir-reach-20260903/corpus/elixir-1.20.4/lib/elixir/ebin/elixir_errors.beam	erl_parse
/home/aion/reach/elixir-reach-20260903/corpus/elixir-1.20.4/lib/elixir/ebin/elixir_errors.beam	erl_scan
/home/aion/reach/elixir-reach-20260903/corpus/elixir-1.20.4/lib/elixir/ebin/elixir_errors.beam	erlang
/home/aion/reach/elixir-reach-20260903/corpus/elixir-1.20.4/lib/elixir/ebin/elixir_errors.beam	file
/home/aion/reach/elixir-reach-20260903/corpus/elixir-1.20.4/lib/elixir/ebin/elixir_errors.beam	io
/home/aion/reach/elixir-reach-20260903/corpus/elixir-1.20.4/lib/elixir/ebin/elixir_errors.beam	io_lib
/home/aion/reach/elixir-reach-20260903/corpus/elixir-1.20.4/lib/elixir/ebin/elixir_errors.beam	lists
/home/aion/reach/elixir-reach-20260903/corpus/elixir-1.20.4/lib/elixir/ebin/elixir_errors.beam	proplists
/home/aion/reach/elixir-reach-20260903/corpus/elixir-1.20.4/lib/elixir/ebin/elixir_errors.beam	string
/home/aion/reach/elixir-reach-20260903/corpus/elixir-1.20.4/lib/elixir/ebin/elixir_errors.beam	unicode
/home/aion/reach/elixir-reach-20260903/corpus/elixir-1.20.4/lib/elixir/ebin/elixir_expand.beam	Elixir.Kernel
/home/aion/reach/elixir-reach-20260903/corpus/elixir-1.20.4/lib/elixir/ebin/elixir_expand.beam	Elixir.Kernel.LexicalTracker
/home/aion/reach/elixir-reach-20260903/corpus/elixir-1.20.4/lib/elixir/ebin/elixir_expand.beam	Elixir.Macro
/home/aion/reach/elixir-reach-20260903/corpus/elixir-1.20.4/lib/elixir/ebin/elixir_expand.beam	Elixir.UndefinedFunctionError
/home/aion/reach/elixir-reach-20260903/corpus/elixir-1.20.4/lib/elixir/ebin/elixir_expand.beam	code
/home/aion/reach/elixir-reach-20260903/corpus/elixir-1.20.4/lib/elixir/ebin/elixir_expand.beam	elixir_aliases
/home/aion/reach/elixir-reach-20260903/corpus/elixir-1.20.4/lib/elixir/ebin/elixir_expand.beam	elixir_bitstring
/home/aion/reach/elixir-reach-20260903/corpus/elixir-1.20.4/lib/elixir/ebin/elixir_expand.beam	elixir_clauses
/home/aion/reach/elixir-reach-20260903/corpus/elixir-1.20.4/lib/elixir/ebin/elixir_expand.beam	elixir_config
/home/aion/reach/elixir-reach-20260903/corpus/elixir-1.20.4/lib/elixir/ebin/elixir_expand.beam	elixir_dispatch
/home/aion/reach/elixir-reach-20260903/corpus/elixir-1.20.4/lib/elixir/ebin/elixir_expand.beam	elixir_env
/home/aion/reach/elixir-reach-20260903/corpus/elixir-1.20.4/lib/elixir/ebin/elixir_expand.beam	elixir_errors
/home/aion/reach/elixir-reach-20260903/corpus/elixir-1.20.4/lib/elixir/ebin/elixir_expand.beam	elixir_fn
/home/aion/reach/elixir-reach-20260903/corpus/elixir-1.20.4/lib/elixir/ebin/elixir_expand.beam	elixir_import
/home/aion/reach/elixir-reach-20260903/corpus/elixir-1.20.4/lib/elixir/ebin/elixir_expand.beam	elixir_map
/home/aion/reach/elixir-reach-20260903/corpus/elixir-1.20.4/lib/elixir/ebin/elixir_expand.beam	elixir_overridable
/home/aion/reach/elixir-reach-20260903/corpus/elixir-1.20.4/lib/elixir/ebin/elixir_expand.beam	elixir_quote
/home/aion/reach/elixir-reach-20260903/corpus/elixir-1.20.4/lib/elixir/ebin/elixir_expand.beam	elixir_rewrite
/home/aion/reach/elixir-reach-20260903/corpus/elixir-1.20.4/lib/elixir/ebin/elixir_expand.beam	elixir_utils
/home/aion/reach/elixir-reach-20260903/corpus/elixir-1.20.4/lib/elixir/ebin/elixir_expand.beam	erlang
/home/aion/reach/elixir-reach-20260903/corpus/elixir-1.20.4/lib/elixir/ebin/elixir_expand.beam	filename
/home/aion/reach/elixir-reach-20260903/corpus/elixir-1.20.4/lib/elixir/ebin/elixir_expand.beam	io_lib
/home/aion/reach/elixir-reach-20260903/corpus/elixir-1.20.4/lib/elixir/ebin/elixir_expand.beam	lists
/home/aion/reach/elixir-reach-20260903/corpus/elixir-1.20.4/lib/elixir/ebin/elixir_expand.beam	maps
/home/aion/reach/elixir-reach-20260903/corpus/elixir-1.20.4/lib/elixir/ebin/elixir_expand.beam	proplists
/home/aion/reach/elixir-reach-20260903/corpus/elixir-1.20.4/lib/elixir/ebin/elixir_expand.beam	string
/home/aion/reach/elixir-reach-20260903/corpus/elixir-1.20.4/lib/elixir/ebin/elixir_fn.beam	Elixir.Macro
/home/aion/reach/elixir-reach-20260903/corpus/elixir-1.20.4/lib/elixir/ebin/elixir_fn.beam	elixir_clauses
/home/aion/reach/elixir-reach-20260903/corpus/elixir-1.20.4/lib/elixir/ebin/elixir_fn.beam	elixir_dispatch
/home/aion/reach/elixir-reach-20260903/corpus/elixir-1.20.4/lib/elixir/ebin/elixir_fn.beam	elixir_env
/home/aion/reach/elixir-reach-20260903/corpus/elixir-1.20.4/lib/elixir/ebin/elixir_fn.beam	elixir_errors
/home/aion/reach/elixir-reach-20260903/corpus/elixir-1.20.4/lib/elixir/ebin/elixir_fn.beam	elixir_expand
/home/aion/reach/elixir-reach-20260903/corpus/elixir-1.20.4/lib/elixir/ebin/elixir_fn.beam	elixir_module
/home/aion/reach/elixir-reach-20260903/corpus/elixir-1.20.4/lib/elixir/ebin/elixir_fn.beam	erlang
/home/aion/reach/elixir-reach-20260903/corpus/elixir-1.20.4/lib/elixir/ebin/elixir_fn.beam	io_lib
/home/aion/reach/elixir-reach-20260903/corpus/elixir-1.20.4/lib/elixir/ebin/elixir_fn.beam	lists
/home/aion/reach/elixir-reach-20260903/corpus/elixir-1.20.4/lib/elixir/ebin/elixir_fn.beam	orddict
/home/aion/reach/elixir-reach-20260903/corpus/elixir-1.20.4/lib/elixir/ebin/elixir_import.beam	Elixir.Macro
/home/aion/reach/elixir-reach-20260903/corpus/elixir-1.20.4/lib/elixir/ebin/elixir_import.beam	elixir_aliases
/home/aion/reach/elixir-reach-20260903/corpus/elixir-1.20.4/lib/elixir/ebin/elixir_import.beam	elixir_env
/home/aion/reach/elixir-reach-20260903/corpus/elixir-1.20.4/lib/elixir/ebin/elixir_import.beam	elixir_errors
/home/aion/reach/elixir-reach-20260903/corpus/elixir-1.20.4/lib/elixir/ebin/elixir_import.beam	elixir_module
/home/aion/reach/elixir-reach-20260903/corpus/elixir-1.20.4/lib/elixir/ebin/elixir_import.beam	erlang
/home/aion/reach/elixir-reach-20260903/corpus/elixir-1.20.4/lib/elixir/ebin/elixir_import.beam	ets
/home/aion/reach/elixir-reach-20260903/corpus/elixir-1.20.4/lib/elixir/ebin/elixir_import.beam	io_lib
/home/aion/reach/elixir-reach-20260903/corpus/elixir-1.20.4/lib/elixir/ebin/elixir_import.beam	lists
/home/aion/reach/elixir-reach-20260903/corpus/elixir-1.20.4/lib/elixir/ebin/elixir_import.beam	ordsets
/home/aion/reach/elixir-reach-20260903/corpus/elixir-1.20.4/lib/elixir/ebin/elixir_interpolation.beam	Elixir.ArgumentError
/home/aion/reach/elixir-reach-20260903/corpus/elixir-1.20.4/lib/elixir/ebin/elixir_interpolation.beam	elixir_tokenizer
/home/aion/reach/elixir-reach-20260903/corpus/elixir-1.20.4/lib/elixir/ebin/elixir_interpolation.beam	elixir_utils
/home/aion/reach/elixir-reach-20260903/corpus/elixir-1.20.4/lib/elixir/ebin/elixir_interpolation.beam	erlang
/home/aion/reach/elixir-reach-20260903/corpus/elixir-1.20.4/lib/elixir/ebin/elixir_interpolation.beam	io_lib
/home/aion/reach/elixir-reach-20260903/corpus/elixir-1.20.4/lib/elixir/ebin/elixir_interpolation.beam	lists
/home/aion/reach/elixir-reach-20260903/corpus/elixir-1.20.4/lib/elixir/ebin/elixir_interpolation.beam	unicode_util
/home/aion/reach/elixir-reach-20260903/corpus/elixir-1.20.4/lib/elixir/ebin/elixir_lexical.beam	Elixir.Kernel.LexicalTracker
/home/aion/reach/elixir-reach-20260903/corpus/elixir-1.20.4/lib/elixir/ebin/elixir_lexical.beam	elixir_aliases
/home/aion/reach/elixir-reach-20260903/corpus/elixir-1.20.4/lib/elixir/ebin/elixir_lexical.beam	elixir_config
/home/aion/reach/elixir-reach-20260903/corpus/elixir-1.20.4/lib/elixir/ebin/elixir_lexical.beam	elixir_env
/home/aion/reach/elixir-reach-20260903/corpus/elixir-1.20.4/lib/elixir/ebin/elixir_lexical.beam	elixir_errors
/home/aion/reach/elixir-reach-20260903/corpus/elixir-1.20.4/lib/elixir/ebin/elixir_lexical.beam	erlang
/home/aion/reach/elixir-reach-20260903/corpus/elixir-1.20.4/lib/elixir/ebin/elixir_lexical.beam	io_lib
/home/aion/reach/elixir-reach-20260903/corpus/elixir-1.20.4/lib/elixir/ebin/elixir_lexical.beam	lists
/home/aion/reach/elixir-reach-20260903/corpus/elixir-1.20.4/lib/elixir/ebin/elixir_lexical.beam	maps
/home/aion/reach/elixir-reach-20260903/corpus/elixir-1.20.4/lib/elixir/ebin/elixir_map.beam	Elixir.Kernel
/home/aion/reach/elixir-reach-20260903/corpus/elixir-1.20.4/lib/elixir/ebin/elixir_map.beam	Elixir.Kernel.ErrorHandler
/home/aion/reach/elixir-reach-20260903/corpus/elixir-1.20.4/lib/elixir/ebin/elixir_map.beam	Elixir.Macro
/home/aion/reach/elixir-reach-20260903/corpus/elixir-1.20.4/lib/elixir/ebin/elixir_map.beam	code
/home/aion/reach/elixir-reach-20260903/corpus/elixir-1.20.4/lib/elixir/ebin/elixir_map.beam	elixir_aliases
/home/aion/reach/elixir-reach-20260903/corpus/elixir-1.20.4/lib/elixir/ebin/elixir_map.beam	elixir_def
/home/aion/reach/elixir-reach-20260903/corpus/elixir-1.20.4/lib/elixir/ebin/elixir_map.beam	elixir_env
/home/aion/reach/elixir-reach-20260903/corpus/elixir-1.20.4/lib/elixir/ebin/elixir_map.beam	elixir_errors
/home/aion/reach/elixir-reach-20260903/corpus/elixir-1.20.4/lib/elixir/ebin/elixir_map.beam	elixir_expand
/home/aion/reach/elixir-reach-20260903/corpus/elixir-1.20.4/lib/elixir/ebin/elixir_map.beam	elixir_module
/home/aion/reach/elixir-reach-20260903/corpus/elixir-1.20.4/lib/elixir/ebin/elixir_map.beam	elixir_quote
/home/aion/reach/elixir-reach-20260903/corpus/elixir-1.20.4/lib/elixir/ebin/elixir_map.beam	elixir_utils
/home/aion/reach/elixir-reach-20260903/corpus/elixir-1.20.4/lib/elixir/ebin/elixir_map.beam	erlang
/home/aion/reach/elixir-reach-20260903/corpus/elixir-1.20.4/lib/elixir/ebin/elixir_map.beam	ets
/home/aion/reach/elixir-reach-20260903/corpus/elixir-1.20.4/lib/elixir/ebin/elixir_map.beam	io_lib
/home/aion/reach/elixir-reach-20260903/corpus/elixir-1.20.4/lib/elixir/ebin/elixir_map.beam	lists
/home/aion/reach/elixir-reach-20260903/corpus/elixir-1.20.4/lib/elixir/ebin/elixir_map.beam	maps
/home/aion/reach/elixir-reach-20260903/corpus/elixir-1.20.4/lib/elixir/ebin/elixir_module.beam	Elixir.ArgumentError
/home/aion/reach/elixir-reach-20260903/corpus/elixir-1.20.4/lib/elixir/ebin/elixir_module.beam	Elixir.Kernel
/home/aion/reach/elixir-reach-20260903/corpus/elixir-1.20.4/lib/elixir/ebin/elixir_module.beam	Elixir.Module
/home/aion/reach/elixir-reach-20260903/corpus/elixir-1.20.4/lib/elixir/ebin/elixir_module.beam	Elixir.Module.ParallelChecker
/home/aion/reach/elixir-reach-20260903/corpus/elixir-1.20.4/lib/elixir/ebin/elixir_module.beam	Elixir.Module.Types
/home/aion/reach/elixir-reach-20260903/corpus/elixir-1.20.4/lib/elixir/ebin/elixir_module.beam	Elixir.UndefinedFunctionError
/home/aion/reach/elixir-reach-20260903/corpus/elixir-1.20.4/lib/elixir/ebin/elixir_module.beam	code
/home/aion/reach/elixir-reach-20260903/corpus/elixir-1.20.4/lib/elixir/ebin/elixir_module.beam	elixir
/home/aion/reach/elixir-reach-20260903/corpus/elixir-1.20.4/lib/elixir/ebin/elixir_module.beam	elixir_aliases
/home/aion/reach/elixir-reach-20260903/corpus/elixir-1.20.4/lib/elixir/ebin/elixir_module.beam	elixir_code_server
/home/aion/reach/elixir-reach-20260903/corpus/elixir-1.20.4/lib/elixir/ebin/elixir_module.beam	elixir_compiler
/home/aion/reach/elixir-reach-20260903/corpus/elixir-1.20.4/lib/elixir/ebin/elixir_module.beam	elixir_config
/home/aion/reach/elixir-reach-20260903/corpus/elixir-1.20.4/lib/elixir/ebin/elixir_module.beam	elixir_def
/home/aion/reach/elixir-reach-20260903/corpus/elixir-1.20.4/lib/elixir/ebin/elixir_module.beam	elixir_dispatch
/home/aion/reach/elixir-reach-20260903/corpus/elixir-1.20.4/lib/elixir/ebin/elixir_module.beam	elixir_env
/home/aion/reach/elixir-reach-20260903/corpus/elixir-1.20.4/lib/elixir/ebin/elixir_module.beam	elixir_erl
/home/aion/reach/elixir-reach-20260903/corpus/elixir-1.20.4/lib/elixir/ebin/elixir_module.beam	elixir_erl_compiler
/home/aion/reach/elixir-reach-20260903/corpus/elixir-1.20.4/lib/elixir/ebin/elixir_module.beam	elixir_errors
/home/aion/reach/elixir-reach-20260903/corpus/elixir-1.20.4/lib/elixir/ebin/elixir_module.beam	elixir_import
/home/aion/reach/elixir-reach-20260903/corpus/elixir-1.20.4/lib/elixir/ebin/elixir_module.beam	elixir_lexical
/home/aion/reach/elixir-reach-20260903/corpus/elixir-1.20.4/lib/elixir/ebin/elixir_module.beam	elixir_overridable
/home/aion/reach/elixir-reach-20260903/corpus/elixir-1.20.4/lib/elixir/ebin/elixir_module.beam	elixir_utils
/home/aion/reach/elixir-reach-20260903/corpus/elixir-1.20.4/lib/elixir/ebin/elixir_module.beam	erl_anno
/home/aion/reach/elixir-reach-20260903/corpus/elixir-1.20.4/lib/elixir/ebin/elixir_module.beam	erlang
/home/aion/reach/elixir-reach-20260903/corpus/elixir-1.20.4/lib/elixir/ebin/elixir_module.beam	ets
/home/aion/reach/elixir-reach-20260903/corpus/elixir-1.20.4/lib/elixir/ebin/elixir_module.beam	filename
/home/aion/reach/elixir-reach-20260903/corpus/elixir-1.20.4/lib/elixir/ebin/elixir_module.beam	io_lib
/home/aion/reach/elixir-reach-20260903/corpus/elixir-1.20.4/lib/elixir/ebin/elixir_module.beam	lists
/home/aion/reach/elixir-reach-20260903/corpus/elixir-1.20.4/lib/elixir/ebin/elixir_module.beam	maps
/home/aion/reach/elixir-reach-20260903/corpus/elixir-1.20.4/lib/elixir/ebin/elixir_module.beam	proplists
/home/aion/reach/elixir-reach-20260903/corpus/elixir-1.20.4/lib/elixir/ebin/elixir_overridable.beam	Elixir.Enum
/home/aion/reach/elixir-reach-20260903/corpus/elixir-1.20.4/lib/elixir/ebin/elixir_overridable.beam	Elixir.Macro
/home/aion/reach/elixir-reach-20260903/corpus/elixir-1.20.4/lib/elixir/ebin/elixir_overridable.beam	elixir_aliases
/home/aion/reach/elixir-reach-20260903/corpus/elixir-1.20.4/lib/elixir/ebin/elixir_overridable.beam	elixir_def
/home/aion/reach/elixir-reach-20260903/corpus/elixir-1.20.4/lib/elixir/ebin/elixir_overridable.beam	elixir_errors
/home/aion/reach/elixir-reach-20260903/corpus/elixir-1.20.4/lib/elixir/ebin/elixir_overridable.beam	elixir_module
/home/aion/reach/elixir-reach-20260903/corpus/elixir-1.20.4/lib/elixir/ebin/elixir_overridable.beam	erlang
/home/aion/reach/elixir-reach-20260903/corpus/elixir-1.20.4/lib/elixir/ebin/elixir_overridable.beam	ets
/home/aion/reach/elixir-reach-20260903/corpus/elixir-1.20.4/lib/elixir/ebin/elixir_overridable.beam	io_lib
/home/aion/reach/elixir-reach-20260903/corpus/elixir-1.20.4/lib/elixir/ebin/elixir_overridable.beam	lists
/home/aion/reach/elixir-reach-20260903/corpus/elixir-1.20.4/lib/elixir/ebin/elixir_parser.beam	elixir_tokenizer
/home/aion/reach/elixir-reach-20260903/corpus/elixir-1.20.4/lib/elixir/ebin/elixir_parser.beam	elixir_utils
/home/aion/reach/elixir-reach-20260903/corpus/elixir-1.20.4/lib/elixir/ebin/elixir_parser.beam	erl_anno
/home/aion/reach/elixir-reach-20260903/corpus/elixir-1.20.4/lib/elixir/ebin/elixir_parser.beam	erl_scan
/home/aion/reach/elixir-reach-20260903/corpus/elixir-1.20.4/lib/elixir/ebin/elixir_parser.beam	erlang
/home/aion/reach/elixir-reach-20260903/corpus/elixir-1.20.4/lib/elixir/ebin/elixir_parser.beam	io_lib
/home/aion/reach/elixir-reach-20260903/corpus/elixir-1.20.4/lib/elixir/ebin/elixir_parser.beam	lists
/home/aion/reach/elixir-reach-20260903/corpus/elixir-1.20.4/lib/elixir/ebin/elixir_quote.beam	Elixir.ArgumentError
/home/aion/reach/elixir-reach-20260903/corpus/elixir-1.20.4/lib/elixir/ebin/elixir_quote.beam	Elixir.Kernel
/home/aion/reach/elixir-reach-20260903/corpus/elixir-1.20.4/lib/elixir/ebin/elixir_quote.beam	Elixir.Macro
/home/aion/reach/elixir-reach-20260903/corpus/elixir-1.20.4/lib/elixir/ebin/elixir_quote.beam	code
/home/aion/reach/elixir-reach-20260903/corpus/elixir-1.20.4/lib/elixir/ebin/elixir_quote.beam	elixir_aliases
/home/aion/reach/elixir-reach-20260903/corpus/elixir-1.20.4/lib/elixir/ebin/elixir_quote.beam	elixir_dispatch
/home/aion/reach/elixir-reach-20260903/corpus/elixir-1.20.4/lib/elixir/ebin/elixir_quote.beam	elixir_env
/home/aion/reach/elixir-reach-20260903/corpus/elixir-1.20.4/lib/elixir/ebin/elixir_quote.beam	elixir_utils
/home/aion/reach/elixir-reach-20260903/corpus/elixir-1.20.4/lib/elixir/ebin/elixir_quote.beam	erlang
/home/aion/reach/elixir-reach-20260903/corpus/elixir-1.20.4/lib/elixir/ebin/elixir_quote.beam	lists
/home/aion/reach/elixir-reach-20260903/corpus/elixir-1.20.4/lib/elixir/ebin/elixir_quote.beam	maps
/home/aion/reach/elixir-reach-20260903/corpus/elixir-1.20.4/lib/elixir/ebin/elixir_rewrite.beam	Elixir.Macro
/home/aion/reach/elixir-reach-20260903/corpus/elixir-1.20.4/lib/elixir/ebin/elixir_rewrite.beam	elixir_utils
/home/aion/reach/elixir-reach-20260903/corpus/elixir-1.20.4/lib/elixir/ebin/elixir_rewrite.beam	erl_internal
/home/aion/reach/elixir-reach-20260903/corpus/elixir-1.20.4/lib/elixir/ebin/elixir_rewrite.beam	erlang
/home/aion/reach/elixir-reach-20260903/corpus/elixir-1.20.4/lib/elixir/ebin/elixir_rewrite.beam	io_lib
/home/aion/reach/elixir-reach-20260903/corpus/elixir-1.20.4/lib/elixir/ebin/elixir_rewrite.beam	lists
/home/aion/reach/elixir-reach-20260903/corpus/elixir-1.20.4/lib/elixir/ebin/elixir_sup.beam	erlang
/home/aion/reach/elixir-reach-20260903/corpus/elixir-1.20.4/lib/elixir/ebin/elixir_sup.beam	supervisor
/home/aion/reach/elixir-reach-20260903/corpus/elixir-1.20.4/lib/elixir/ebin/elixir_tokenizer.beam	Elixir.String.Tokenizer.Security
/home/aion/reach/elixir-reach-20260903/corpus/elixir-1.20.4/lib/elixir/ebin/elixir_tokenizer.beam	elixir_config
/home/aion/reach/elixir-reach-20260903/corpus/elixir-1.20.4/lib/elixir/ebin/elixir_tokenizer.beam	elixir_errors
/home/aion/reach/elixir-reach-20260903/corpus/elixir-1.20.4/lib/elixir/ebin/elixir_tokenizer.beam	elixir_interpolation
/home/aion/reach/elixir-reach-20260903/corpus/elixir-1.20.4/lib/elixir/ebin/elixir_tokenizer.beam	elixir_utils
/home/aion/reach/elixir-reach-20260903/corpus/elixir-1.20.4/lib/elixir/ebin/elixir_tokenizer.beam	erlang
/home/aion/reach/elixir-reach-20260903/corpus/elixir-1.20.4/lib/elixir/ebin/elixir_tokenizer.beam	io_lib
/home/aion/reach/elixir-reach-20260903/corpus/elixir-1.20.4/lib/elixir/ebin/elixir_tokenizer.beam	lists
/home/aion/reach/elixir-reach-20260903/corpus/elixir-1.20.4/lib/elixir/ebin/elixir_tokenizer.beam	unicode
/home/aion/reach/elixir-reach-20260903/corpus/elixir-1.20.4/lib/elixir/ebin/elixir_utils.beam	Elixir.Path
/home/aion/reach/elixir-reach-20260903/corpus/elixir-1.20.4/lib/elixir/ebin/elixir_utils.beam	Elixir.UnicodeConversionError
/home/aion/reach/elixir-reach-20260903/corpus/elixir-1.20.4/lib/elixir/ebin/elixir_utils.beam	elixir_aliases
/home/aion/reach/elixir-reach-20260903/corpus/elixir-1.20.4/lib/elixir/ebin/elixir_utils.beam	elixir_config
/home/aion/reach/elixir-reach-20260903/corpus/elixir-1.20.4/lib/elixir/ebin/elixir_utils.beam	elixir_utils
/home/aion/reach/elixir-reach-20260903/corpus/elixir-1.20.4/lib/elixir/ebin/elixir_utils.beam	erl_internal
/home/aion/reach/elixir-reach-20260903/corpus/elixir-1.20.4/lib/elixir/ebin/elixir_utils.beam	erlang
/home/aion/reach/elixir-reach-20260903/corpus/elixir-1.20.4/lib/elixir/ebin/elixir_utils.beam	file
/home/aion/reach/elixir-reach-20260903/corpus/elixir-1.20.4/lib/elixir/ebin/elixir_utils.beam	io_lib
/home/aion/reach/elixir-reach-20260903/corpus/elixir-1.20.4/lib/elixir/ebin/elixir_utils.beam	lists
/home/aion/reach/elixir-reach-20260903/corpus/elixir-1.20.4/lib/elixir/ebin/elixir_utils.beam	unicode
/home/aion/reach/elixir-reach-20260903/corpus/elixir-1.20.4/lib/elixir/ebin/iex.beam	Elixir.IEx.Server
/home/aion/reach/elixir-reach-20260903/corpus/elixir-1.20.4/lib/elixir/ebin/iex.beam	application
/home/aion/reach/elixir-reach-20260903/corpus/elixir-1.20.4/lib/elixir/ebin/iex.beam	elixir
/home/aion/reach/elixir-reach-20260903/corpus/elixir-1.20.4/lib/elixir/ebin/iex.beam	elixir_utils
/home/aion/reach/elixir-reach-20260903/corpus/elixir-1.20.4/lib/elixir/ebin/iex.beam	erlang
/home/aion/reach/elixir-reach-20260903/corpus/elixir-1.20.4/lib/elixir/ebin/iex.beam	init
/home/aion/reach/elixir-reach-20260903/corpus/elixir-1.20.4/lib/elixir/ebin/iex.beam	io
