    Checking beamr v0.18.2 (/Users/tom/Developer/ablative/stack/beamr/crates/beamr)
error[E0433]: cannot find module or crate `std` in this scope
 --> crates/beamr/src/ets/bag.rs:1:5
  |
1 | use std::sync::Arc;
  |     ^^^ use of unresolved module or unlinked crate `std`
  |
  = help: if you wanted to use a crate named `std`, use `cargo add std` to add it to your `Cargo.toml`

error[E0433]: cannot find module or crate `std` in this scope
 --> crates/beamr/src/ets/ordered_set.rs:3:5
  |
3 | use std::{
  |     ^^^ use of unresolved module or unlinked crate `std`
  |
  = help: if you wanted to use a crate named `std`, use `cargo add std` to add it to your `Cargo.toml`

error[E0433]: cannot find module or crate `std` in this scope
  --> crates/beamr/src/ets/owned_key.rs:10:5
   |
10 | use std::borrow::Borrow;
   |     ^^^ use of unresolved module or unlinked crate `std`
   |
   = help: if you wanted to use a crate named `std`, use `cargo add std` to add it to your `Cargo.toml`

error[E0433]: cannot find module or crate `std` in this scope
  --> crates/beamr/src/ets/owned_key.rs:11:5
   |
11 | use std::cmp::Ordering;
   |     ^^^ use of unresolved module or unlinked crate `std`
   |
   = help: if you wanted to use a crate named `std`, use `cargo add std` to add it to your `Cargo.toml`

error[E0433]: cannot find module or crate `std` in this scope
  --> crates/beamr/src/ets/owned_key.rs:12:5
   |
12 | use std::hash::{Hash, Hasher};
   |     ^^^ use of unresolved module or unlinked crate `std`
   |
   = help: if you wanted to use a crate named `std`, use `cargo add std` to add it to your `Cargo.toml`

error[E0433]: cannot find module or crate `std` in this scope
  --> crates/beamr/src/ets/owned_key.rs:13:5
   |
13 | use std::sync::Arc;
   |     ^^^ use of unresolved module or unlinked crate `std`
   |
   = help: if you wanted to use a crate named `std`, use `cargo add std` to add it to your `Cargo.toml`

error[E0433]: cannot find module or crate `std` in this scope
 --> crates/beamr/src/ets/set.rs:3:5
  |
3 | use std::sync::Arc;
  |     ^^^ use of unresolved module or unlinked crate `std`
  |
  = help: if you wanted to use a crate named `std`, use `cargo add std` to add it to your `Cargo.toml`

error[E0433]: cannot find module or crate `std` in this scope
  --> crates/beamr/src/ets/mod.rs:13:5
   |
13 | use std::sync::Arc;
   |     ^^^ use of unresolved module or unlinked crate `std`
   |
   = help: if you wanted to use a crate named `std`, use `cargo add std` to add it to your `Cargo.toml`

error[E0433]: cannot find module or crate `std` in this scope
  --> crates/beamr/src/ets/mod.rs:14:5
   |
14 | use std::sync::atomic::{AtomicU64, Ordering};
   |     ^^^ use of unresolved module or unlinked crate `std`
   |
   = help: if you wanted to use a crate named `std`, use `cargo add std` to add it to your `Cargo.toml`

error[E0433]: cannot find module or crate `std` in this scope
 --> crates/beamr/src/gc/major.rs:7:5
  |
7 | use std::collections::VecDeque;
  |     ^^^ use of unresolved module or unlinked crate `std`
  |
  = help: if you wanted to use a crate named `std`, use `cargo add std` to add it to your `Cargo.toml`

error[E0433]: cannot find module or crate `std` in this scope
 --> crates/beamr/src/gc/minor.rs:7:5
  |
7 | use std::collections::VecDeque;
  |     ^^^ use of unresolved module or unlinked crate `std`
  |
  = help: if you wanted to use a crate named `std`, use `cargo add std` to add it to your `Cargo.toml`

error[E0433]: cannot find module or crate `std` in this scope
 --> crates/beamr/src/interpreter/opcodes/exceptions.rs:3:5
  |
3 | use std::sync::Arc;
  |     ^^^ use of unresolved module or unlinked crate `std`
  |
  = help: if you wanted to use a crate named `std`, use `cargo add std` to add it to your `Cargo.toml`

error[E0433]: cannot find module or crate `std` in this scope
 --> crates/beamr/src/interpreter/opcodes/guards.rs:3:5
  |
3 | use std::cmp::Ordering;
  |     ^^^ use of unresolved module or unlinked crate `std`
  |
  = help: if you wanted to use a crate named `std`, use `cargo add std` to add it to your `Cargo.toml`

error[E0433]: cannot find module or crate `std` in this scope
  --> crates/beamr/src/interpreter/opcodes/messaging.rs:11:5
   |
11 | use std::sync::{Arc, Mutex};
   |     ^^^ use of unresolved module or unlinked crate `std`
   |
   = help: if you wanted to use a crate named `std`, use `cargo add std` to add it to your `Cargo.toml`

error[E0433]: cannot find module or crate `std` in this scope
 --> crates/beamr/src/interpreter/opcodes/trampoline.rs:8:5
  |
8 | use std::sync::Arc;
  |     ^^^ use of unresolved module or unlinked crate `std`
  |
  = help: if you wanted to use a crate named `std`, use `cargo add std` to add it to your `Cargo.toml`

error[E0433]: cannot find module or crate `std` in this scope
  --> crates/beamr/src/interpreter/opcodes/mod.rs:19:5
   |
19 | use std::sync::{Arc, Mutex};
   |     ^^^ use of unresolved module or unlinked crate `std`
   |
   = help: if you wanted to use a crate named `std`, use `cargo add std` to add it to your `Cargo.toml`

error[E0433]: cannot find module or crate `std` in this scope
 --> crates/beamr/src/loader/validate.rs:9:5
  |
9 | use std::collections::{HashMap, HashSet};
  |     ^^^ use of unresolved module or unlinked crate `std`
  |
  = help: if you wanted to use a crate named `std`, use `cargo add std` to add it to your `Cargo.toml`

error[E0433]: cannot find module or crate `std` in this scope
 --> crates/beamr/src/native/bifs.rs:8:5
  |
8 | use std::cmp::Ordering;
  |     ^^^ use of unresolved module or unlinked crate `std`
  |
  = help: if you wanted to use a crate named `std`, use `cargo add std` to add it to your `Cargo.toml`

error[E0433]: cannot find module or crate `std` in this scope
 --> crates/beamr/src/native/bifs.rs:9:5
  |
9 | use std::time::Duration;
  |     ^^^ use of unresolved module or unlinked crate `std`
  |
  = help: if you wanted to use a crate named `std`, use `cargo add std` to add it to your `Cargo.toml`

error[E0433]: cannot find module or crate `std` in this scope
  --> crates/beamr/src/native/native_process.rs:18:5
   |
18 | use std::rc::Rc;
   |     ^^^ use of unresolved module or unlinked crate `std`
   |
   = help: if you wanted to use a crate named `std`, use `cargo add std` to add it to your `Cargo.toml`

error[E0433]: cannot find module or crate `std` in this scope
  --> crates/beamr/src/native/native_process.rs:19:5
   |
19 | use std::sync::{Arc, Mutex};
   |     ^^^ use of unresolved module or unlinked crate `std`
   |
   = help: if you wanted to use a crate named `std`, use `cargo add std` to add it to your `Cargo.toml`

error[E0433]: cannot find module or crate `std` in this scope
 --> crates/beamr/src/native/stdlib_stubs/lists_bifs.rs:3:5
  |
3 | use std::sync::Arc;
  |     ^^^ use of unresolved module or unlinked crate `std`
  |
  = help: if you wanted to use a crate named `std`, use `cargo add std` to add it to your `Cargo.toml`

error[E0433]: cannot find module or crate `std` in this scope
 --> crates/beamr/src/atom/table.rs:1:5
  |
1 | use std::sync::atomic::{AtomicU32, Ordering};
  |     ^^^ use of unresolved module or unlinked crate `std`
  |
  = help: if you wanted to use a crate named `std`, use `cargo add std` to add it to your `Cargo.toml`

error[E0433]: cannot find module or crate `std` in this scope
 --> crates/beamr/src/error.rs:7:5
  |
7 | use std::error::Error;
  |     ^^^ use of unresolved module or unlinked crate `std`
  |
  = help: if you wanted to use a crate named `std`, use `cargo add std` to add it to your `Cargo.toml`

error[E0432]: unresolved import `std`
 --> crates/beamr/src/constant_pool/mod.rs:8:5
  |
8 | use std::fmt;
  |     ^^^ use of unresolved module or unlinked crate `std`
  |
  = help: if you wanted to use a crate named `std`, use `cargo add std` to add it to your `Cargo.toml`

error[E0433]: cannot find module or crate `std` in this scope
 --> crates/beamr/src/etf/decode.rs:3:5
  |
3 | use std::io::{Read, Take};
  |     ^^^ use of unresolved module or unlinked crate `std`
  |
  = help: if you wanted to use a crate named `std`, use `cargo add std` to add it to your `Cargo.toml`

error[E0433]: cannot find module or crate `std` in this scope
 --> crates/beamr/src/etf/encode.rs:9:5
  |
9 | use std::io::Write;
  |     ^^^ use of unresolved module or unlinked crate `std`
  |
  = help: if you wanted to use a crate named `std`, use `cargo add std` to add it to your `Cargo.toml`

error[E0433]: cannot find module or crate `std` in this scope
 --> crates/beamr/src/ets/match_spec.rs:8:5
  |
8 | use std::cmp::Ordering;
  |     ^^^ use of unresolved module or unlinked crate `std`
  |
  = help: if you wanted to use a crate named `std`, use `cargo add std` to add it to your `Cargo.toml`

error[E0432]: unresolved import `std`
 --> crates/beamr/src/error.rs:8:5
  |
8 | use std::fmt;
  |     ^^^ use of unresolved module or unlinked crate `std`
  |
  = help: if you wanted to use a crate named `std`, use `cargo add std` to add it to your `Cargo.toml`

error[E0433]: cannot find module or crate `std` in this scope
 --> crates/beamr/src/ets/table.rs:5:5
  |
5 | use std::sync::Arc;
  |     ^^^ use of unresolved module or unlinked crate `std`
  |
  = help: if you wanted to use a crate named `std`, use `cargo add std` to add it to your `Cargo.toml`

error[E0433]: cannot find module or crate `std` in this scope
 --> crates/beamr/src/ets/table.rs:6:5
  |
6 | use std::sync::atomic::{AtomicU64, Ordering};
  |     ^^^ use of unresolved module or unlinked crate `std`
  |
  = help: if you wanted to use a crate named `std`, use `cargo add std` to add it to your `Cargo.toml`

error[E0433]: cannot find module or crate `std` in this scope
 --> crates/beamr/src/ets/term_key.rs:3:5
  |
3 | use std::{cmp::Ordering, fmt, sync::Arc};
  |     ^^^ use of unresolved module or unlinked crate `std`
  |
  = help: if you wanted to use a crate named `std`, use `cargo add std` to add it to your `Cargo.toml`

error[E0432]: unresolved import `std`
 --> crates/beamr/src/ets/table.rs:4:5
  |
4 | use std::fmt;
  |     ^^^ use of unresolved module or unlinked crate `std`
  |
  = help: if you wanted to use a crate named `std`, use `cargo add std` to add it to your `Cargo.toml`

error[E0433]: cannot find module or crate `std` in this scope
  --> crates/beamr/src/gc/mod.rs:10:5
   |
10 | use std::collections::{HashMap, VecDeque};
   |     ^^^ use of unresolved module or unlinked crate `std`
   |
   = help: if you wanted to use a crate named `std`, use `cargo add std` to add it to your `Cargo.toml`

error[E0432]: unresolved import `std`
 --> crates/beamr/src/ets/term_key.rs:3:5
  |
3 | use std::{cmp::Ordering, fmt, sync::Arc};
  |     ^^^ use of unresolved module or unlinked crate `std`
  |
  = help: if you wanted to use a crate named `std`, use `cargo add std` to add it to your `Cargo.toml`

error[E0433]: cannot find module or crate `std` in this scope
  --> crates/beamr/src/gc/mod.rs:12:5
   |
12 | use std::sync::Arc;
   |     ^^^ use of unresolved module or unlinked crate `std`
   |
   = help: if you wanted to use a crate named `std`, use `cargo add std` to add it to your `Cargo.toml`

error[E0433]: cannot find module or crate `std` in this scope
 --> crates/beamr/src/interpreter/opcodes/closures.rs:3:5
  |
3 | use std::sync::Arc;
  |     ^^^ use of unresolved module or unlinked crate `std`
  |
  = help: if you wanted to use a crate named `std`, use `cargo add std` to add it to your `Cargo.toml`

error[E0433]: cannot find module or crate `std` in this scope
 --> crates/beamr/src/interpreter/opcodes/core.rs:3:5
  |
3 | use std::sync::{Arc, Mutex};
  |     ^^^ use of unresolved module or unlinked crate `std`
  |
  = help: if you wanted to use a crate named `std`, use `cargo add std` to add it to your `Cargo.toml`

error[E0433]: cannot find module or crate `std` in this scope
 --> crates/beamr/src/interpreter/opcodes/native_call.rs:5:5
  |
5 | use std::sync::Arc;
  |     ^^^ use of unresolved module or unlinked crate `std`
  |
  = help: if you wanted to use a crate named `std`, use `cargo add std` to add it to your `Cargo.toml`

error[E0433]: cannot find module or crate `std` in this scope
 --> crates/beamr/src/interpreter/mod.rs:9:5
  |
9 | use std::rc::Rc;
  |     ^^^ use of unresolved module or unlinked crate `std`
  |
  = help: if you wanted to use a crate named `std`, use `cargo add std` to add it to your `Cargo.toml`

error[E0433]: cannot find module or crate `std` in this scope
  --> crates/beamr/src/interpreter/mod.rs:10:5
   |
10 | use std::sync::{Arc, Mutex};
   |     ^^^ use of unresolved module or unlinked crate `std`
   |
   = help: if you wanted to use a crate named `std`, use `cargo add std` to add it to your `Cargo.toml`

error[E0433]: cannot find module or crate `std` in this scope
 --> crates/beamr/src/loader/decode/chunks.rs:1:5
  |
1 | use std::io::{Read, Take};
  |     ^^^ use of unresolved module or unlinked crate `std`
  |
  = help: if you wanted to use a crate named `std`, use `cargo add std` to add it to your `Cargo.toml`

error[E0433]: cannot find module or crate `std` in this scope
 --> crates/beamr/src/loader/load.rs:1:5
  |
1 | use std::collections::HashMap;
  |     ^^^ use of unresolved module or unlinked crate `std`
  |
  = help: if you wanted to use a crate named `std`, use `cargo add std` to add it to your `Cargo.toml`

error[E0432]: unresolved import `std`
  --> crates/beamr/src/gc/mod.rs:11:5
   |
11 | use std::fmt;
   |     ^^^ use of unresolved module or unlinked crate `std`
   |
   = help: if you wanted to use a crate named `std`, use `cargo add std` to add it to your `Cargo.toml`

error[E0433]: cannot find module or crate `std` in this scope
 --> crates/beamr/src/loader/load.rs:3:5
  |
3 | use std::hash::Hasher;
  |     ^^^ use of unresolved module or unlinked crate `std`
  |
  = help: if you wanted to use a crate named `std`, use `cargo add std` to add it to your `Cargo.toml`

error[E0433]: cannot find module or crate `std` in this scope
 --> crates/beamr/src/loader/load.rs:4:5
  |
4 | use std::sync::Arc;
  |     ^^^ use of unresolved module or unlinked crate `std`
  |
  = help: if you wanted to use a crate named `std`, use `cargo add std` to add it to your `Cargo.toml`

error[E0433]: cannot find module or crate `std` in this scope
 --> crates/beamr/src/mailbox/mod.rs:8:5
  |
8 | use std::{collections::VecDeque, sync::Arc};
  |     ^^^ use of unresolved module or unlinked crate `std`
  |
  = help: if you wanted to use a crate named `std`, use `cargo add std` to add it to your `Cargo.toml`

error[E0433]: cannot find module or crate `std` in this scope
 --> crates/beamr/src/module.rs:9:5
  |
9 | use std::collections::HashMap;
  |     ^^^ use of unresolved module or unlinked crate `std`
  |
  = help: if you wanted to use a crate named `std`, use `cargo add std` to add it to your `Cargo.toml`

error[E0432]: unresolved import `std`
 --> crates/beamr/src/loader/load.rs:2:5
  |
2 | use std::fmt;
  |     ^^^ use of unresolved module or unlinked crate `std`
  |
  = help: if you wanted to use a crate named `std`, use `cargo add std` to add it to your `Cargo.toml`

error[E0433]: cannot find module or crate `std` in this scope
  --> crates/beamr/src/module.rs:11:5
   |
11 | use std::path::PathBuf;
   |     ^^^ use of unresolved module or unlinked crate `std`
   |
   = help: if you wanted to use a crate named `std`, use `cargo add std` to add it to your `Cargo.toml`

error[E0433]: cannot find module or crate `std` in this scope
  --> crates/beamr/src/module.rs:12:5
   |
12 | use std::sync::Arc;
   |     ^^^ use of unresolved module or unlinked crate `std`
   |
   = help: if you wanted to use a crate named `std`, use `cargo add std` to add it to your `Cargo.toml`

error[E0433]: cannot find module or crate `std` in this scope
 --> crates/beamr/src/namespace.rs:6:5
  |
6 | use std::sync::Arc;
  |     ^^^ use of unresolved module or unlinked crate `std`
  |
  = help: if you wanted to use a crate named `std`, use `cargo add std` to add it to your `Cargo.toml`

error[E0432]: unresolved import `std`
  --> crates/beamr/src/module.rs:10:5
   |
10 | use std::fmt;
   |     ^^^ use of unresolved module or unlinked crate `std`
   |
   = help: if you wanted to use a crate named `std`, use `cargo add std` to add it to your `Cargo.toml`

error[E0433]: cannot find module or crate `std` in this scope
 --> crates/beamr/src/native/context/mod.rs:7:5
  |
7 | use std::rc::Rc;
  |     ^^^ use of unresolved module or unlinked crate `std`
  |
  = help: if you wanted to use a crate named `std`, use `cargo add std` to add it to your `Cargo.toml`

error[E0433]: cannot find module or crate `std` in this scope
 --> crates/beamr/src/native/context/mod.rs:8:5
  |
8 | use std::sync::{Arc, Mutex};
  |     ^^^ use of unresolved module or unlinked crate `std`
  |
  = help: if you wanted to use a crate named `std`, use `cargo add std` to add it to your `Cargo.toml`

error[E0433]: cannot find module or crate `std` in this scope
 --> crates/beamr/src/native/context/mod.rs:9:5
  |
9 | use std::time::Duration;
  |     ^^^ use of unresolved module or unlinked crate `std`
  |
  = help: if you wanted to use a crate named `std`, use `cargo add std` to add it to your `Cargo.toml`

error[E0433]: cannot find module or crate `std` in this scope
 --> crates/beamr/src/native/ets_bifs.rs:6:5
  |
6 | use std::{collections::BTreeMap, sync::Arc};
  |     ^^^ use of unresolved module or unlinked crate `std`
  |
  = help: if you wanted to use a crate named `std`, use `cargo add std` to add it to your `Cargo.toml`

error[E0432]: unresolved import `std`
 --> crates/beamr/src/native/context/mod.rs:6:5
  |
6 | use std::fmt;
  |     ^^^ use of unresolved module or unlinked crate `std`
  |
  = help: if you wanted to use a crate named `std`, use `cargo add std` to add it to your `Cargo.toml`

error[E0432]: unresolved import `std`
 --> crates/beamr/src/native/group_leader.rs:7:5
  |
7 | use std::fmt;
  |     ^^^ use of unresolved module or unlinked crate `std`
  |
  = help: if you wanted to use a crate named `std`, use `cargo add std` to add it to your `Cargo.toml`

error[E0433]: cannot find module or crate `std` in this scope
  --> crates/beamr/src/native/local_send.rs:14:5
   |
14 | use std::sync::{Arc, Mutex};
   |     ^^^ use of unresolved module or unlinked crate `std`
   |
   = help: if you wanted to use a crate named `std`, use `cargo add std` to add it to your `Cargo.toml`

error[E0432]: unresolved import `std`
 --> crates/beamr/src/native/links.rs:9:5
  |
9 | use std::fmt;
  |     ^^^ use of unresolved module or unlinked crate `std`
  |
  = help: if you wanted to use a crate named `std`, use `cargo add std` to add it to your `Cargo.toml`

error[E0432]: unresolved import `std`
  --> crates/beamr/src/native/registry.rs:10:5
   |
10 | use std::fmt;
   |     ^^^ use of unresolved module or unlinked crate `std`
   |
   = help: if you wanted to use a crate named `std`, use `cargo add std` to add it to your `Cargo.toml`

error[E0432]: unresolved import `std`
 --> crates/beamr/src/native/spawn.rs:8:5
  |
8 | use std::fmt;
  |     ^^^ use of unresolved module or unlinked crate `std`
  |
  = help: if you wanted to use a crate named `std`, use `cargo add std` to add it to your `Cargo.toml`

error[E0432]: unresolved import `std`
  --> crates/beamr/src/native/supervision.rs:10:5
   |
10 | use std::fmt;
   |     ^^^ use of unresolved module or unlinked crate `std`
   |
   = help: if you wanted to use a crate named `std`, use `cargo add std` to add it to your `Cargo.toml`

error[E0433]: cannot find module or crate `std` in this scope
 --> crates/beamr/src/process/registry.rs:8:5
  |
8 | use std::sync::atomic::{AtomicU64, Ordering};
  |     ^^^ use of unresolved module or unlinked crate `std`
  |
  = help: if you wanted to use a crate named `std`, use `cargo add std` to add it to your `Cargo.toml`

error[E0432]: unresolved import `std`
 --> crates/beamr/src/process/heap.rs:9:5
  |
9 | use std::fmt;
  |     ^^^ use of unresolved module or unlinked crate `std`
  |
  = help: if you wanted to use a crate named `std`, use `cargo add std` to add it to your `Cargo.toml`

error[E0433]: cannot find module or crate `std` in this scope
 --> crates/beamr/src/process/stack.rs:9:5
  |
9 | use std::sync::Arc;
  |     ^^^ use of unresolved module or unlinked crate `std`
  |
  = help: if you wanted to use a crate named `std`, use `cargo add std` to add it to your `Cargo.toml`

error[E0432]: unresolved import `std`
 --> crates/beamr/src/process/stack.rs:8:5
  |
8 | use std::fmt;
  |     ^^^ use of unresolved module or unlinked crate `std`
  |
  = help: if you wanted to use a crate named `std`, use `cargo add std` to add it to your `Cargo.toml`

error[E0433]: cannot find module or crate `std` in this scope
 --> crates/beamr/src/process/types.rs:5:5
  |
5 | use std::sync::Arc;
  |     ^^^ use of unresolved module or unlinked crate `std`
  |
  = help: if you wanted to use a crate named `std`, use `cargo add std` to add it to your `Cargo.toml`

error[E0433]: cannot find module or crate `std` in this scope
  --> crates/beamr/src/process/mod.rs:15:5
   |
15 | use std::marker::PhantomData;
   |     ^^^ use of unresolved module or unlinked crate `std`
   |
   = help: if you wanted to use a crate named `std`, use `cargo add std` to add it to your `Cargo.toml`

error[E0433]: cannot find module or crate `std` in this scope
  --> crates/beamr/src/process/mod.rs:16:5
   |
16 | use std::rc::Rc;
   |     ^^^ use of unresolved module or unlinked crate `std`
   |
   = help: if you wanted to use a crate named `std`, use `cargo add std` to add it to your `Cargo.toml`

error[E0433]: cannot find module or crate `std` in this scope
  --> crates/beamr/src/process/mod.rs:17:5
   |
17 | use std::sync::Arc;
   |     ^^^ use of unresolved module or unlinked crate `std`
   |
   = help: if you wanted to use a crate named `std`, use `cargo add std` to add it to your `Cargo.toml`

error[E0433]: cannot find module or crate `std` in this scope
 --> crates/beamr/src/replay/debugger.rs:3:5
  |
3 | use std::collections::BTreeMap;
  |     ^^^ use of unresolved module or unlinked crate `std`
  |
  = help: if you wanted to use a crate named `std`, use `cargo add std` to add it to your `Cargo.toml`

error[E0433]: cannot find module or crate `std` in this scope
 --> crates/beamr/src/replay/debugger.rs:4:5
  |
4 | use std::sync::Arc;
  |     ^^^ use of unresolved module or unlinked crate `std`
  |
  = help: if you wanted to use a crate named `std`, use `cargo add std` to add it to your `Cargo.toml`

error[E0432]: unresolved import `std`
 --> crates/beamr/src/process/types.rs:4:5
  |
4 | use std::fmt;
  |     ^^^ use of unresolved module or unlinked crate `std`
  |
  = help: if you wanted to use a crate named `std`, use `cargo add std` to add it to your `Cargo.toml`

error[E0433]: cannot find module or crate `std` in this scope
 --> crates/beamr/src/replay/driver.rs:4:5
  |
4 | use std::sync::{Arc, Mutex};
  |     ^^^ use of unresolved module or unlinked crate `std`
  |
  = help: if you wanted to use a crate named `std`, use `cargo add std` to add it to your `Cargo.toml`

error[E0433]: cannot find module or crate `std` in this scope
 --> crates/beamr/src/scheduler/wasm.rs:7:5
  |
7 | use std::collections::{BTreeMap, BTreeSet, VecDeque};
  |     ^^^ use of unresolved module or unlinked crate `std`
  |
  = help: if you wanted to use a crate named `std`, use `cargo add std` to add it to your `Cargo.toml`

error[E0433]: cannot find module or crate `std` in this scope
 --> crates/beamr/src/scheduler/wasm.rs:8:5
  |
8 | use std::rc::Rc;
  |     ^^^ use of unresolved module or unlinked crate `std`
  |
  = help: if you wanted to use a crate named `std`, use `cargo add std` to add it to your `Cargo.toml`

error[E0433]: cannot find module or crate `std` in this scope
 --> crates/beamr/src/scheduler/wasm.rs:9:5
  |
9 | use std::sync::{Arc, Mutex};
  |     ^^^ use of unresolved module or unlinked crate `std`
  |
  = help: if you wanted to use a crate named `std`, use `cargo add std` to add it to your `Cargo.toml`

error[E0433]: cannot find module or crate `std` in this scope
  --> crates/beamr/src/scheduler/wasm_native.rs:25:5
   |
25 | use std::collections::VecDeque;
   |     ^^^ use of unresolved module or unlinked crate `std`
   |
   = help: if you wanted to use a crate named `std`, use `cargo add std` to add it to your `Cargo.toml`

error[E0433]: cannot find module or crate `std` in this scope
  --> crates/beamr/src/scheduler/wasm_native.rs:26:5
   |
26 | use std::sync::{Arc, Mutex};
   |     ^^^ use of unresolved module or unlinked crate `std`
   |
   = help: if you wanted to use a crate named `std`, use `cargo add std` to add it to your `Cargo.toml`

error[E0433]: cannot find module or crate `std` in this scope
 --> crates/beamr/src/supervision/link.rs:9:5
  |
9 | use std::collections::{HashMap, VecDeque};
  |     ^^^ use of unresolved module or unlinked crate `std`
  |
  = help: if you wanted to use a crate named `std`, use `cargo add std` to add it to your `Cargo.toml`

error[E0433]: cannot find module or crate `std` in this scope
 --> crates/beamr/src/supervision/monitor.rs:9:5
  |
9 | use std::collections::HashMap;
  |     ^^^ use of unresolved module or unlinked crate `std`
  |
  = help: if you wanted to use a crate named `std`, use `cargo add std` to add it to your `Cargo.toml`

error[E0433]: cannot find module or crate `std` in this scope
 --> crates/beamr/src/term/bigint_math.rs:3:5
  |
3 | use std::cmp::Ordering;
  |     ^^^ use of unresolved module or unlinked crate `std`
  |
  = help: if you wanted to use a crate named `std`, use `cargo add std` to add it to your `Cargo.toml`

error[E0433]: cannot find module or crate `std` in this scope
 --> crates/beamr/src/term/compare/mod.rs:5:5
  |
5 | use std::cmp::Ordering;
  |     ^^^ use of unresolved module or unlinked crate `std`
  |
  = help: if you wanted to use a crate named `std`, use `cargo add std` to add it to your `Cargo.toml`

error[E0433]: cannot find module or crate `std` in this scope
 --> crates/beamr/src/term/hash.rs:7:5
  |
7 | use std::hash::{Hash, Hasher};
  |     ^^^ use of unresolved module or unlinked crate `std`
  |
  = help: if you wanted to use a crate named `std`, use `cargo add std` to add it to your `Cargo.toml`

error[E0433]: cannot find module or crate `std` in this scope
 --> crates/beamr/src/term/shared_binary.rs:7:5
  |
7 | use std::sync::Arc;
  |     ^^^ use of unresolved module or unlinked crate `std`
  |
  = help: if you wanted to use a crate named `std`, use `cargo add std` to add it to your `Cargo.toml`

error[E0433]: cannot find module or crate `std` in this scope
 --> crates/beamr/src/timer.rs:8:5
  |
8 | use std::collections::HashMap;
  |     ^^^ use of unresolved module or unlinked crate `std`
  |
  = help: if you wanted to use a crate named `std`, use `cargo add std` to add it to your `Cargo.toml`

error[E0433]: cannot find module or crate `std` in this scope
 --> crates/beamr/src/timer.rs:9:5
  |
9 | use std::time::Duration;
  |     ^^^ use of unresolved module or unlinked crate `std`
  |
  = help: if you wanted to use a crate named `std`, use `cargo add std` to add it to your `Cargo.toml`

error[E0432]: unresolved import `std`
 --> crates/beamr/src/replay/driver.rs:3:5
  |
3 | use std::fmt;
  |     ^^^ use of unresolved module or unlinked crate `std`
  |
  = help: if you wanted to use a crate named `std`, use `cargo add std` to add it to your `Cargo.toml`

error: cannot find macro `vec` in this scope
   --> crates/beamr/src/constant_pool/mod.rs:308:45
    |
308 |                 let block = pool.push_block(vec![0; 3 + limbs.len()], BlockKind::Boxed)?;
    |                                             ^^^
    |
help: consider importing this macro
    |
  8 + use alloc::vec;
    |

error: cannot find macro `vec` in this scope
   --> crates/beamr/src/constant_pool/mod.rs:315:41
    |
315 |             let block = pool.push_block(vec![0; 2], BlockKind::Boxed)?;
    |                                         ^^^
    |
help: consider importing this macro
    |
  8 + use alloc::vec;
    |

error: cannot find macro `vec` in this scope
   --> crates/beamr/src/constant_pool/mod.rs:326:41
    |
326 |             let block = pool.push_block(vec![0; 3 + limbs.len()], BlockKind::Boxed)?;
    |                                         ^^^
    |
help: consider importing this macro
    |
  8 + use alloc::vec;
    |

error: cannot find macro `vec` in this scope
   --> crates/beamr/src/constant_pool/mod.rs:334:17
    |
334 |                 vec![0; 2 + packed_word_count(bytes.len())],
    |                 ^^^
    |
help: consider importing this macro
    |
  8 + use alloc::vec;
    |

error: cannot find macro `vec` in this scope
   --> crates/beamr/src/constant_pool/mod.rs:346:41
    |
346 |             let block = pool.push_block(vec![0; bytes.len() * 2], BlockKind::List)?;
    |                                         ^^^
    |
help: consider importing this macro
    |
  8 + use alloc::vec;
    |

error: cannot find macro `vec` in this scope
   --> crates/beamr/src/constant_pool/mod.rs:365:41
    |
365 |             let block = pool.push_block(vec![0; 7], BlockKind::Boxed)?;
    |                                         ^^^
    |
help: consider importing this macro
    |
  8 + use alloc::vec;
    |

error: cannot find macro `vec` in this scope
   --> crates/beamr/src/constant_pool/mod.rs:372:41
    |
372 |             let block = pool.push_block(vec![0; 1 + terms.len()], BlockKind::Boxed)?;
    |                                         ^^^
    |
help: consider importing this macro
    |
  8 + use alloc::vec;
    |

error: cannot find macro `vec` in this scope
   --> crates/beamr/src/constant_pool/mod.rs:381:41
    |
381 |             let block = pool.push_block(vec![0; elements.len() * 2], BlockKind::List)?;
    |                                         ^^^
    |
help: consider importing this macro
    |
  8 + use alloc::vec;
    |

error: cannot find macro `vec` in this scope
   --> crates/beamr/src/constant_pool/mod.rs:407:33
    |
407 |                 pool.push_block(vec![0; 2 + keys.len() + values.len()], BlockKind::Boxed)?;
    |                                 ^^^
    |
help: consider importing this macro
    |
  8 + use alloc::vec;
    |

error: cannot find macro `format` in this scope
   --> crates/beamr/src/constant_pool/mod.rs:448:51
    |
448 |             return Err(LoadError::ValidationError(format!(
    |                                                   ^^^^^^
    |
help: consider importing this macro
    |
  8 + use alloc::format;
    |

error: cannot find macro `vec` in this scope
  --> crates/beamr/src/etf/encode.rs:55:19
   |
55 |     let mut out = vec![tags::VERSION];
   |                   ^^^
   |
help: consider importing this macro
   |
 3 + use alloc::vec;
   |

error: cannot find macro `vec` in this scope
   --> crates/beamr/src/ets/bag.rs:130:26
    |
130 |             entry.insert(vec![row]);
    |                          ^^^
    |
help: consider importing this macro
    |
  1 + use alloc::vec;
    |

error: cannot find macro `vec` in this scope
   --> crates/beamr/src/ets/copy.rs:248:25
    |
248 |         let mut words = vec![0; word_count].into_boxed_slice();
    |                         ^^^
    |
help: consider importing this macro
    |
  7 + use alloc::vec;
    |

error: cannot find macro `vec` in this scope
  --> crates/beamr/src/ets/match_arena.rs:34:25
   |
34 |         let mut words = vec![0_u64; 1 + elements.len()].into_boxed_slice();
   |                         ^^^
   |
help: consider importing this macro
   |
 7 + use alloc::vec;
   |

error: cannot find macro `vec` in this scope
  --> crates/beamr/src/ets/match_arena.rs:43:29
   |
43 |             let mut words = vec![0_u64; 2].into_boxed_slice();
   |                             ^^^
   |
help: consider importing this macro
   |
 7 + use alloc::vec;
   |

error: cannot find macro `vec` in this scope
  --> crates/beamr/src/ets/set.rs:66:44
   |
66 |             .map_or_else(Vec::new, |entry| vec![Arc::clone(entry.value())])
   |                                            ^^^
   |
help: consider importing this macro
   |
 3 + use alloc::vec;
   |

error: cannot find macro `format` in this scope
  --> crates/beamr/src/interpreter/opcodes/messaging.rs:81:54
   |
81 |                 return Err(ExecError::ReplayMismatch(format!(
   |                                                      ^^^^^^
   |
help: consider importing this macro
   |
 5 + use alloc::format;
   |

error: cannot find macro `format` in this scope
   --> crates/beamr/src/interpreter/opcodes/messaging.rs:186:50
    |
186 |             return Err(ExecError::ReplayMismatch(format!(
    |                                                  ^^^^^^
    |
help: consider importing this macro
    |
  5 + use alloc::format;
    |

error: cannot find macro `format` in this scope
  --> crates/beamr/src/loader/decode/bounded.rs:31:47
   |
31 |             return Err(LoadError::DecodeError(format!("{label} exceeds limit")));
   |                                               ^^^^^^
   |
help: consider importing this macro
   |
 1 + use alloc::format;
   |

error: cannot find macro `format` in this scope
  --> crates/beamr/src/loader/decode/bounded.rs:35:51
   |
35 |             .ok_or_else(|| LoadError::DecodeError(format!("{label} byte requirement overflows")))?;
   |                                                   ^^^^^^
   |
help: consider importing this macro
   |
 1 + use alloc::format;
   |

error: cannot find macro `format` in this scope
  --> crates/beamr/src/loader/decode/bounded.rs:37:47
   |
37 |             return Err(LoadError::DecodeError(format!(
   |                                               ^^^^^^
   |
help: consider importing this macro
   |
 1 + use alloc::format;
   |

error: cannot find macro `format` in this scope
  --> crates/beamr/src/loader/decode/bounded.rs:60:40
   |
60 |             Err(LoadError::DecodeError(format!(
   |                                        ^^^^^^
   |
help: consider importing this macro
   |
 1 + use alloc::format;
   |

error: cannot find macro `format` in this scope
   --> crates/beamr/src/loader/decode/chunks.rs:257:44
    |
257 |                     LoadError::DecodeError(format!("line number {value} out of range"))
    |                                            ^^^^^^
    |
help: consider importing this macro
    |
  1 + use alloc::format;
    |

error: cannot find macro `format` in this scope
   --> crates/beamr/src/loader/decode/chunks.rs:262:55
    |
262 |                     return Err(LoadError::DecodeError(format!(
    |                                                       ^^^^^^
    |
help: consider importing this macro
    |
  1 + use alloc::format;
    |

error: cannot find macro `format` in this scope
   --> crates/beamr/src/loader/decode/chunks.rs:267:44
    |
267 |                     LoadError::DecodeError(format!("line file index {value} out of range"))
    |                                            ^^^^^^
    |
help: consider importing this macro
    |
  1 + use alloc::format;
    |

error: cannot find macro `format` in this scope
   --> crates/beamr/src/loader/decode/chunks.rs:273:55
    |
273 |                     return Err(LoadError::DecodeError(format!(
    |                                                       ^^^^^^
    |
help: consider importing this macro
    |
  1 + use alloc::format;
    |

error: cannot find macro `format` in this scope
   --> crates/beamr/src/loader/decode/chunks.rs:280:48
    |
280 |                         LoadError::DecodeError(format!("line number {line_value} out of range"))
    |                                                ^^^^^^
    |
help: consider importing this macro
    |
  1 + use alloc::format;
    |

error: cannot find macro `format` in this scope
   --> crates/beamr/src/loader/decode/chunks.rs:285:51
    |
285 |                 return Err(LoadError::DecodeError(format!(
    |                                                   ^^^^^^
    |
help: consider importing this macro
    |
  1 + use alloc::format;
    |

error: cannot find macro `format` in this scope
   --> crates/beamr/src/loader/decode/chunks.rs:293:43
    |
293 |         return Err(LoadError::DecodeError(format!(
    |                                           ^^^^^^
    |
help: consider importing this macro
    |
  1 + use alloc::format;
    |

error: cannot find macro `format` in this scope
   --> crates/beamr/src/loader/decode/chunks.rs:363:49
    |
363 |         .map_err(|error| LoadError::DecodeError(format!("zlib literal decode failed: {error}")))?;
    |                                                 ^^^^^^
    |
help: consider importing this macro
    |
  1 + use alloc::format;
    |

error: cannot find macro `format` in this scope
   --> crates/beamr/src/loader/decode/chunks.rs:370:43
    |
370 |         return Err(LoadError::DecodeError(format!(
    |                                           ^^^^^^
    |
help: consider importing this macro
    |
  1 + use alloc::format;
    |

error: cannot find macro `format` in this scope
   --> crates/beamr/src/loader/decode/chunks.rs:388:47
    |
388 |         .ok_or_else(|| LoadError::DecodeError(format!("atom index {index} out of range")))
    |                                               ^^^^^^
    |
help: consider importing this macro
    |
  1 + use alloc::format;
    |

error: cannot find macro `format` in this scope
   --> crates/beamr/src/loader/decode/chunks.rs:392:60
    |
392 |     u8::try_from(value).map_err(|_| LoadError::DecodeError(format!("arity {value} out of range")))
    |                                                            ^^^^^^
    |
help: consider importing this macro
    |
  1 + use alloc::format;
    |

error: cannot find macro `format` in this scope
  --> crates/beamr/src/loader/decode/code.rs:32:43
   |
32 |         return Err(LoadError::DecodeError(format!(
   |                                           ^^^^^^
   |
help: consider importing this macro
   |
 1 + use alloc::format;
   |

error: cannot find macro `format` in this scope
  --> crates/beamr/src/loader/decode/code.rs:37:43
   |
37 |         return Err(LoadError::DecodeError(format!(
   |                                           ^^^^^^
   |
help: consider importing this macro
   |
 1 + use alloc::format;
   |

error: cannot find macro `format` in this scope
  --> crates/beamr/src/loader/decode/code.rs:47:47
   |
47 |             return Err(LoadError::DecodeError(format!(
   |                                               ^^^^^^
   |
help: consider importing this macro
   |
 1 + use alloc::format;
   |

error: cannot find macro `format` in this scope
  --> crates/beamr/src/loader/decode/code.rs:55:43
   |
55 |         return Err(LoadError::DecodeError(format!(
   |                                           ^^^^^^
   |
help: consider importing this macro
   |
 1 + use alloc::format;
   |

error: cannot find macro `vec` in this scope
   --> crates/beamr/src/loader/decode/code.rs:317:34
    |
317 |             value: Operand::List(vec![operands[1].clone(), operands[2].clone()]),
    |                                  ^^^
    |
help: consider importing this macro
    |
  1 + use alloc::vec;
    |

error: cannot find macro `format` in this scope
   --> crates/beamr/src/loader/decode/code.rs:428:47
    |
428 |             return Err(LoadError::DecodeError(format!(
    |                                               ^^^^^^
    |
help: consider importing this macro
    |
  1 + use alloc::format;
    |

error: cannot find macro `format` in this scope
   --> crates/beamr/src/loader/decode/code.rs:475:49
    |
475 |             .map_err(|_| LoadError::DecodeError(format!("{context} value {value} out of range"))),
    |                                                 ^^^^^^
    |
help: consider importing this macro
    |
  1 + use alloc::format;
    |

error: cannot find macro `format` in this scope
   --> crates/beamr/src/loader/decode/code.rs:477:49
    |
477 |             .map_err(|_| LoadError::DecodeError(format!("{context} value {value} out of range"))),
    |                                                 ^^^^^^
    |
help: consider importing this macro
    |
  1 + use alloc::format;
    |

error: cannot find macro `format` in this scope
   --> crates/beamr/src/loader/decode/code.rs:479:45
    |
479 |         other => Err(LoadError::DecodeError(format!(
    |                                             ^^^^^^
    |
help: consider importing this macro
    |
  1 + use alloc::format;
    |

error: cannot find macro `format` in this scope
  --> crates/beamr/src/loader/decode/compact.rs:96:51
   |
96 |                 return Err(LoadError::DecodeError(format!(
   |                                                   ^^^^^^
   |
help: consider importing this macro
   |
 1 + use alloc::format;
   |

error: cannot find macro `format` in this scope
   --> crates/beamr/src/loader/decode/compact.rs:118:49
    |
118 |             other => Err(LoadError::DecodeError(format!(
    |                                                 ^^^^^^
    |
help: consider importing this macro
    |
  1 + use alloc::format;
    |

error: cannot find macro `format` in this scope
   --> crates/beamr/src/loader/decode/compact.rs:160:55
    |
160 |                     return Err(LoadError::DecodeError(format!(
    |                                                       ^^^^^^
    |
help: consider importing this macro
    |
  1 + use alloc::format;
    |

error: cannot find macro `format` in this scope
   --> crates/beamr/src/loader/decode/compact.rs:174:49
    |
174 |             other => Err(LoadError::DecodeError(format!(
    |                                                 ^^^^^^
    |
help: consider importing this macro
    |
  1 + use alloc::format;
    |

error: cannot find macro `format` in this scope
   --> crates/beamr/src/loader/decode/compact.rs:187:51
    |
187 |             .ok_or_else(|| LoadError::DecodeError(format!("atom index {value} out of range")))?;
    |                                                   ^^^^^^
    |
help: consider importing this macro
    |
  1 + use alloc::format;
    |

error: cannot find macro `format` in this scope
   --> crates/beamr/src/loader/decode/compact.rs:190:40
    |
190 |                 LoadError::DecodeError(format!("atom index {value} out of range"))
    |                                        ^^^^^^
    |
help: consider importing this macro
    |
  1 + use alloc::format;
    |

error: cannot find macro `format` in this scope
   --> crates/beamr/src/loader/decode/compact.rs:198:47
    |
198 |             return Err(LoadError::DecodeError(format!(
    |                                               ^^^^^^
    |
help: consider importing this macro
    |
  1 + use alloc::format;
    |

error: cannot find macro `format` in this scope
   --> crates/beamr/src/loader/decode/compact.rs:208:47
    |
208 |             return Err(LoadError::DecodeError(format!(
    |                                               ^^^^^^
    |
help: consider importing this macro
    |
  1 + use alloc::format;
    |

error: cannot find macro `format` in this scope
   --> crates/beamr/src/loader/decode/compact.rs:220:75
    |
220 |             (_, CompactValue::Big(payload)) => Err(LoadError::DecodeError(format!(
    |                                                                           ^^^^^^
    |
help: consider importing this macro
    |
  1 + use alloc::format;
    |

error: cannot find macro `format` in this scope
   --> crates/beamr/src/loader/decode/compact.rs:329:45
    |
329 |         .map_err(|_| LoadError::DecodeError(format!("{context} value {value} out of range")))
    |                                             ^^^^^^
    |
help: consider importing this macro
    |
  1 + use alloc::format;
    |

error: cannot find macro `format` in this scope
   --> crates/beamr/src/loader/decode/compact.rs:334:45
    |
334 |         .map_err(|_| LoadError::DecodeError(format!("{context} value {value} out of range")))
    |                                             ^^^^^^
    |
help: consider importing this macro
    |
  1 + use alloc::format;
    |

error: cannot find macro `format` in this scope
   --> crates/beamr/src/loader/decode/compact.rs:339:45
    |
339 |         .map_err(|_| LoadError::DecodeError(format!("{context} {value} out of range")))
    |                                             ^^^^^^
    |
help: consider importing this macro
    |
  1 + use alloc::format;
    |

error: cannot find macro `format` in this scope
   --> crates/beamr/src/loader/decode/compact.rs:344:45
    |
344 |         .map_err(|_| LoadError::DecodeError(format!("{context} {value} out of range")))
    |                                             ^^^^^^
    |
help: consider importing this macro
    |
  1 + use alloc::format;
    |

error: cannot find macro `format` in this scope
   --> crates/beamr/src/loader/decode/etf.rs:131:45
    |
131 |         other => Err(LoadError::DecodeError(format!(
    |                                             ^^^^^^
    |
help: consider importing this macro
    |
  8 + use alloc::format;
    |

error: cannot find macro `format` in this scope
   --> crates/beamr/src/loader/decode/etf.rs:191:43
    |
191 |         return Err(LoadError::DecodeError(format!(
    |                                           ^^^^^^
    |
help: consider importing this macro
    |
  8 + use alloc::format;
    |

error: cannot find macro `format` in this scope
   --> crates/beamr/src/loader/decode/opcode.rs:104:47
    |
104 |             return Err(LoadError::DecodeError(format!(
    |                                               ^^^^^^
    |
help: consider importing this macro
    |
  1 + use alloc::format;
    |

error: cannot find macro `format` in this scope
  --> crates/beamr/src/loader/validate.rs:28:17
   |
28 |                 format!("export label {} does not exist", export.label),
   |                 ^^^^^^
   |
help: consider importing this macro
   |
 9 + use alloc::format;
   |

error: cannot find macro `format` in this scope
  --> crates/beamr/src/loader/validate.rs:96:13
   |
96 |             format!("X register index {index} is out of range"),
   |             ^^^^^^
   |
help: consider importing this macro
   |
 9 + use alloc::format;
   |

error: cannot find macro `format` in this scope
   --> crates/beamr/src/loader/validate.rs:102:21
    |
102 |                     format!("Y register index {index} is out of range"),
    |                     ^^^^^^
    |
help: consider importing this macro
    |
  9 + use alloc::format;
    |

error: cannot find macro `format` in this scope
   --> crates/beamr/src/loader/validate.rs:109:21
    |
109 |                     format!("Y register index {index} is outside frame size {frame_size}"),
    |                     ^^^^^^
    |
help: consider importing this macro
    |
  9 + use alloc::format;
    |

error: cannot find macro `format` in this scope
   --> crates/beamr/src/loader/validate.rs:116:13
    |
116 |             format!("float register index {index} is out of range"),
    |             ^^^^^^
    |
help: consider importing this macro
    |
  9 + use alloc::format;
    |

error: cannot find macro `format` in this scope
   --> crates/beamr/src/loader/validate.rs:149:25
    |
149 |                         format!(
    |                         ^^^^^^
    |
help: consider importing this macro
    |
  9 + use alloc::format;
    |

error: cannot find macro `format` in this scope
   --> crates/beamr/src/loader/validate.rs:163:21
    |
163 |                     format!("import index {import_index} is out of range"),
    |                     ^^^^^^
    |
help: consider importing this macro
    |
  9 + use alloc::format;
    |

error: cannot find macro `format` in this scope
   --> crates/beamr/src/loader/validate.rs:169:21
    |
169 |                     format!("resolved import index {import_index} is out of range"),
    |                     ^^^^^^
    |
help: consider importing this macro
    |
  9 + use alloc::format;
    |

error: cannot find macro `format` in this scope
   --> crates/beamr/src/loader/validate.rs:176:21
    |
176 |                     format!(
    |                     ^^^^^^
    |
help: consider importing this macro
    |
  9 + use alloc::format;
    |

error: cannot find macro `format` in this scope
   --> crates/beamr/src/loader/validate.rs:223:21
    |
223 |                     format!(
    |                     ^^^^^^
    |
help: consider importing this macro
    |
  9 + use alloc::format;
    |

error: cannot find macro `format` in this scope
   --> crates/beamr/src/loader/validate.rs:246:21
    |
246 |                     format!("label operand {label} is out of range"),
    |                     ^^^^^^
    |
help: consider importing this macro
    |
  9 + use alloc::format;
    |

error: cannot find macro `format` in this scope
   --> crates/beamr/src/loader/validate.rs:253:17
    |
253 |                 format!("label operand {label} is out of range"),
    |                 ^^^^^^
    |
help: consider importing this macro
    |
  9 + use alloc::format;
    |

error: cannot find macro `format` in this scope
   --> crates/beamr/src/loader/validate.rs:259:17
    |
259 |                 format!("label operand {other:?} is not a label"),
    |                 ^^^^^^
    |
help: consider importing this macro
    |
  9 + use alloc::format;
    |

error: cannot find macro `format` in this scope
   --> crates/beamr/src/loader/validate.rs:268:13
    |
268 |             format!("label target {label} does not exist"),
    |             ^^^^^^
    |
help: consider importing this macro
    |
  9 + use alloc::format;
    |

error: cannot find macro `format` in this scope
   --> crates/beamr/src/loader/validate.rs:278:13
    |
278 |             format!("import index operand {operand:?} is invalid"),
    |             ^^^^^^
    |
help: consider importing this macro
    |
  9 + use alloc::format;
    |

error: cannot find macro `format` in this scope
   --> crates/beamr/src/loader/validate.rs:291:13
    |
291 |             format!("{name} operand {operand:?} is not a valid u8 arity"),
    |             ^^^^^^
    |
help: consider importing this macro
    |
  9 + use alloc::format;
    |

error: cannot find macro `format` in this scope
   --> crates/beamr/src/loader/validate.rs:313:32
    |
313 |     LoadError::ValidationError(format!("instruction {instruction_index}: {message}"))
    |                                ^^^^^^
    |
help: consider importing this macro
    |
  9 + use alloc::format;
    |

error: cannot find macro `vec` in this scope
   --> crates/beamr/src/loader/validate.rs:332:14
    |
332 |         } => vec![module, function, arity],
    |              ^^^
    |
help: consider importing this macro
    |
  9 + use alloc::vec;
    |

error: cannot find macro `vec` in this scope
   --> crates/beamr/src/loader/validate.rs:336:14
    |
336 |         } => vec![source, destination],
    |              ^^^
    |
help: consider importing this macro
    |
  9 + use alloc::vec;
    |

error: cannot find macro `vec` in this scope
   --> crates/beamr/src/loader/validate.rs:338:13
    |
338 |             vec![source, dest]
    |             ^^^
    |
help: consider importing this macro
    |
  9 + use alloc::vec;
    |

error: cannot find macro `vec` in this scope
   --> crates/beamr/src/loader/validate.rs:363:14
    |
363 |         } => vec![fail, left, right, dest],
    |              ^^^
    |
help: consider importing this macro
    |
  9 + use alloc::vec;
    |

error: cannot find macro `vec` in this scope
   --> crates/beamr/src/loader/validate.rs:364:56
    |
364 |         Instruction::Fnegate { fail, source, dest } => vec![fail, source, dest],
    |                                                        ^^^
    |
help: consider importing this macro
    |
  9 + use alloc::vec;
    |

error: cannot find macro `vec` in this scope
   --> crates/beamr/src/loader/validate.rs:366:13
    |
366 |             vec![arity, label]
    |             ^^^
    |
help: consider importing this macro
    |
  9 + use alloc::vec;
    |

error: cannot find macro `vec` in this scope
   --> crates/beamr/src/loader/validate.rs:369:13
    |
369 |             vec![arity, import]
    |             ^^^
    |
help: consider importing this macro
    |
  9 + use alloc::vec;
    |

error: cannot find macro `vec` in this scope
   --> crates/beamr/src/loader/validate.rs:375:14
    |
375 |         } => vec![arity, label, deallocate],
    |              ^^^
    |
help: consider importing this macro
    |
  9 + use alloc::vec;
    |

error: cannot find macro `vec` in this scope
   --> crates/beamr/src/loader/validate.rs:380:14
    |
380 |         } => vec![arity, import, deallocate],
    |              ^^^
    |
help: consider importing this macro
    |
  9 + use alloc::vec;
    |

error: cannot find macro `vec` in this scope
   --> crates/beamr/src/loader/validate.rs:383:13
    |
383 |             vec![stack_need, live]
    |             ^^^
    |
help: consider importing this macro
    |
  9 + use alloc::vec;
    |

error: cannot find macro `vec` in this scope
   --> crates/beamr/src/loader/validate.rs:389:14
    |
389 |         } => vec![stack_need, heap_need, live],
    |              ^^^
    |
help: consider importing this macro
    |
  9 + use alloc::vec;
    |

error: cannot find macro `vec` in this scope
   --> crates/beamr/src/loader/validate.rs:390:46
    |
390 |         Instruction::Deallocate { words } => vec![words],
    |                                              ^^^
    |
help: consider importing this macro
    |
  9 + use alloc::vec;
    |

error: cannot find macro `vec` in this scope
   --> crates/beamr/src/loader/validate.rs:391:54
    |
391 |         Instruction::TestHeap { heap_need, live } => vec![heap_need, live],
    |                                                      ^^^
    |
help: consider importing this macro
    |
  9 + use alloc::vec;
    |

error: cannot find macro `vec` in this scope
   --> crates/beamr/src/loader/validate.rs:396:14
    |
396 |         } => vec![head, tail, destination],
    |              ^^^
    |
help: consider importing this macro
    |
  9 + use alloc::vec;
    |

error: cannot find macro `vec` in this scope
   --> crates/beamr/src/loader/validate.rs:400:14
    |
400 |         } => vec![destination, elements],
    |              ^^^
    |
help: consider importing this macro
    |
  9 + use alloc::vec;
    |

error: cannot find macro `vec` in this scope
   --> crates/beamr/src/loader/validate.rs:405:14
    |
405 |         } => vec![source, index, destination],
    |              ^^^
    |
help: consider importing this macro
    |
  9 + use alloc::vec;
    |

error: cannot find macro `vec` in this scope
   --> crates/beamr/src/loader/validate.rs:406:56
    |
406 |         Instruction::GetList { source, head, tail } => vec![source, head, tail],
    |                                                        ^^^
    |
help: consider importing this macro
    |
  9 + use alloc::vec;
    |

error: cannot find macro `vec` in this scope
   --> crates/beamr/src/loader/validate.rs:414:14
    |
414 |         } => vec![source, destination],
    |              ^^^
    |
help: consider importing this macro
    |
  9 + use alloc::vec;
    |

error: cannot find macro `vec` in this scope
   --> crates/beamr/src/loader/validate.rs:415:54
    |
415 |         Instruction::TypeTest { fail, value, .. } => vec![fail, value],
    |                                                      ^^^
    |
help: consider importing this macro
    |
  9 + use alloc::vec;
    |

error: cannot find macro `vec` in this scope
   --> crates/beamr/src/loader/validate.rs:418:14
    |
418 |         } => vec![fail, left, right],
    |              ^^^
    |
help: consider importing this macro
    |
  9 + use alloc::vec;
    |

error: cannot find macro `vec` in this scope
   --> crates/beamr/src/loader/validate.rs:419:58
    |
419 |         Instruction::TestArity { fail, tuple, arity } => vec![fail, tuple, arity],
    |                                                          ^^^
    |
help: consider importing this macro
    |
  9 + use alloc::vec;
    |

error: cannot find macro `vec` in this scope
   --> crates/beamr/src/loader/validate.rs:425:14
    |
425 |         } => vec![fail, value, arity, tag],
    |              ^^^
    |
help: consider importing this macro
    |
  9 + use alloc::vec;
    |

error: cannot find macro `vec` in this scope
   --> crates/beamr/src/loader/validate.rs:427:66
    |
427 |         | Instruction::SelectTupleArity { value, fail, list } => vec![value, fail, list],
    |                                                                  ^^^
    |
help: consider importing this macro
    |
  9 + use alloc::vec;
    |

error: cannot find macro `vec` in this scope
   --> crates/beamr/src/loader/validate.rs:428:41
    |
428 |         Instruction::Jump { target } => vec![target],
    |                                         ^^^
    |
help: consider importing this macro
    |
  9 + use alloc::vec;
    |

error: cannot find macro `vec` in this scope
   --> crates/beamr/src/loader/validate.rs:435:55
    |
435 |         Instruction::LoopRec { fail, destination } => vec![fail, destination],
    |                                                       ^^^
    |
help: consider importing this macro
    |
  9 + use alloc::vec;
    |

error: cannot find macro `vec` in this scope
   --> crates/beamr/src/loader/validate.rs:436:74
    |
436 |         Instruction::LoopRecEnd { fail } | Instruction::Wait { fail } => vec![fail],
    |                                                                          ^^^
    |
help: consider importing this macro
    |
  9 + use alloc::vec;
    |

error: cannot find macro `vec` in this scope
   --> crates/beamr/src/loader/validate.rs:437:55
    |
437 |         Instruction::WaitTimeout { fail, timeout } => vec![fail, timeout],
    |                                                       ^^^
    |
help: consider importing this macro
    |
  9 + use alloc::vec;
    |

error: cannot find macro `vec` in this scope
   --> crates/beamr/src/loader/validate.rs:438:52
    |
438 |         Instruction::RecvMarkerReserve { dest } => vec![dest],
    |                                                    ^^^
    |
help: consider importing this macro
    |
  9 + use alloc::vec;
    |

error: cannot find macro `vec` in this scope
   --> crates/beamr/src/loader/validate.rs:439:62
    |
439 |         Instruction::RecvMarkerBind { marker, reference } => vec![marker, reference],
    |                                                              ^^^
    |
help: consider importing this macro
    |
  9 + use alloc::vec;
    |

error: cannot find macro `vec` in this scope
   --> crates/beamr/src/loader/validate.rs:441:13
    |
441 |             vec![marker]
    |             ^^^
    |
help: consider importing this macro
    |
  9 + use alloc::vec;
    |

error: cannot find macro `vec` in this scope
   --> crates/beamr/src/loader/validate.rs:444:13
    |
444 |             vec![destination, label]
    |             ^^^
    |
help: consider importing this macro
    |
  9 + use alloc::vec;
    |

error: cannot find macro `vec` in this scope
   --> crates/beamr/src/loader/validate.rs:453:50
    |
453 |         | Instruction::Line { index: source } => vec![source],
    |                                                  ^^^
    |
help: consider importing this macro
    |
  9 + use alloc::vec;
    |

error: cannot find macro `vec` in this scope
   --> crates/beamr/src/loader/validate.rs:454:54
    |
454 |         Instruction::Raise { stacktrace, reason } => vec![stacktrace, reason],
    |                                                      ^^^
    |
help: consider importing this macro
    |
  9 + use alloc::vec;
    |

error: cannot find macro `vec` in this scope
   --> crates/beamr/src/loader/validate.rs:455:51
    |
455 |         Instruction::Trim { words, remaining } => vec![words, remaining],
    |                                                   ^^^
    |
help: consider importing this macro
    |
  9 + use alloc::vec;
    |

error: cannot find macro `vec` in this scope
   --> crates/beamr/src/loader/validate.rs:456:46
    |
456 |         Instruction::Swap { left, right } => vec![left, right],
    |                                              ^^^
    |
help: consider importing this macro
    |
  9 + use alloc::vec;
    |

error: cannot find macro `vec` in this scope
   --> crates/beamr/src/loader/validate.rs:457:49
    |
457 |         Instruction::InitYregs { registers } => vec![registers],
    |                                                 ^^^
    |
help: consider importing this macro
    |
  9 + use alloc::vec;
    |

error: cannot find macro `vec` in this scope
   --> crates/beamr/src/loader/validate.rs:458:74
    |
458 |         Instruction::CallFun { arity } | Instruction::Apply { arity } => vec![arity],
    |                                                                          ^^^
    |
help: consider importing this macro
    |
  9 + use alloc::vec;
    |

error: cannot find macro `vec` in this scope
   --> crates/beamr/src/loader/validate.rs:463:14
    |
463 |         } => vec![function, arity, destination],
    |              ^^^
    |
help: consider importing this macro
    |
  9 + use alloc::vec;
    |

error: cannot find macro `vec` in this scope
   --> crates/beamr/src/loader/validate.rs:464:57
    |
464 |         Instruction::ApplyLast { arity, deallocate } => vec![arity, deallocate],
    |                                                         ^^^
    |
help: consider importing this macro
    |
  9 + use alloc::vec;
    |

error: cannot find macro `vec` in this scope
    --> crates/beamr/src/native/context/mod.rs:1842:19
     |
1842 |             .push(vec![0; words].into_boxed_slice());
     |                   ^^^
     |
help: consider importing this macro
     |
   6 + use ::alloc::vec;
     |

error: cannot find macro `format` in this scope
  --> crates/beamr/src/native/otp_stubs/erlang_stubs.rs:83:49
   |
83 |             let variable = context.alloc_binary(format!("{key}={value}").as_bytes())?;
   |                                                 ^^^^^^
   |
help: consider importing this macro
   |
12 + use alloc::format;
   |

error: cannot find macro `format` in this scope
  --> crates/beamr/src/native/stdlib_stubs/json_bifs.rs:86:20
   |
86 |     let mut text = format!("{value}");
   |                    ^^^^^^
   |
help: consider importing this macro
   |
10 + use alloc::format;
   |

error: cannot find macro `format` in this scope
   --> crates/beamr/src/native/stdlib_stubs/json_bifs.rs:106:39
    |
106 |                 out.extend_from_slice(format!("\\u{byte:04X}").as_bytes());
    |                                       ^^^^^^
    |
help: consider importing this macro
    |
 10 + use alloc::format;
    |

error: cannot find macro `vec` in this scope
   --> crates/beamr/src/native/stdlib_stubs/lists_hof_bifs.rs:121:9
    |
121 |         vec![*first],
    |         ^^^
    |
help: consider importing this macro
    |
  3 + use alloc::vec;
    |

error: cannot find macro `vec` in this scope
   --> crates/beamr/src/native/stdlib_stubs/lists_hof_bifs.rs:143:9
    |
143 |         vec![*first],
    |         ^^^
    |
help: consider importing this macro
    |
  3 + use alloc::vec;
    |

error: cannot find macro `vec` in this scope
   --> crates/beamr/src/native/stdlib_stubs/lists_hof_bifs.rs:166:9
    |
166 |         vec![first],
    |         ^^^
    |
help: consider importing this macro
    |
  3 + use alloc::vec;
    |

error: cannot find macro `vec` in this scope
   --> crates/beamr/src/native/stdlib_stubs/lists_hof_bifs.rs:187:9
    |
187 |         vec![*first],
    |         ^^^
    |
help: consider importing this macro
    |
  3 + use alloc::vec;
    |

error: cannot find macro `vec` in this scope
   --> crates/beamr/src/native/stdlib_stubs/lists_hof_bifs.rs:268:27
    |
268 |                     args: vec![*first],
    |                           ^^^
    |
help: consider importing this macro
    |
  3 + use alloc::vec;
    |

error: cannot find macro `vec` in this scope
   --> crates/beamr/src/native/stdlib_stubs/lists_hof_bifs.rs:291:19
    |
291 |             args: vec![*first],
    |                   ^^^
    |
help: consider importing this macro
    |
  3 + use alloc::vec;
    |

error: cannot find macro `vec` in this scope
   --> crates/beamr/src/native/stdlib_stubs/maps_bifs.rs:232:9
    |
232 |         vec![key, value, *acc],
    |         ^^^
    |
help: consider importing this macro
    |
  3 + use alloc::vec;
    |

error: cannot find macro `vec` in this scope
   --> crates/beamr/src/native/stdlib_stubs/maps_bifs.rs:255:9
    |
255 |         vec![key, value],
    |         ^^^
    |
help: consider importing this macro
    |
  3 + use alloc::vec;
    |

error: cannot find macro `vec` in this scope
   --> crates/beamr/src/native/stdlib_stubs/maps_bifs.rs:279:9
    |
279 |         vec![key, value],
    |         ^^^
    |
help: consider importing this macro
    |
  3 + use alloc::vec;
    |

error: cannot find macro `vec` in this scope
   --> crates/beamr/src/native/stdlib_stubs/maps_bifs.rs:317:9
    |
317 |         vec![key, value1, value2],
    |         ^^^
    |
help: consider importing this macro
    |
  3 + use alloc::vec;
    |

error: cannot find macro `vec` in this scope
   --> crates/beamr/src/native/stdlib_stubs/maps_bifs.rs:345:9
    |
345 |         vec![existing_value],
    |         ^^^
    |
help: consider importing this macro
    |
  3 + use alloc::vec;
    |

error: cannot find macro `vec` in this scope
   --> crates/beamr/src/native/stdlib_stubs/maps_bifs.rs:348:32
    |
348 |             updated: [updated, vec![(existing_key, Term::NIL)]].concat(),
    |                                ^^^
    |
help: consider importing this macro
    |
  3 + use alloc::vec;
    |

error: cannot find macro `vec` in this scope
   --> crates/beamr/src/native/stdlib_stubs/maps_bifs.rs:396:27
    |
396 |                     args: vec![key, value, closure_result],
    |                           ^^^
    |
help: consider importing this macro
    |
  3 + use alloc::vec;
    |

error: cannot find macro `vec` in this scope
   --> crates/beamr/src/native/stdlib_stubs/maps_bifs.rs:420:27
    |
420 |                     args: vec![key, value],
    |                           ^^^
    |
help: consider importing this macro
    |
  3 + use alloc::vec;
    |

error: cannot find macro `vec` in this scope
   --> crates/beamr/src/native/stdlib_stubs/maps_bifs.rs:449:27
    |
449 |                     args: vec![key, value],
    |                           ^^^
    |
help: consider importing this macro
    |
  3 + use alloc::vec;
    |

error: cannot find macro `vec` in this scope
   --> crates/beamr/src/native/stdlib_stubs/maps_bifs.rs:477:27
    |
477 |                     args: vec![key, value1, value2],
    |                           ^^^
    |
help: consider importing this macro
    |
  3 + use alloc::vec;
    |

error: cannot find macro `format` in this scope
  --> crates/beamr/src/native/stdlib_stubs/misc_bifs.rs:21:9
   |
21 |         format!("[warning] {format_str} {args_term:?}\n")
   |         ^^^^^^
   |
help: consider importing this macro
   |
 4 + use alloc::format;
   |

error: cannot find macro `format` in this scope
  --> crates/beamr/src/native/stdlib_stubs/misc_bifs.rs:23:9
   |
23 |         format!("[warning] {format_term:?} {args_term:?}\n")
   |         ^^^^^^
   |
help: consider importing this macro
   |
 4 + use alloc::format;
   |

error: cannot find macro `format` in this scope
   --> crates/beamr/src/native/stdlib_stubs/misc_bifs.rs:208:20
    |
208 |     let mut text = format!("{f}");
    |                    ^^^^^^
    |
help: consider importing this macro
    |
  4 + use alloc::format;
    |

error: cannot find macro `vec` in this scope
   --> crates/beamr/src/native/stdlib_stubs/string_bifs.rs:262:9
    |
262 |         vec![&input[..index], &input[index + pattern.len()..]]
    |         ^^^
    |
help: consider importing this macro
    |
  9 + use alloc::vec;
    |

error: cannot find macro `vec` in this scope
   --> crates/beamr/src/native/stdlib_stubs/string_bifs.rs:264:9
    |
264 |         vec![input]
    |         ^^^
    |
help: consider importing this macro
    |
  9 + use alloc::vec;
    |

error: cannot find macro `format` in this scope
   --> crates/beamr/src/native/system_info_bifs.rs:295:5
    |
295 |     format!("{}-{}", std::env::consts::ARCH, std::env::consts::OS)
    |     ^^^^^^
    |
help: consider importing this macro
    |
  3 + use alloc::format;
    |

error: cannot find macro `format` in this scope
   --> crates/beamr/src/replay/debugger.rs:358:41
    |
358 |             *boxed_objects_by_tag.entry(format!("{tag:?}")).or_insert(0) += 1;
    |                                         ^^^^^^
    |
help: consider importing this macro
    |
  3 + use alloc::format;
    |

error: cannot find macro `format` in this scope
   --> crates/beamr/src/replay/driver.rs:333:64
    |
333 |             ReplayEvent::Select(recorded) => Err(self.mismatch(format!(
    |                                                                ^^^^^^
    |
help: consider importing this macro
    |
  3 + use alloc::format;
    |

error: cannot find macro `format` in this scope
   --> crates/beamr/src/replay/driver.rs:337:40
    |
337 |             other => Err(self.mismatch(format!(
    |                                        ^^^^^^
    |
help: consider importing this macro
    |
  3 + use alloc::format;
    |

error: cannot find macro `format` in this scope
   --> crates/beamr/src/replay/driver.rs:363:73
    |
363 |             ReplayEvent::MessageDelivery(recorded) => Err(self.mismatch(format!(
    |                                                                         ^^^^^^
    |
help: consider importing this macro
    |
  3 + use alloc::format;
    |

error: cannot find macro `format` in this scope
   --> crates/beamr/src/replay/driver.rs:367:40
    |
367 |             other => Err(self.mismatch(format!(
    |                                        ^^^^^^
    |
help: consider importing this macro
    |
  3 + use alloc::format;
    |

error: cannot find macro `format` in this scope
   --> crates/beamr/src/replay/driver.rs:394:66
    |
394 |             ReplayEvent::Schedule(recorded) => Err(self.mismatch(format!(
    |                                                                  ^^^^^^
    |
help: consider importing this macro
    |
  3 + use alloc::format;
    |

error: cannot find macro `format` in this scope
   --> crates/beamr/src/replay/driver.rs:398:40
    |
398 |             other => Err(self.mismatch(format!(
    |                                        ^^^^^^
    |
help: consider importing this macro
    |
  3 + use alloc::format;
    |

error: cannot find macro `format` in this scope
   --> crates/beamr/src/replay/driver.rs:414:31
    |
414 |             Err(self.mismatch(format!(
    |                               ^^^^^^
    |
help: consider importing this macro
    |
  3 + use alloc::format;
    |

error: cannot find macro `format` in this scope
   --> crates/beamr/src/replay/driver.rs:429:40
    |
429 |             other => Err(self.mismatch(format!(
    |                                        ^^^^^^
    |
help: consider importing this macro
    |
  3 + use alloc::format;
    |

error: cannot find macro `format` in this scope
   --> crates/beamr/src/replay/driver.rs:455:68
    |
455 |             ReplayEvent::NativeCall(recorded) => Err(self.mismatch(format!(
    |                                                                    ^^^^^^
    |
help: consider importing this macro
    |
  3 + use alloc::format;
    |

error: cannot find macro `format` in this scope
   --> crates/beamr/src/replay/driver.rs:459:40
    |
459 |             other => Err(self.mismatch(format!(
    |                                        ^^^^^^
    |
help: consider importing this macro
    |
  3 + use alloc::format;
    |

error: cannot find macro `format` in this scope
   --> crates/beamr/src/replay/driver.rs:481:38
    |
481 |             return Err(self.mismatch(format!("replay log exhausted before {decision} decision")));
    |                                      ^^^^^^
    |
help: consider importing this macro
    |
  3 + use alloc::format;
    |

error: cannot find macro `format` in this scope
   --> crates/beamr/src/replay/driver.rs:491:29
    |
491 |         ReplayMismatch::new(format!("{message} at replay cursor {}", self.cursor))
    |                             ^^^^^^
    |
help: consider importing this macro
    |
  3 + use alloc::format;
    |

error: cannot find macro `vec` in this scope
   --> crates/beamr/src/replay/driver.rs:549:22
    |
549 |             expired: vec![ExpiredTimer {
    |                      ^^^
    |
help: consider importing this macro
    |
  3 + use alloc::vec;
    |

error: cannot find macro `format` in this scope
  --> crates/beamr/src/scheduler/exit_capture.rs:92:34
   |
92 |                 output.push_str(&format!(
   |                                  ^^^^^^
   |
help: consider importing this macro
   |
10 + use alloc::format;
   |

error: cannot find macro `format` in this scope
  --> crates/beamr/src/scheduler/exit_capture.rs:97:38
   |
97 |                     output.push_str(&format!(" line {line}"));
   |                                      ^^^^^^
   |
help: consider importing this macro
   |
10 + use alloc::format;
   |

error: cannot find macro `vec` in this scope
  --> crates/beamr/src/term/bigint_math.rs:37:24
   |
37 |                 limbs: vec![magnitude],
   |                        ^^^
   |
help: consider importing this macro
   |
 3 + use alloc::vec;
   |

error: cannot find macro `vec` in this scope
   --> crates/beamr/src/term/bigint_math.rs:206:19
    |
206 |     let mut out = vec![0_u64; left.len() + right.len()];
    |                   ^^^
    |
help: consider importing this macro
    |
  3 + use alloc::vec;
    |

error: cannot find macro `vec` in this scope
   --> crates/beamr/src/term/bigint_math.rs:314:19
    |
314 |     let mut out = vec![0_u64; limb_shift + limbs.len() + 1];
    |                   ^^^
    |
help: consider importing this macro
    |
  3 + use alloc::vec;
    |

error: cannot find macro `vec` in this scope
   --> crates/beamr/src/term/bigint_math.rs:335:19
    |
335 |     let mut out = vec![u64::MAX; limbs];
    |                   ^^^
    |
help: consider importing this macro
    |
  3 + use alloc::vec;
    |

error: cannot find macro `format` in this scope
  --> crates/beamr/src/term/format.rs:41:24
   |
41 |             .map(|pid| format!("<0.{pid}.0>"))
   |                        ^^^^^^
   |
help: consider importing this macro
   |
 7 + use alloc::format;
   |

error: cannot find macro `format` in this scope
  --> crates/beamr/src/term/format.rs:65:20
   |
65 |             return format!("[{}]", elements.join(", "));
   |                    ^^^^^^
   |
help: consider importing this macro
   |
 7 + use alloc::format;
   |

error: cannot find macro `format` in this scope
  --> crates/beamr/src/term/format.rs:71:24
   |
71 |                 return format!("[| {tail}]");
   |                        ^^^^^^
   |
help: consider importing this macro
   |
 7 + use alloc::format;
   |

error: cannot find macro `format` in this scope
  --> crates/beamr/src/term/format.rs:73:20
   |
73 |             return format!("[{} | {}]", elements.join(", "), tail);
   |                    ^^^^^^
   |
help: consider importing this macro
   |
 7 + use alloc::format;
   |

error: cannot find macro `format` in this scope
  --> crates/beamr/src/term/format.rs:78:20
   |
78 |             return format!("[{} | #<list tail>]", elements.join(", "));
   |                    ^^^^^^
   |
help: consider importing this macro
   |
 7 + use alloc::format;
   |

error: cannot find macro `format` in this scope
   --> crates/beamr/src/term/format.rs:151:16
    |
151 |         return format!("#Ref<0.{}>", reference.id());
    |                ^^^^^^
    |
help: consider importing this macro
    |
  7 + use alloc::format;
    |

error: cannot find macro `format` in this scope
   --> crates/beamr/src/term/format.rs:158:16
    |
158 |         return format!("#Pid<{node}.{}.{}>", pid.pid_number(), pid.serial());
    |                ^^^^^^
    |
help: consider importing this macro
    |
  7 + use alloc::format;
    |

error: cannot find macro `format` in this scope
   --> crates/beamr/src/term/format.rs:165:16
    |
165 |         return format!("#Ref<{node}.{}>", reference.id());
    |                ^^^^^^
    |
help: consider importing this macro
    |
  7 + use alloc::format;
    |

error: cannot find macro `format` in this scope
   --> crates/beamr/src/term/format.rs:180:5
    |
180 |     format!("{{{}}}", elements.join(", "))
    |     ^^^^^^
    |
help: consider importing this macro
    |
  7 + use alloc::format;
    |

error: cannot find macro `format` in this scope
   --> crates/beamr/src/term/format.rs:186:21
    |
186 |         Ok(text) => format!("<<\"{}\">>", escape_string(text)),
    |                     ^^^^^^
    |
help: consider importing this macro
    |
  7 + use alloc::format;
    |

error: cannot find macro `format` in this scope
   --> crates/beamr/src/term/format.rs:187:19
    |
187 |         Err(_) => format!("<<{} bytes>>", binary.len()),
    |                   ^^^^^^
    |
help: consider importing this macro
    |
  7 + use alloc::format;
    |

error: cannot find macro `format` in this scope
   --> crates/beamr/src/term/format.rs:200:9
    |
200 |         format!("{formatted}.0")
    |         ^^^^^^
    |
help: consider importing this macro
    |
  7 + use alloc::format;
    |

error: cannot find macro `format` in this scope
   --> crates/beamr/src/term/format.rs:209:5
    |
209 |     format!(
    |     ^^^^^^
    |
help: consider importing this macro
    |
  7 + use alloc::format;
    |

error: cannot find macro `format` in this scope
   --> crates/beamr/src/term/format.rs:228:22
    |
228 |         entries.push(format!("{key} => {value}"));
    |                      ^^^^^^
    |
help: consider importing this macro
    |
  7 + use alloc::format;
    |

error: cannot find macro `format` in this scope
   --> crates/beamr/src/term/format.rs:230:5
    |
230 |     format!("#{{{}}}", entries.join(", "))
    |     ^^^^^^
    |
help: consider importing this macro
    |
  7 + use alloc::format;
    |

error: cannot find macro `format` in this scope
   --> crates/beamr/src/process/types.rs:178:25
    |
178 |     let mut formatted = format!("{module}:{function}/{arity}");
    |                         ^^^^^^
    |
help: consider importing this macro
    |
  4 + use alloc::format;
    |

error: cannot find macro `format` in this scope
   --> crates/beamr/src/process/types.rs:109:26
    |
109 |         let mut output = format!(
    |                          ^^^^^^
    |
help: consider importing this macro
    |
  4 + use alloc::format;
    |

error: cannot find macro `vec` in this scope
  --> crates/beamr/src/process/stack.rs:61:21
   |
61 |             y_regs: vec![Term::NIL; usize::from(y_slots)],
   |                     ^^^
   |
help: consider importing this macro
   |
 8 + use alloc::vec;
   |

error: cannot find macro `vec` in this scope
   --> crates/beamr/src/process/heap.rs:105:20
    |
105 |             words: vec![0; capacity],
    |                    ^^^
    |
help: consider importing this macro
    |
  9 + use alloc::vec;
    |

error: cannot find macro `vec` in this scope
   --> crates/beamr/src/native/ets_bifs.rs:681:19
    |
681 |         return Ok(vec![object_or_objects]);
    |                   ^^^
    |
help: consider importing this macro
    |
  6 + use alloc::vec;
    |

error: cannot find macro `vec` in this scope
   --> crates/beamr/src/native/ets_bifs.rs:336:19
    |
336 |             args: vec![element, closure_result],
    |                   ^^^
    |
help: consider importing this macro
    |
  6 + use alloc::vec;
    |

error: cannot find macro `vec` in this scope
   --> crates/beamr/src/native/ets_bifs.rs:318:9
    |
318 |         vec![entries[0], *acc],
    |         ^^^
    |
help: consider importing this macro
    |
  6 + use alloc::vec;
    |

error: cannot find macro `vec` in this scope
   --> crates/beamr/src/interpreter/opcodes/binary/construction/segments.rs:232:19
    |
232 |     let mut out = vec![0_u8; len];
    |                   ^^^
    |
help: consider importing this macro
    |
 26 + use alloc::vec;
    |

error: cannot find macro `vec` in this scope
   --> crates/beamr/src/interpreter/opcodes/binary/construction/segments.rs:225:23
    |
225 |         let mut out = vec![fill; len];
    |                       ^^^
    |
help: consider importing this macro
    |
 26 + use alloc::vec;
    |

error: cannot find macro `vec` in this scope
   --> crates/beamr/src/ets/match_spec.rs:207:32
    |
207 |             let mut bindings = vec![None; clause.max_variable.saturating_add(1)];
    |                                ^^^
    |
help: consider importing this macro
    |
  8 + use alloc::vec;
    |

error: cannot find macro `vec` in this scope
   --> crates/beamr/src/ets/match_spec.rs:181:32
    |
181 |             let mut bindings = vec![None; clause.max_variable.saturating_add(1)];
    |                                ^^^
    |
help: consider importing this macro
    |
  8 + use alloc::vec;
    |

error: cannot find macro `format` in this scope
   --> crates/beamr/src/error.rs:421:17
    |
421 |                 format!(
    |                 ^^^^^^
    |
help: consider importing this macro
    |
  7 + use alloc::format;
    |

error: cannot find macro `format` in this scope
   --> crates/beamr/src/error.rs:413:17
    |
413 |                 format!("bad function term {}", format_term(*term, atom_table))
    |                 ^^^^^^
    |
help: consider importing this macro
    |
  7 + use alloc::format;
    |

error: cannot find macro `format` in this scope
   --> crates/beamr/src/error.rs:406:18
    |
406 |             } => format!(
    |                  ^^^^^^
    |
help: consider importing this macro
    |
  7 + use alloc::format;
    |

error: cannot find macro `format` in this scope
   --> crates/beamr/src/error.rs:204:5
    |
204 |     format!(
    |     ^^^^^^
    |
help: consider importing this macro
    |
  7 + use alloc::format;
    |

error: cannot find macro `eprintln` in this scope
   --> crates/beamr/src/interpreter/mod.rs:274:17
    |
274 |                 eprintln!(
    |                 ^^^^^^^^

error: cannot find macro `eprintln` in this scope
  --> crates/beamr/src/capability/audit.rs:55:9
   |
55 |         eprintln!(
   |         ^^^^^^^^

error[E0433]: cannot find module or crate `std` in this scope
   --> crates/beamr/src/interpreter/mod.rs:272:30
    |
272 |             static TRACE_IP: std::sync::OnceLock<bool> = std::sync::OnceLock::new();
    |                              ^^^ use of unresolved module or unlinked crate `std`
    |
    = help: if you wanted to use a crate named `std`, use `cargo add std` to add it to your `Cargo.toml`

error[E0433]: cannot find module or crate `std` in this scope
   --> crates/beamr/src/interpreter/mod.rs:272:58
    |
272 |             static TRACE_IP: std::sync::OnceLock<bool> = std::sync::OnceLock::new();
    |                                                          ^^^ use of unresolved module or unlinked crate `std`
    |
    = help: if you wanted to use a crate named `std`, use `cargo add std` to add it to your `Cargo.toml`

error[E0433]: cannot find module or crate `std` in this scope
   --> crates/beamr/src/interpreter/mod.rs:273:41
    |
273 |             if *TRACE_IP.get_or_init(|| std::env::var_os("BEAMR_TRACE_IP").is_some()) {
    |                                         ^^^ use of unresolved module or unlinked crate `std`
    |
    = help: if you wanted to use a crate named `std`, use `cargo add std` to add it to your `Cargo.toml`

error[E0433]: cannot find module or crate `std` in this scope
  --> crates/beamr/src/native/otp_stubs/erlang_stubs.rs:20:19
   |
20 | static UNIX_ATOM: std::sync::OnceLock<Atom> = std::sync::OnceLock::new();
   |                   ^^^ use of unresolved module or unlinked crate `std`
   |
   = help: if you wanted to use a crate named `std`, use `cargo add std` to add it to your `Cargo.toml`

error[E0433]: cannot find module or crate `std` in this scope
  --> crates/beamr/src/native/otp_stubs/erlang_stubs.rs:20:47
   |
20 | static UNIX_ATOM: std::sync::OnceLock<Atom> = std::sync::OnceLock::new();
   |                                               ^^^ use of unresolved module or unlinked crate `std`
   |
   = help: if you wanted to use a crate named `std`, use `cargo add std` to add it to your `Cargo.toml`

error[E0433]: cannot find module or crate `std` in this scope
  --> crates/beamr/src/native/otp_stubs/erlang_stubs.rs:22:21
   |
22 | static DARWIN_ATOM: std::sync::OnceLock<Atom> = std::sync::OnceLock::new();
   |                     ^^^ use of unresolved module or unlinked crate `std`
   |
   = help: if you wanted to use a crate named `std`, use `cargo add std` to add it to your `Cargo.toml`

error[E0433]: cannot find module or crate `std` in this scope
  --> crates/beamr/src/native/otp_stubs/erlang_stubs.rs:22:49
   |
22 | static DARWIN_ATOM: std::sync::OnceLock<Atom> = std::sync::OnceLock::new();
   |                                                 ^^^ use of unresolved module or unlinked crate `std`
   |
   = help: if you wanted to use a crate named `std`, use `cargo add std` to add it to your `Cargo.toml`

error[E0433]: cannot find module or crate `std` in this scope
  --> crates/beamr/src/native/otp_stubs/erlang_stubs.rs:24:20
   |
24 | static LINUX_ATOM: std::sync::OnceLock<Atom> = std::sync::OnceLock::new();
   |                    ^^^ use of unresolved module or unlinked crate `std`
   |
   = help: if you wanted to use a crate named `std`, use `cargo add std` to add it to your `Cargo.toml`

error[E0433]: cannot find module or crate `std` in this scope
  --> crates/beamr/src/native/otp_stubs/erlang_stubs.rs:24:48
   |
24 | static LINUX_ATOM: std::sync::OnceLock<Atom> = std::sync::OnceLock::new();
   |                                                ^^^ use of unresolved module or unlinked crate `std`
   |
   = help: if you wanted to use a crate named `std`, use `cargo add std` to add it to your `Cargo.toml`

error[E0433]: cannot find module or crate `std` in this scope
  --> crates/beamr/src/native/otp_stubs/erlang_stubs.rs:26:20
   |
26 | static WIN32_ATOM: std::sync::OnceLock<Atom> = std::sync::OnceLock::new();
   |                    ^^^ use of unresolved module or unlinked crate `std`
   |
   = help: if you wanted to use a crate named `std`, use `cargo add std` to add it to your `Cargo.toml`

error[E0433]: cannot find module or crate `std` in this scope
  --> crates/beamr/src/native/otp_stubs/erlang_stubs.rs:26:48
   |
26 | static WIN32_ATOM: std::sync::OnceLock<Atom> = std::sync::OnceLock::new();
   |                                                ^^^ use of unresolved module or unlinked crate `std`
   |
   = help: if you wanted to use a crate named `std`, use `cargo add std` to add it to your `Cargo.toml`

error[E0433]: cannot find module or crate `std` in this scope
  --> crates/beamr/src/native/otp_stubs/erlang_stubs.rs:28:17
   |
28 | static NT_ATOM: std::sync::OnceLock<Atom> = std::sync::OnceLock::new();
   |                 ^^^ use of unresolved module or unlinked crate `std`
   |
   = help: if you wanted to use a crate named `std`, use `cargo add std` to add it to your `Cargo.toml`

error[E0433]: cannot find module or crate `std` in this scope
  --> crates/beamr/src/native/otp_stubs/erlang_stubs.rs:28:45
   |
28 | static NT_ATOM: std::sync::OnceLock<Atom> = std::sync::OnceLock::new();
   |                                             ^^^ use of unresolved module or unlinked crate `std`
   |
   = help: if you wanted to use a crate named `std`, use `cargo add std` to add it to your `Cargo.toml`

error[E0433]: cannot find module or crate `std` in this scope
  --> crates/beamr/src/native/otp_stubs/erlang_stubs.rs:30:22
   |
30 | static UNKNOWN_ATOM: std::sync::OnceLock<Atom> = std::sync::OnceLock::new();
   |                      ^^^ use of unresolved module or unlinked crate `std`
   |
   = help: if you wanted to use a crate named `std`, use `cargo add std` to add it to your `Cargo.toml`

error[E0433]: cannot find module or crate `std` in this scope
  --> crates/beamr/src/native/otp_stubs/erlang_stubs.rs:30:50
   |
30 | static UNKNOWN_ATOM: std::sync::OnceLock<Atom> = std::sync::OnceLock::new();
   |                                                  ^^^ use of unresolved module or unlinked crate `std`
   |
   = help: if you wanted to use a crate named `std`, use `cargo add std` to add it to your `Cargo.toml`

error[E0433]: cannot find module or crate `std` in this scope
  --> crates/beamr/src/native/otp_stubs/erlang_stubs.rs:32:23
   |
32 | static BAD_NAME_ATOM: std::sync::OnceLock<Atom> = std::sync::OnceLock::new();
   |                       ^^^ use of unresolved module or unlinked crate `std`
   |
   = help: if you wanted to use a crate named `std`, use `cargo add std` to add it to your `Cargo.toml`

error[E0433]: cannot find module or crate `std` in this scope
  --> crates/beamr/src/native/otp_stubs/erlang_stubs.rs:32:51
   |
32 | static BAD_NAME_ATOM: std::sync::OnceLock<Atom> = std::sync::OnceLock::new();
   |                                                   ^^^ use of unresolved module or unlinked crate `std`
   |
   = help: if you wanted to use a crate named `std`, use `cargo add std` to add it to your `Cargo.toml`

error[E0433]: cannot find module or crate `std` in this scope
  --> crates/beamr/src/native/otp_stubs/erlang_stubs.rs:34:25
   |
34 | static NOT_LOADED_ATOM: std::sync::OnceLock<Atom> = std::sync::OnceLock::new();
   |                         ^^^ use of unresolved module or unlinked crate `std`
   |
   = help: if you wanted to use a crate named `std`, use `cargo add std` to add it to your `Cargo.toml`

error[E0433]: cannot find module or crate `std` in this scope
  --> crates/beamr/src/native/otp_stubs/erlang_stubs.rs:34:53
   |
34 | static NOT_LOADED_ATOM: std::sync::OnceLock<Atom> = std::sync::OnceLock::new();
   |                                                     ^^^ use of unresolved module or unlinked crate `std`
   |
   = help: if you wanted to use a crate named `std`, use `cargo add std` to add it to your `Cargo.toml`

error[E0433]: cannot find module or crate `std` in this scope
  --> crates/beamr/src/native/otp_stubs/erlang_stubs.rs:66:23
   |
66 |     env_pairs_to_list(std::env::vars(), context)
   |                       ^^^ use of unresolved module or unlinked crate `std`
   |
   = help: if you wanted to use a crate named `std`, use `cargo add std` to add it to your `Cargo.toml`

error[E0433]: cannot find module or crate `std` in this scope
  --> crates/beamr/src/native/otp_stubs/erlang_stubs.rs:97:11
   |
97 |     match std::env::var(&key) {
   |           ^^^ use of unresolved module or unlinked crate `std`
   |
   = help: if you wanted to use a crate named `std`, use `cargo add std` to add it to your `Cargo.toml`

error[E0433]: cannot find module or crate `std` in this scope
  --> crates/beamr/src/native/otp_stubs/erlang_stubs.rs:99:13
   |
99 |         Err(std::env::VarError::NotPresent) => Ok(Term::atom(Atom::FALSE)),
   |             ^^^ use of unresolved module or unlinked crate `std`
   |
   = help: if you wanted to use a crate named `std`, use `cargo add std` to add it to your `Cargo.toml`

error[E0433]: cannot find module or crate `std` in this scope
   --> crates/beamr/src/native/otp_stubs/erlang_stubs.rs:100:13
    |
100 |         Err(std::env::VarError::NotUnicode(_)) => Err(badarg()),
    |             ^^^ use of unresolved module or unlinked crate `std`
    |
    = help: if you wanted to use a crate named `std`, use `cargo add std` to add it to your `Cargo.toml`

error[E0433]: cannot find module or crate `std` in this scope
   --> crates/beamr/src/native/otp_stubs/erlang_stubs.rs:119:9
    |
119 |         std::env::set_var(&key, &value);
    |         ^^^ use of unresolved module or unlinked crate `std`
    |
    = help: if you wanted to use a crate named `std`, use `cargo add std` to add it to your `Cargo.toml`

error[E0433]: cannot find module or crate `std` in this scope
   --> crates/beamr/src/native/otp_stubs/erlang_stubs.rs:135:9
    |
135 |         std::env::remove_var(&key);
    |         ^^^ use of unresolved module or unlinked crate `std`
    |
    = help: if you wanted to use a crate named `std`, use `cargo add std` to add it to your `Cargo.toml`

error[E0433]: cannot find module or crate `std` in this scope
   --> crates/beamr/src/native/otp_stubs/erlang_stubs.rs:346:13
    |
346 |     cache: &std::sync::OnceLock<Atom>,
    |             ^^^ use of unresolved module or unlinked crate `std`
    |
    = help: if you wanted to use a crate named `std`, use `cargo add std` to add it to your `Cargo.toml`

error[E0433]: cannot find module or crate `std` in this scope
   --> crates/beamr/src/native/otp_stubs/erlang_stubs.rs:380:32
    |
380 | fn priv_dir_from_origin(path: &std::path::Path) -> Option<std::path::PathBuf> {
    |                                ^^^ use of unresolved module or unlinked crate `std`
    |
    = help: if you wanted to use a crate named `std`, use `cargo add std` to add it to your `Cargo.toml`

error[E0433]: cannot find module or crate `std` in this scope
   --> crates/beamr/src/native/otp_stubs/erlang_stubs.rs:380:59
    |
380 | fn priv_dir_from_origin(path: &std::path::Path) -> Option<std::path::PathBuf> {
    |                                                           ^^^ use of unresolved module or unlinked crate `std`
    |
    = help: if you wanted to use a crate named `std`, use `cargo add std` to add it to your `Cargo.toml`

error[E0433]: cannot find module or crate `std` in this scope
  --> crates/beamr/src/native/select.rs:31:20
   |
31 |     removed_index: std::sync::Mutex<Option<usize>>,
   |                    ^^^ use of unresolved module or unlinked crate `std`
   |
   = help: if you wanted to use a crate named `std`, use `cargo add std` to add it to your `Cargo.toml`

error[E0433]: cannot find module or crate `std` in this scope
  --> crates/beamr/src/native/select.rs:40:28
   |
40 |             removed_index: std::sync::Mutex::new(None),
   |                            ^^^ use of unresolved module or unlinked crate `std`
   |
   = help: if you wanted to use a crate named `std`, use `cargo add std` to add it to your `Cargo.toml`
help: there is an enum variant `crate::ets::ordered_set::OrderedSetRows::Mutex`; try using the variant's enum
   |
40 -             removed_index: std::sync::Mutex::new(None),
40 +             removed_index: crate::ets::ordered_set::OrderedSetRows::new(None),
   |

error[E0433]: cannot find module or crate `std` in this scope
   --> crates/beamr/src/native/stdlib_stubs/collection_bifs.rs:185:5
    |
185 |     std::thread::sleep(std::time::Duration::from_millis(ms));
    |     ^^^ use of unresolved module or unlinked crate `std`
    |
    = help: if you wanted to use a crate named `std`, use `cargo add std` to add it to your `Cargo.toml`

error[E0433]: cannot find module or crate `std` in this scope
   --> crates/beamr/src/scheduler/wasm.rs:855:47
    |
855 | fn lock_timers(timers: &Mutex<TimerWheel>) -> std::sync::MutexGuard<'_, TimerWheel> {
    |                                               ^^^ use of unresolved module or unlinked crate `std`
    |
    = help: if you wanted to use a crate named `std`, use `cargo add std` to add it to your `Cargo.toml`

error[E0433]: cannot find module or crate `std` in this scope
   --> crates/beamr/src/scheduler/wasm.rs:858:25
    |
858 |         .unwrap_or_else(std::sync::PoisonError::into_inner)
    |                         ^^^ use of unresolved module or unlinked crate `std`
    |
    = help: if you wanted to use a crate named `std`, use `cargo add std` to add it to your `Cargo.toml`

error[E0433]: cannot find module or crate `std` in this scope
   --> crates/beamr/src/scheduler/wasm_native.rs:712:33
    |
712 | fn lock<T>(mutex: &Mutex<T>) -> std::sync::MutexGuard<'_, T> {
    |                                 ^^^ use of unresolved module or unlinked crate `std`
    |
    = help: if you wanted to use a crate named `std`, use `cargo add std` to add it to your `Cargo.toml`

error[E0433]: cannot find module or crate `std` in this scope
   --> crates/beamr/src/scheduler/wasm_native.rs:715:25
    |
715 |         .unwrap_or_else(std::sync::PoisonError::into_inner)
    |                         ^^^ use of unresolved module or unlinked crate `std`
    |
    = help: if you wanted to use a crate named `std`, use `cargo add std` to add it to your `Cargo.toml`

error[E0425]: cannot find type `String` in this scope
   --> crates/beamr/src/atom/table.rs:187:22
    |
187 |     by_name: DashMap<String, Atom>,
    |                      ^^^^^^ not found in this scope
    |
help: consider importing this struct
    |
  1 + use alloc::string::String;
    |

error[E0433]: cannot find type `Box` in this scope
   --> crates/beamr/src/atom/table.rs:241:49
    |
241 |                 let stored_name: &'static str = Box::leak(entry.key().clone().into_boxed_str());
    |                                                 ^^^ use of undeclared type `Box`
    |
help: consider importing this struct
    |
  1 + use alloc::boxed::Box;
    |

error[E0425]: cannot find type `Vec` in this scope
  --> crates/beamr/src/constant_pool/mod.rs:43:13
   |
43 |     blocks: Vec<Box<[u64]>>,
   |             ^^^ not found in this scope
   |
help: consider importing this struct
   |
 8 + use alloc::vec::Vec;
   |

error[E0425]: cannot find type `Box` in this scope
  --> crates/beamr/src/constant_pool/mod.rs:43:17
   |
43 |     blocks: Vec<Box<[u64]>>,
   |                 ^^^ not found in this scope
   |
help: consider importing this struct
   |
 8 + use alloc::boxed::Box;
   |

error[E0425]: cannot find type `Vec` in this scope
  --> crates/beamr/src/constant_pool/mod.rs:44:18
   |
44 |     block_kinds: Vec<BlockKind>,
   |                  ^^^ not found in this scope
   |
help: consider importing this struct
   |
 8 + use alloc::vec::Vec;
   |

error[E0425]: cannot find type `Vec` in this scope
  --> crates/beamr/src/constant_pool/mod.rs:45:12
   |
45 |     roots: Vec<RootEntry>,
   |            ^^^ not found in this scope
   |
help: consider importing this struct
   |
 8 + use alloc::vec::Vec;
   |

error[E0433]: cannot find type `Vec` in this scope
  --> crates/beamr/src/constant_pool/mod.rs:53:21
   |
53 |             blocks: Vec::new(),
   |                     ^^^ use of undeclared type `Vec`
   |
help: consider importing this struct
   |
 8 + use alloc::vec::Vec;
   |

error[E0433]: cannot find type `Vec` in this scope
  --> crates/beamr/src/constant_pool/mod.rs:54:26
   |
54 |             block_kinds: Vec::new(),
   |                          ^^^ use of undeclared type `Vec`
   |
help: consider importing this struct
   |
 8 + use alloc::vec::Vec;
   |

error[E0433]: cannot find type `Vec` in this scope
  --> crates/beamr/src/constant_pool/mod.rs:55:20
   |
55 |             roots: Vec::new(),
   |                    ^^^ use of undeclared type `Vec`
   |
help: consider importing this struct
   |
 8 + use alloc::vec::Vec;
   |

error[E0425]: cannot find type `Vec` in this scope
   --> crates/beamr/src/constant_pool/mod.rs:126:37
    |
126 |     fn push_block(&mut self, words: Vec<u64>, kind: BlockKind) -> Result<usize, LoadError> {
    |                                     ^^^ not found in this scope
    |
help: consider importing this struct
    |
  8 + use alloc::vec::Vec;
    |

error[E0425]: cannot find type `Vec` in this scope
   --> crates/beamr/src/constant_pool/mod.rs:160:23
    |
160 |         let mappings: Vec<_> = self
    |                       ^^^ not found in this scope
    |
help: consider importing this struct
    |
  8 + use alloc::vec::Vec;
    |

error[E0433]: cannot find module or crate `std` in this scope
   --> crates/beamr/src/constant_pool/mod.rs:255:21
    |
255 |     let word_size = std::mem::size_of::<u64>();
    |                     ^^^ use of unresolved module or unlinked crate `std`
    |
    = help: if you wanted to use a crate named `std`, use `cargo add std` to add it to your `Cargo.toml`
help: consider importing this module
    |
  8 + use core::mem;
    |
help: if you import `mem`, refer to it directly
    |
255 -     let word_size = std::mem::size_of::<u64>();
255 +     let word_size = mem::size_of::<u64>();
    |

error[E0433]: cannot find type `Vec` in this scope
   --> crates/beamr/src/constant_pool/mod.rs:391:29
    |
391 |             let mut pairs = Vec::with_capacity(entries.len());
    |                             ^^^ use of undeclared type `Vec`
    |
help: consider importing this struct
    |
  8 + use alloc::vec::Vec;
    |

error[E0425]: cannot find type `Vec` in this scope
   --> crates/beamr/src/constant_pool/mod.rs:404:23
    |
404 |             let keys: Vec<_> = pairs.iter().map(|(key, _)| *key).collect();
    |                       ^^^ not found in this scope
    |
help: consider importing this struct
    |
  8 + use alloc::vec::Vec;
    |

error[E0425]: cannot find type `Vec` in this scope
   --> crates/beamr/src/constant_pool/mod.rs:405:25
    |
405 |             let values: Vec<_> = pairs.iter().map(|(_, value)| *value).collect();
    |                         ^^^ not found in this scope
    |
help: consider importing this struct
    |
  8 + use alloc::vec::Vec;
    |

error[E0425]: cannot find type `Vec` in this scope
   --> crates/beamr/src/constant_pool/mod.rs:419:13
    |
419 | ) -> Result<Vec<Term>, LoadError> {
    |             ^^^ not found in this scope
    |
help: consider importing this struct
    |
  8 + use alloc::vec::Vec;
    |

error[E0433]: cannot find type `Vec` in this scope
   --> crates/beamr/src/constant_pool/mod.rs:420:21
    |
420 |     let mut terms = Vec::with_capacity(literals.len());
    |                     ^^^ use of undeclared type `Vec`
    |
help: consider importing this struct
    |
  8 + use alloc::vec::Vec;
    |

error[E0425]: cannot find type `String` in this scope
  --> crates/beamr/src/error.rs:20:18
   |
20 |     MissingChunk(String),
   |                  ^^^^^^ not found in this scope
   |
help: consider importing this struct
   |
 7 + use alloc::string::String;
   |

error[E0425]: cannot find type `String` in this scope
  --> crates/beamr/src/error.rs:22:17
   |
22 |     DecodeError(String),
   |                 ^^^^^^ not found in this scope
   |
help: consider importing this struct
   |
 7 + use alloc::string::String;
   |

error[E0425]: cannot find type `String` in this scope
  --> crates/beamr/src/error.rs:24:21
   |
24 |     ValidationError(String),
   |                     ^^^^^^ not found in this scope
   |
help: consider importing this struct
   |
 7 + use alloc::string::String;
   |

error[E0425]: cannot find type `String` in this scope
   --> crates/beamr/src/error.rs:203:6
    |
203 | ) -> String {
    |      ^^^^^^ not found in this scope
    |
help: consider importing this struct
    |
  7 + use alloc::string::String;
    |

error[E0425]: cannot find type `Vec` in this scope
   --> crates/beamr/src/error.rs:238:15
    |
238 |         args: Vec<crate::term::Term>,
    |               ^^^ not found in this scope
    |
help: consider importing this struct
    |
  7 + use alloc::vec::Vec;
    |

error[E0425]: cannot find type `String` in this scope
   --> crates/beamr/src/error.rs:303:20
    |
303 |     ReplayMismatch(String),
    |                    ^^^^^^ not found in this scope
    |
help: consider importing this struct
    |
  7 + use alloc::string::String;
    |

error[E0425]: cannot find type `Vec` in this scope
   --> crates/beamr/src/error.rs:340:32
    |
340 |                     .collect::<Vec<_>>()
    |                                ^^^ not found in this scope
    |
help: consider importing this struct
    |
  7 + use alloc::vec::Vec;
    |

error[E0425]: cannot find type `String` in this scope
   --> crates/beamr/src/error.rs:400:64
    |
400 |     pub fn format_with_atoms(&self, atom_table: &AtomTable) -> String {
    |                                                                ^^^^^^ not found in this scope
    |
help: consider importing this struct
    |
  7 + use alloc::string::String;
    |

error[E0425]: cannot find type `Vec` in this scope
   --> crates/beamr/src/error.rs:419:32
    |
419 |                     .collect::<Vec<_>>()
    |                                ^^^ not found in this scope
    |
help: consider importing this struct
    |
  7 + use alloc::vec::Vec;
    |

error[E0425]: cannot find type `String` in this scope
  --> crates/beamr/src/etf/decode.rs:24:16
   |
24 |     UnsafeAtom(String),
   |                ^^^^^^ not found in this scope
   |
help: consider importing this struct
   |
 3 + use alloc::string::String;
   |

error[E0433]: cannot find module or crate `std` in this scope
  --> crates/beamr/src/etf/decode.rs:63:26
   |
63 |             .checked_mul(std::mem::size_of::<u64>())
   |                          ^^^ use of unresolved module or unlinked crate `std`
   |
   = help: if you wanted to use a crate named `std`, use `cargo add std` to add it to your `Cargo.toml`
help: consider importing this module
   |
 3 + use core::mem;
   |
help: if you import `mem`, refer to it directly
   |
63 -             .checked_mul(std::mem::size_of::<u64>())
63 +             .checked_mul(mem::size_of::<u64>())
   |

error[E0433]: cannot find type `Vec` in this scope
   --> crates/beamr/src/etf/decode.rs:170:32
    |
170 |             let mut elements = Vec::with_capacity(len);
    |                                ^^^ use of undeclared type `Vec`
    |
help: consider importing this struct
    |
  3 + use alloc::vec::Vec;
    |

error[E0433]: cannot find type `Vec` in this scope
   --> crates/beamr/src/etf/decode.rs:184:32
    |
184 |             let mut elements = Vec::with_capacity(len);
    |                                ^^^ use of undeclared type `Vec`
    |
help: consider importing this struct
    |
  3 + use alloc::vec::Vec;
    |

error[E0433]: cannot find type `Vec` in this scope
   --> crates/beamr/src/etf/decode.rs:248:28
    |
248 |             let mut keys = Vec::with_capacity(len);
    |                            ^^^ use of undeclared type `Vec`
    |
help: consider importing this struct
    |
  3 + use alloc::vec::Vec;
    |

error[E0433]: cannot find type `Vec` in this scope
   --> crates/beamr/src/etf/decode.rs:249:30
    |
249 |             let mut values = Vec::with_capacity(len);
    |                              ^^^ use of undeclared type `Vec`
    |
help: consider importing this struct
    |
  3 + use alloc::vec::Vec;
    |

error[E0433]: cannot find type `Vec` in this scope
   --> crates/beamr/src/etf/decode.rs:397:24
    |
397 |     let mut elements = Vec::with_capacity(arity);
    |                        ^^^ use of undeclared type `Vec`
    |
help: consider importing this struct
    |
  3 + use alloc::vec::Vec;
    |

error[E0433]: cannot find module or crate `std` in this scope
   --> crates/beamr/src/etf/decode.rs:418:16
    |
418 |     let name = std::str::from_utf8(bytes).map_err(|_| DecodeError::InvalidUtf8)?;
    |                ^^^ use of unresolved module or unlinked crate `std`
    |
    = help: if you wanted to use a crate named `std`, use `cargo add std` to add it to your `Cargo.toml`
help: consider importing one of these modules
    |
  3 + use core::str;
    |
  3 + use alloc::str;
    |
help: if you import `str`, refer to it directly
    |
418 -     let name = std::str::from_utf8(bytes).map_err(|_| DecodeError::InvalidUtf8)?;
418 +     let name = str::from_utf8(bytes).map_err(|_| DecodeError::InvalidUtf8)?;
    |

error[E0433]: cannot find module or crate `std` in this scope
   --> crates/beamr/src/etf/decode.rs:446:15
    |
446 |     if len <= std::mem::size_of::<i64>() {
    |               ^^^ use of unresolved module or unlinked crate `std`
    |
    = help: if you wanted to use a crate named `std`, use `cargo add std` to add it to your `Cargo.toml`
help: consider importing this module
    |
  3 + use core::mem;
    |
help: if you import `mem`, refer to it directly
    |
446 -     if len <= std::mem::size_of::<i64>() {
446 +     if len <= mem::size_of::<i64>() {
    |

error[E0433]: cannot find module or crate `std` in this scope
   --> crates/beamr/src/etf/decode.rs:473:39
    |
473 |         let limb_count = len.div_ceil(std::mem::size_of::<u64>());
    |                                       ^^^ use of unresolved module or unlinked crate `std`
    |
    = help: if you wanted to use a crate named `std`, use `cargo add std` to add it to your `Cargo.toml`
help: consider importing this module
    |
  3 + use core::mem;
    |
help: if you import `mem`, refer to it directly
    |
473 -         let limb_count = len.div_ceil(std::mem::size_of::<u64>());
473 +         let limb_count = len.div_ceil(mem::size_of::<u64>());
    |

error[E0433]: cannot find type `Vec` in this scope
   --> crates/beamr/src/etf/decode.rs:480:25
    |
480 |         let mut limbs = Vec::with_capacity(limb_count);
    |                         ^^^ use of undeclared type `Vec`
    |
help: consider importing this struct
    |
  3 + use alloc::vec::Vec;
    |

error[E0433]: cannot find module or crate `std` in this scope
   --> crates/beamr/src/etf/decode.rs:481:35
    |
481 |         for chunk in bytes.chunks(std::mem::size_of::<u64>()) {
    |                                   ^^^ use of unresolved module or unlinked crate `std`
    |
    = help: if you wanted to use a crate named `std`, use `cargo add std` to add it to your `Cargo.toml`
help: consider importing this module
    |
  3 + use core::mem;
    |
help: if you import `mem`, refer to it directly
    |
481 -         for chunk in bytes.chunks(std::mem::size_of::<u64>()) {
481 +         for chunk in bytes.chunks(mem::size_of::<u64>()) {
    |

error[E0433]: cannot find module or crate `std` in this scope
   --> crates/beamr/src/etf/decode.rs:482:41
    |
482 |             let mut limb_bytes = [0_u8; std::mem::size_of::<u64>()];
    |                                         ^^^ use of unresolved module or unlinked crate `std`
    |
    = help: if you wanted to use a crate named `std`, use `cargo add std` to add it to your `Cargo.toml`
help: consider importing this module
    |
  3 + use core::mem;
    |
help: if you import `mem`, refer to it directly
    |
482 -             let mut limb_bytes = [0_u8; std::mem::size_of::<u64>()];
482 +             let mut limb_bytes = [0_u8; mem::size_of::<u64>()];
    |

error[E0433]: cannot find module or crate `std` in this scope
   --> crates/beamr/src/etf/decode.rs:502:30
    |
502 |         .map(|count| count / std::mem::size_of::<u64>())
    |                              ^^^ use of unresolved module or unlinked crate `std`
    |
    = help: if you wanted to use a crate named `std`, use `cargo add std` to add it to your `Cargo.toml`
help: consider importing this module
    |
  3 + use core::mem;
    |
help: if you import `mem`, refer to it directly
    |
502 -         .map(|count| count / std::mem::size_of::<u64>())
502 +         .map(|count| count / mem::size_of::<u64>())
    |

error[E0425]: cannot find type `Vec` in this scope
   --> crates/beamr/src/etf/decode.rs:505:70
    |
505 | fn decompress_bounded(bytes: &[u8], declared_size: usize) -> Result<(Vec<u8>, usize), DecodeError> {
    |                                                                      ^^^ not found in this scope
    |
help: consider importing this struct
    |
  3 + use alloc::vec::Vec;
    |

error[E0433]: cannot find type `Vec` in this scope
   --> crates/beamr/src/etf/decode.rs:509:19
    |
509 |     let mut out = Vec::new();
    |                   ^^^ use of undeclared type `Vec`
    |
help: consider importing this struct
    |
  3 + use alloc::vec::Vec;
    |

error[E0425]: cannot find type `Vec` in this scope
  --> crates/beamr/src/etf/encode.rs:30:15
   |
30 |     out: &mut Vec<u8>,
   |               ^^^ not found in this scope
   |
help: consider importing this struct
   |
 3 + use alloc::vec::Vec;
   |

error[E0425]: cannot find type `Vec` in this scope
  --> crates/beamr/src/etf/encode.rs:50:11
   |
50 |     Owned(Vec<u8>),
   |           ^^^ not found in this scope
   |
help: consider importing this struct
   |
 3 + use alloc::vec::Vec;
   |

error[E0425]: cannot find type `Vec` in this scope
  --> crates/beamr/src/etf/encode.rs:54:66
   |
54 | pub fn encode_term(term: Term, atom_table: &AtomTable) -> Result<Vec<u8>, EncodeError> {
   |                                                                  ^^^ not found in this scope
   |
help: consider importing this struct
   |
 3 + use alloc::vec::Vec;
   |

error[E0425]: cannot find type `Vec` in this scope
  --> crates/beamr/src/etf/encode.rs:63:13
   |
63 | ) -> Result<Vec<IoSegment>, EncodeError> {
   |             ^^^ not found in this scope
   |
help: consider importing this struct
   |
 3 + use alloc::vec::Vec;
   |

error[E0425]: cannot find type `Vec` in this scope
  --> crates/beamr/src/etf/encode.rs:74:13
   |
74 | ) -> Result<Vec<u8>, EncodeError> {
   |             ^^^ not found in this scope
   |
help: consider importing this struct
   |
 3 + use alloc::vec::Vec;
   |

error[E0433]: cannot find type `Vec` in this scope
  --> crates/beamr/src/etf/encode.rs:86:40
   |
86 |     let mut encoder = ZlibEncoder::new(Vec::new(), Compression::new(level));
   |                                        ^^^ use of undeclared type `Vec`
   |
help: consider importing this struct
   |
 3 + use alloc::vec::Vec;
   |

error[E0433]: cannot find type `Vec` in this scope
  --> crates/beamr/src/etf/encode.rs:93:26
   |
93 |     let mut compressed = Vec::with_capacity(6 + compressed_payload.len());
   |                          ^^^ use of undeclared type `Vec`
   |
help: consider importing this struct
   |
 3 + use alloc::vec::Vec;
   |

error[E0425]: cannot find type `Vec` in this scope
   --> crates/beamr/src/etf/encode.rs:108:15
    |
108 |     out: &mut Vec<u8>,
    |               ^^^ not found in this scope
    |
help: consider importing this struct
    |
  3 + use alloc::vec::Vec;
    |

error[E0425]: cannot find type `Vec` in this scope
   --> crates/beamr/src/etf/encode.rs:135:41
    |
135 | fn encode_integer(value: i64, out: &mut Vec<u8>) -> Result<(), EncodeError> {
    |                                         ^^^ not found in this scope
    |
help: consider importing this struct
    |
  3 + use alloc::vec::Vec;
    |

error[E0425]: cannot find type `Vec` in this scope
   --> crates/beamr/src/etf/encode.rs:148:41
    |
148 | fn encode_i64_big(value: i64, out: &mut Vec<u8>) -> Result<(), EncodeError> {
    |                                         ^^^ not found in this scope
    |
help: consider importing this struct
    |
  3 + use alloc::vec::Vec;
    |

error[E0425]: cannot find type `Vec` in this scope
   --> crates/beamr/src/etf/encode.rs:154:44
    |
154 | fn encode_bigint(bigint: BigInt, out: &mut Vec<u8>) -> Result<(), EncodeError> {
    |                                            ^^^ not found in this scope
    |
help: consider importing this struct
    |
  3 + use alloc::vec::Vec;
    |

error[E0433]: cannot find type `Vec` in this scope
   --> crates/beamr/src/etf/encode.rs:155:21
    |
155 |     let mut bytes = Vec::with_capacity(bigint.limb_count() * std::mem::size_of::<u64>());
    |                     ^^^ use of undeclared type `Vec`
    |
help: consider importing this struct
    |
  3 + use alloc::vec::Vec;
    |

error[E0433]: cannot find module or crate `std` in this scope
   --> crates/beamr/src/etf/encode.rs:155:62
    |
155 |     let mut bytes = Vec::with_capacity(bigint.limb_count() * std::mem::size_of::<u64>());
    |                                                              ^^^ use of unresolved module or unlinked crate `std`
    |
    = help: if you wanted to use a crate named `std`, use `cargo add std` to add it to your `Cargo.toml`
help: consider importing this module
    |
  3 + use core::mem;
    |
help: if you import `mem`, refer to it directly
    |
155 -     let mut bytes = Vec::with_capacity(bigint.limb_count() * std::mem::size_of::<u64>());
155 +     let mut bytes = Vec::with_capacity(bigint.limb_count() * mem::size_of::<u64>());
    |

error[E0425]: cannot find type `Vec` in this scope
   --> crates/beamr/src/etf/encode.rs:162:61
    |
162 | fn encode_big_bytes(negative: bool, bytes: &[u8], out: &mut Vec<u8>) -> Result<(), EncodeError> {
    |                                                             ^^^ not found in this scope
    |
help: consider importing this struct
    |
  3 + use alloc::vec::Vec;
    |

error[E0425]: cannot find type `Vec` in this scope
   --> crates/beamr/src/etf/encode.rs:182:62
    |
182 | fn encode_atom(atom: Atom, atom_table: &AtomTable, out: &mut Vec<u8>) -> Result<(), EncodeError> {
    |                                                              ^^^ not found in this scope
    |
help: consider importing this struct
    |
  3 + use alloc::vec::Vec;
    |

error[E0425]: cannot find type `Vec` in this scope
   --> crates/beamr/src/etf/encode.rs:189:43
    |
189 | fn encode_atom_name(name: &str, out: &mut Vec<u8>) -> Result<(), EncodeError> {
    |                                           ^^^ not found in this scope
    |
help: consider importing this struct
    |
  3 + use alloc::vec::Vec;
    |

error[E0425]: cannot find type `Vec` in this scope
   --> crates/beamr/src/etf/encode.rs:203:35
    |
203 | fn encode_pid(pid: u64, out: &mut Vec<u8>) -> Result<(), EncodeError> {
    |                                   ^^^ not found in this scope
    |
help: consider importing this struct
    |
  3 + use alloc::vec::Vec;
    |

error[E0425]: cannot find type `Vec` in this scope
   --> crates/beamr/src/etf/encode.rs:213:53
    |
213 | fn encode_reference(reference: Reference, out: &mut Vec<u8>) -> Result<(), EncodeError> {
    |                                                     ^^^ not found in this scope
    |
help: consider importing this struct
    |
  3 + use alloc::vec::Vec;
    |

error[E0425]: cannot find type `Vec` in this scope
   --> crates/beamr/src/etf/encode.rs:225:15
    |
225 |     segments: Vec<IoSegment>,
    |               ^^^ not found in this scope
    |
help: consider importing this struct
    |
  3 + use alloc::vec::Vec;
    |

error[E0425]: cannot find type `Vec` in this scope
   --> crates/beamr/src/etf/encode.rs:226:14
    |
226 |     current: Vec<u8>,
    |              ^^^ not found in this scope
    |
help: consider importing this struct
    |
  3 + use alloc::vec::Vec;
    |

error[E0433]: cannot find type `Vec` in this scope
   --> crates/beamr/src/etf/encode.rs:232:23
    |
232 |             segments: Vec::new(),
    |                       ^^^ use of undeclared type `Vec`
    |
help: consider importing this struct
    |
  3 + use alloc::vec::Vec;
    |

error[E0433]: cannot find type `Vec` in this scope
   --> crates/beamr/src/etf/encode.rs:233:22
    |
233 |             current: Vec::new(),
    |                      ^^^ use of undeclared type `Vec`
    |
help: consider importing this struct
    |
  3 + use alloc::vec::Vec;
    |

error[E0425]: cannot find type `Vec` in this scope
   --> crates/beamr/src/etf/encode.rs:237:33
    |
237 |     fn bytes(&mut self) -> &mut Vec<u8> {
    |                                 ^^^ not found in this scope
    |
help: consider importing this struct
    |
  3 + use alloc::vec::Vec;
    |

error[E0433]: cannot find module or crate `std` in this scope
   --> crates/beamr/src/etf/encode.rs:244:40
    |
244 |                 .push(IoSegment::Owned(std::mem::take(&mut self.current)));
    |                                        ^^^ use of unresolved module or unlinked crate `std`
    |
    = help: if you wanted to use a crate named `std`, use `cargo add std` to add it to your `Cargo.toml`
help: consider importing this module
    |
  3 + use core::mem;
    |
help: if you import `mem`, refer to it directly
    |
244 -                 .push(IoSegment::Owned(std::mem::take(&mut self.current)));
244 +                 .push(IoSegment::Owned(mem::take(&mut self.current)));
    |

error[E0425]: cannot find type `Vec` in this scope
   --> crates/beamr/src/etf/encode.rs:253:28
    |
253 |     fn finish(mut self) -> Vec<IoSegment> {
    |                            ^^^ not found in this scope
    |
help: consider importing this struct
    |
  3 + use alloc::vec::Vec;
    |

error[E0425]: cannot find type `Vec` in this scope
   --> crates/beamr/src/etf/encode.rs:331:15
    |
331 |     out: &mut Vec<u8>,
    |               ^^^ not found in this scope
    |
help: consider importing this struct
    |
  3 + use alloc::vec::Vec;
    |

error[E0425]: cannot find type `Vec` in this scope
   --> crates/beamr/src/etf/encode.rs:366:15
    |
366 |     out: &mut Vec<u8>,
    |               ^^^ not found in this scope
    |
help: consider importing this struct
    |
  3 + use alloc::vec::Vec;
    |

error[E0425]: cannot find type `Vec` in this scope
   --> crates/beamr/src/etf/encode.rs:415:15
    |
415 |     out: &mut Vec<u8>,
    |               ^^^ not found in this scope
    |
help: consider importing this struct
    |
  3 + use alloc::vec::Vec;
    |

error[E0433]: cannot find type `Vec` in this scope
   --> crates/beamr/src/etf/encode.rs:420:25
    |
420 |         let mut bytes = Vec::with_capacity(elements.len());
    |                         ^^^ use of undeclared type `Vec`
    |
help: consider importing this struct
    |
  3 + use alloc::vec::Vec;
    |

error[E0433]: cannot find type `Vec` in this scope
   --> crates/beamr/src/etf/encode.rs:457:25
    |
457 |         let mut bytes = Vec::with_capacity(elements.len());
    |                         ^^^ use of undeclared type `Vec`
    |
help: consider importing this struct
    |
  3 + use alloc::vec::Vec;
    |

error[E0425]: cannot find type `Vec` in this scope
   --> crates/beamr/src/etf/encode.rs:487:40
    |
487 | fn collect_list(term: Term) -> Result<(Vec<Term>, Term), EncodeError> {
    |                                        ^^^ not found in this scope
    |
help: consider importing this struct
    |
  3 + use alloc::vec::Vec;
    |

error[E0433]: cannot find type `Vec` in this scope
   --> crates/beamr/src/etf/encode.rs:488:24
    |
488 |     let mut elements = Vec::new();
    |                        ^^^ use of undeclared type `Vec`
    |
help: consider importing this struct
    |
  3 + use alloc::vec::Vec;
    |

error[E0425]: cannot find type `Vec` in this scope
   --> crates/beamr/src/etf/encode.rs:498:47
    |
498 | fn encode_binary(binary: BinaryRef, out: &mut Vec<u8>) -> Result<(), EncodeError> {
    |                                               ^^^ not found in this scope
    |
help: consider importing this struct
    |
  3 + use alloc::vec::Vec;
    |

error[E0425]: cannot find type `Vec` in this scope
   --> crates/beamr/src/etf/encode.rs:527:15
    |
527 |     out: &mut Vec<u8>,
    |               ^^^ not found in this scope
    |
help: consider importing this struct
    |
  3 + use alloc::vec::Vec;
    |

error[E0425]: cannot find type `Vec` in this scope
   --> crates/beamr/src/etf/encode.rs:571:15
    |
571 |     out: &mut Vec<u8>,
    |               ^^^ not found in this scope
    |
help: consider importing this struct
    |
  3 + use alloc::vec::Vec;
    |

error[E0425]: cannot find type `Vec` in this scope
  --> crates/beamr/src/ets/bag.rs:11:40
   |
11 | type BagStorage = DashMap<OwnedEtsKey, Vec<Arc<OwnedTerm>>>;
   |                                        ^^^ not found in this scope
   |
help: consider importing this struct
   |
 1 + use alloc::vec::Vec;
   |

error[E0425]: cannot find type `Vec` in this scope
  --> crates/beamr/src/ets/bag.rs:46:36
   |
46 |     fn lookup(&self, key: Term) -> Vec<Arc<OwnedTerm>> {
   |                                    ^^^ not found in this scope
   |
help: consider importing this struct
   |
 1 + use alloc::vec::Vec;
   |

error[E0425]: cannot find type `Vec` in this scope
  --> crates/beamr/src/ets/bag.rs:58:27
   |
58 |     fn tab2list(&self) -> Vec<Arc<OwnedTerm>> {
   |                           ^^^ not found in this scope
   |
help: consider importing this struct
   |
 1 + use alloc::vec::Vec;
   |

error[E0425]: cannot find type `Vec` in this scope
  --> crates/beamr/src/ets/bag.rs:93:36
   |
93 |     fn lookup(&self, key: Term) -> Vec<Arc<OwnedTerm>> {
   |                                    ^^^ not found in this scope
   |
help: consider importing this struct
   |
 1 + use alloc::vec::Vec;
   |

error[E0425]: cannot find type `Vec` in this scope
   --> crates/beamr/src/ets/bag.rs:105:27
    |
105 |     fn tab2list(&self) -> Vec<Arc<OwnedTerm>> {
    |                           ^^^ not found in this scope
    |
help: consider importing this struct
    |
  1 + use alloc::vec::Vec;
    |

error[E0425]: cannot find type `Vec` in this scope
   --> crates/beamr/src/ets/bag.rs:136:51
    |
136 | fn lookup_key(storage: &BagStorage, key: Term) -> Vec<Arc<OwnedTerm>> {
    |                                                   ^^^ not found in this scope
    |
help: consider importing this struct
    |
  1 + use alloc::vec::Vec;
    |

error[E0433]: cannot find type `Vec` in this scope
   --> crates/beamr/src/ets/bag.rs:139:22
    |
139 |         .map_or_else(Vec::new, |entry| entry.value().clone())
    |                      ^^^ use of undeclared type `Vec`
    |
help: consider importing this struct
    |
  1 + use alloc::vec::Vec;
    |

error[E0425]: cannot find type `Vec` in this scope
   --> crates/beamr/src/ets/bag.rs:166:38
    |
166 | fn tab2list(storage: &BagStorage) -> Vec<Arc<OwnedTerm>> {
    |                                      ^^^ not found in this scope
    |
help: consider importing this struct
    |
  1 + use alloc::vec::Vec;
    |

error[E0425]: cannot find type `Vec` in this scope
  --> crates/beamr/src/ets/copy.rs:19:18
   |
19 |     allocations: Vec<Box<[u64]>>,
   |                  ^^^ not found in this scope
   |
help: consider importing this struct
   |
 7 + use alloc::vec::Vec;
   |

error[E0425]: cannot find type `Box` in this scope
  --> crates/beamr/src/ets/copy.rs:19:22
   |
19 |     allocations: Vec<Box<[u64]>>,
   |                      ^^^ not found in this scope
   |
help: consider importing this struct
   |
 7 + use alloc::boxed::Box;
   |

error[E0425]: cannot find type `Vec` in this scope
  --> crates/beamr/src/ets/copy.rs:28:61
   |
28 |     pub(crate) fn from_allocations(root: Term, allocations: Vec<Box<[u64]>>) -> Self {
   |                                                             ^^^ not found in this scope
   |
help: consider importing this struct
   |
 7 + use alloc::vec::Vec;
   |

error[E0425]: cannot find type `Box` in this scope
  --> crates/beamr/src/ets/copy.rs:28:65
   |
28 |     pub(crate) fn from_allocations(root: Term, allocations: Vec<Box<[u64]>>) -> Self {
   |                                                                 ^^^ not found in this scope
   |
help: consider importing this struct
   |
 7 + use alloc::boxed::Box;
   |

error[E0433]: cannot find type `Vec` in this scope
  --> crates/beamr/src/ets/copy.rs:47:26
   |
47 |             allocations: Vec::new(),
   |                          ^^^ use of undeclared type `Vec`
   |
help: consider importing this struct
   |
 7 + use alloc::vec::Vec;
   |

error[E0425]: cannot find type `Vec` in this scope
  --> crates/beamr/src/ets/copy.rs:69:50
   |
69 |     pub(crate) fn into_raw_parts(self) -> (Term, Vec<Box<[u64]>>) {
   |                                                  ^^^ not found in this scope
   |
help: consider importing this struct
   |
 7 + use alloc::vec::Vec;
   |

error[E0425]: cannot find type `Box` in this scope
  --> crates/beamr/src/ets/copy.rs:69:54
   |
69 |     pub(crate) fn into_raw_parts(self) -> (Term, Vec<Box<[u64]>>) {
   |                                                      ^^^ not found in this scope
   |
help: consider importing this struct
   |
 7 + use alloc::boxed::Box;
   |

error[E0433]: cannot find type `Vec` in this scope
  --> crates/beamr/src/ets/copy.rs:88:22
   |
88 |         allocations: Vec::new(),
   |                      ^^^ use of undeclared type `Vec`
   |
help: consider importing this struct
   |
 7 + use alloc::vec::Vec;
   |

error[E0425]: cannot find type `Vec` in this scope
   --> crates/beamr/src/ets/copy.rs:109:18
    |
109 |     allocations: Vec<Box<[u64]>>,
    |                  ^^^ not found in this scope
    |
help: consider importing this struct
    |
  7 + use alloc::vec::Vec;
    |

error[E0425]: cannot find type `Box` in this scope
   --> crates/beamr/src/ets/copy.rs:109:22
    |
109 |     allocations: Vec<Box<[u64]>>,
    |                      ^^^ not found in this scope
    |
help: consider importing this struct
    |
  7 + use alloc::boxed::Box;
    |

error[E0425]: cannot find type `Vec` in this scope
   --> crates/beamr/src/ets/copy.rs:170:31
    |
170 |             .collect::<Result<Vec<_>, _>>()?;
    |                               ^^^ not found in this scope
    |
help: consider importing this struct
    |
  7 + use alloc::vec::Vec;
    |

error[E0425]: cannot find type `Vec` in this scope
   --> crates/beamr/src/ets/copy.rs:196:31
    |
196 |             .collect::<Result<Vec<_>, _>>()?;
    |                               ^^^ not found in this scope
    |
help: consider importing this struct
    |
  7 + use alloc::vec::Vec;
    |

error[E0425]: cannot find type `Vec` in this scope
   --> crates/beamr/src/ets/copy.rs:217:31
    |
217 |             .collect::<Result<Vec<_>, _>>()?;
    |                               ^^^ not found in this scope
    |
help: consider importing this struct
    |
  7 + use alloc::vec::Vec;
    |

error[E0425]: cannot find type `Vec` in this scope
   --> crates/beamr/src/ets/copy.rs:224:31
    |
224 |             .collect::<Result<Vec<_>, _>>()?;
    |                               ^^^ not found in this scope
    |
help: consider importing this struct
    |
  7 + use alloc::vec::Vec;
    |

error[E0425]: cannot find type `Vec` in this scope
   --> crates/beamr/src/ets/copy.rs:316:27
    |
316 |         .collect::<Result<Vec<_>, _>>()?;
    |                           ^^^ not found in this scope
    |
help: consider importing this struct
    |
  7 + use alloc::vec::Vec;
    |

error[E0425]: cannot find type `Vec` in this scope
   --> crates/beamr/src/ets/copy.rs:332:27
    |
332 |         .collect::<Result<Vec<_>, _>>()?;
    |                           ^^^ not found in this scope
    |
help: consider importing this struct
    |
  7 + use alloc::vec::Vec;
    |

error[E0425]: cannot find type `Vec` in this scope
   --> crates/beamr/src/ets/copy.rs:355:27
    |
355 |         .collect::<Result<Vec<_>, _>>()?;
    |                           ^^^ not found in this scope
    |
help: consider importing this struct
    |
  7 + use alloc::vec::Vec;
    |

error[E0425]: cannot find type `Vec` in this scope
   --> crates/beamr/src/ets/copy.rs:362:27
    |
362 |         .collect::<Result<Vec<_>, _>>()?;
    |                           ^^^ not found in this scope
    |
help: consider importing this struct
    |
  7 + use alloc::vec::Vec;
    |

error[E0425]: cannot find type `Vec` in this scope
  --> crates/beamr/src/ets/match_arena.rs:15:13
   |
15 |     blocks: Vec<Box<[u64]>>,
   |             ^^^ not found in this scope
   |
help: consider importing this struct
   |
 7 + use alloc::vec::Vec;
   |

error[E0425]: cannot find type `Box` in this scope
  --> crates/beamr/src/ets/match_arena.rs:15:17
   |
15 |     blocks: Vec<Box<[u64]>>,
   |                 ^^^ not found in this scope
   |
help: consider importing this struct
   |
 7 + use alloc::boxed::Box;
   |

error[E0433]: cannot find type `Vec` in this scope
  --> crates/beamr/src/ets/match_arena.rs:22:24
   |
22 |         Self { blocks: Vec::new() }
   |                        ^^^ use of undeclared type `Vec`
   |
help: consider importing this struct
   |
 7 + use alloc::vec::Vec;
   |

error[E0425]: cannot find type `Vec` in this scope
  --> crates/beamr/src/ets/match_spec.rs:26:14
   |
26 |     clauses: Vec<MatchClause>,
   |              ^^^ not found in this scope
   |
help: consider importing this struct
   |
 8 + use alloc::vec::Vec;
   |

error[E0425]: cannot find type `Vec` in this scope
  --> crates/beamr/src/ets/match_spec.rs:31:11
   |
31 |     head: Vec<Pattern>,
   |           ^^^ not found in this scope
   |
help: consider importing this struct
   |
 8 + use alloc::vec::Vec;
   |

error[E0425]: cannot find type `Vec` in this scope
  --> crates/beamr/src/ets/match_spec.rs:32:13
   |
32 |     guards: Vec<Guard>,
   |             ^^^ not found in this scope
   |
help: consider importing this struct
   |
 8 + use alloc::vec::Vec;
   |

error[E0425]: cannot find type `Vec` in this scope
  --> crates/beamr/src/ets/match_spec.rs:33:11
   |
33 |     body: Vec<BodyExpr>,
   |           ^^^ not found in this scope
   |
help: consider importing this struct
   |
 8 + use alloc::vec::Vec;
   |

error[E0425]: cannot find type `Vec` in this scope
  --> crates/beamr/src/ets/match_spec.rs:42:11
   |
42 |     Tuple(Vec<Pattern>),
   |           ^^^ not found in this scope
   |
help: consider importing this struct
   |
 8 + use alloc::vec::Vec;
   |

error[E0425]: cannot find type `Vec` in this scope
  --> crates/beamr/src/ets/match_spec.rs:43:10
   |
43 |     List(Vec<Pattern>),
   |          ^^^ not found in this scope
   |
help: consider importing this struct
   |
 8 + use alloc::vec::Vec;
   |

error[E0425]: cannot find type `Vec` in this scope
  --> crates/beamr/src/ets/match_spec.rs:88:11
   |
88 |     Tuple(Vec<BodyExpr>),
   |           ^^^ not found in this scope
   |
help: consider importing this struct
   |
 8 + use alloc::vec::Vec;
   |

error[E0425]: cannot find type `Vec` in this scope
  --> crates/beamr/src/ets/match_spec.rs:89:10
   |
89 |     List(Vec<BodyExpr>),
   |          ^^^ not found in this scope
   |
help: consider importing this struct
   |
 8 + use alloc::vec::Vec;
   |

error[E0433]: cannot find type `Vec` in this scope
   --> crates/beamr/src/ets/match_spec.rs:232:27
    |
232 |         let mut clauses = Vec::with_capacity(clause_terms.len());
    |                           ^^^ use of undeclared type `Vec`
    |
help: consider importing this struct
    |
  8 + use alloc::vec::Vec;
    |

error[E0433]: cannot find type `Vec` in this scope
   --> crates/beamr/src/ets/match_spec.rs:262:24
    |
262 |         let mut head = Vec::with_capacity(head_tuple.arity());
    |                        ^^^ use of undeclared type `Vec`
    |
help: consider importing this struct
    |
  8 + use alloc::vec::Vec;
    |

error[E0433]: cannot find type `Vec` in this scope
   --> crates/beamr/src/ets/match_spec.rs:269:26
    |
269 |         let mut guards = Vec::with_capacity(guard_terms.len());
    |                          ^^^ use of undeclared type `Vec`
    |
help: consider importing this struct
    |
  8 + use alloc::vec::Vec;
    |

error[E0433]: cannot find type `Vec` in this scope
   --> crates/beamr/src/ets/match_spec.rs:278:24
    |
278 |         let mut body = Vec::with_capacity(body_terms.len());
    |                        ^^^ use of undeclared type `Vec`
    |
help: consider importing this struct
    |
  8 + use alloc::vec::Vec;
    |

error[E0433]: cannot find type `Vec` in this scope
   --> crates/beamr/src/ets/match_spec.rs:388:34
    |
388 |                 let mut values = Vec::new();
    |                                  ^^^ use of undeclared type `Vec`
    |
help: consider importing this struct
    |
  8 + use alloc::vec::Vec;
    |

error[E0425]: cannot find type `Vec` in this scope
   --> crates/beamr/src/ets/match_spec.rs:410:13
    |
410 | ) -> Result<Vec<Term>, Term> {
    |             ^^^ not found in this scope
    |
help: consider importing this struct
    |
  8 + use alloc::vec::Vec;
    |

error[E0433]: cannot find type `Vec` in this scope
   --> crates/beamr/src/ets/match_spec.rs:411:25
    |
411 |     let mut evaluated = Vec::with_capacity(exprs.len());
    |                         ^^^ use of undeclared type `Vec`
    |
help: consider importing this struct
    |
  8 + use alloc::vec::Vec;
    |

error[E0433]: cannot find type `Vec` in this scope
   --> crates/beamr/src/ets/match_spec.rs:473:36
    |
473 |                 let mut elements = Vec::with_capacity(tuple.arity());
    |                                    ^^^ use of undeclared type `Vec`
    |
help: consider importing this struct
    |
  8 + use alloc::vec::Vec;
    |

error[E0433]: cannot find type `Vec` in this scope
   --> crates/beamr/src/ets/match_spec.rs:484:36
    |
484 |                 let mut elements = Vec::with_capacity(values.len());
    |                                    ^^^ use of undeclared type `Vec`
    |
help: consider importing this struct
    |
  8 + use alloc::vec::Vec;
    |

error[E0433]: cannot find type `Vec` in this scope
   --> crates/beamr/src/ets/match_spec.rs:582:36
    |
582 |                 let mut elements = Vec::with_capacity(tuple.arity());
    |                                    ^^^ use of undeclared type `Vec`
    |
help: consider importing this struct
    |
  8 + use alloc::vec::Vec;
    |

error[E0433]: cannot find type `Vec` in this scope
   --> crates/beamr/src/ets/match_spec.rs:593:36
    |
593 |                 let mut elements = Vec::with_capacity(values.len());
    |                                    ^^^ use of undeclared type `Vec`
    |
help: consider importing this struct
    |
  8 + use alloc::vec::Vec;
    |

error[E0425]: cannot find type `Vec` in this scope
   --> crates/beamr/src/ets/match_spec.rs:664:38
    |
664 | fn proper_list(term: Term) -> Result<Vec<Term>, MatchSpecError> {
    |                                      ^^^ not found in this scope
    |
help: consider importing this struct
    |
  8 + use alloc::vec::Vec;
    |

error[E0433]: cannot find type `Vec` in this scope
   --> crates/beamr/src/ets/match_spec.rs:665:24
    |
665 |     let mut elements = Vec::new();
    |                        ^^^ use of undeclared type `Vec`
    |
help: consider importing this struct
    |
  8 + use alloc::vec::Vec;
    |

error[E0425]: cannot find type `Vec` in this scope
   --> crates/beamr/src/ets/ordered_set.rs:165:36
    |
165 |     fn lookup(&self, key: Term) -> Vec<Arc<OwnedTerm>> {
    |                                    ^^^ not found in this scope
    |
help: consider importing this struct
    |
  3 + use alloc::vec::Vec;
    |

error[E0425]: cannot find type `Vec` in this scope
   --> crates/beamr/src/ets/ordered_set.rs:193:27
    |
193 |     fn tab2list(&self) -> Vec<Arc<OwnedTerm>> {
    |                           ^^^ not found in this scope
    |
help: consider importing this struct
    |
  3 + use alloc::vec::Vec;
    |

error[E0425]: cannot find type `Vec` in this scope
  --> crates/beamr/src/ets/set.rs:63:36
   |
63 |     fn lookup(&self, key: Term) -> Vec<Arc<OwnedTerm>> {
   |                                    ^^^ not found in this scope
   |
help: consider importing this struct
   |
 3 + use alloc::vec::Vec;
   |

error[E0433]: cannot find type `Vec` in this scope
  --> crates/beamr/src/ets/set.rs:66:26
   |
66 |             .map_or_else(Vec::new, |entry| vec![Arc::clone(entry.value())])
   |                          ^^^ use of undeclared type `Vec`
   |
help: consider importing this struct
   |
 3 + use alloc::vec::Vec;
   |

error[E0425]: cannot find type `Vec` in this scope
  --> crates/beamr/src/ets/set.rs:84:27
   |
84 |     fn tab2list(&self) -> Vec<Arc<OwnedTerm>> {
   |                           ^^^ not found in this scope
   |
help: consider importing this struct
   |
 3 + use alloc::vec::Vec;
   |

error[E0433]: cannot find module or crate `std` in this scope
   --> crates/beamr/src/ets/table.rs:159:6
    |
159 | impl std::error::Error for EtsError {}
    |      ^^^ use of unresolved module or unlinked crate `std`
    |
    = help: if you wanted to use a crate named `std`, use `cargo add std` to add it to your `Cargo.toml`
help: consider importing one of these modules
    |
  1 + use crate::error;
    |
  1 + use core::error;
    |
help: if you import `error`, refer to it directly
    |
159 - impl std::error::Error for EtsError {}
159 + impl error::Error for EtsError {}
    |

error[E0425]: cannot find type `Vec` in this scope
   --> crates/beamr/src/ets/table.rs:176:36
    |
176 |     fn lookup(&self, key: Term) -> Vec<Arc<OwnedTerm>>;
    |                                    ^^^ not found in this scope
    |
help: consider importing this struct
    |
  1 + use alloc::vec::Vec;
    |

error[E0425]: cannot find type `Vec` in this scope
   --> crates/beamr/src/ets/table.rs:179:27
    |
179 |     fn tab2list(&self) -> Vec<Arc<OwnedTerm>>;
    |                           ^^^ not found in this scope
    |
help: consider importing this struct
    |
  1 + use alloc::vec::Vec;
    |

error[E0425]: cannot find type `Vec` in this scope
   --> crates/beamr/src/ets/mod.rs:170:24
    |
170 |         let owned_ids: Vec<EtsTableId> = self
    |                        ^^^ not found in this scope
    |
help: consider importing this struct
    |
 13 + use alloc::vec::Vec;
    |

error[E0425]: cannot find type `Vec` in this scope
   --> crates/beamr/src/ets/mod.rs:182:57
    |
182 |     pub fn table_ids_owned_by(&self, owner_pid: u64) -> Vec<EtsTableId> {
    |                                                         ^^^ not found in this scope
    |
help: consider importing this struct
    |
 13 + use alloc::vec::Vec;
    |

error[E0433]: cannot find module or crate `std` in this scope
  --> crates/beamr/src/gc/mod.rs:14:27
   |
14 | const WORD_BYTES: usize = std::mem::size_of::<u64>();
   |                           ^^^ use of unresolved module or unlinked crate `std`
   |
   = help: if you wanted to use a crate named `std`, use `cargo add std` to add it to your `Cargo.toml`
help: consider importing this module
   |
10 + use core::mem;
   |
help: if you import `mem`, refer to it directly
   |
14 - const WORD_BYTES: usize = std::mem::size_of::<u64>();
14 + const WORD_BYTES: usize = mem::size_of::<u64>();
   |

error[E0433]: cannot find module or crate `std` in this scope
  --> crates/beamr/src/gc/mod.rs:90:6
   |
90 | impl std::error::Error for GcError {}
   |      ^^^ use of unresolved module or unlinked crate `std`
   |
   = help: if you wanted to use a crate named `std`, use `cargo add std` to add it to your `Cargo.toml`
help: consider importing one of these modules
   |
10 + use crate::error;
   |
10 + use core::error;
   |
help: if you import `error`, refer to it directly
   |
90 - impl std::error::Error for GcError {}
90 + impl error::Error for GcError {}
   |

error[E0425]: cannot find type `Vec` in this scope
   --> crates/beamr/src/gc/mod.rs:368:33
    |
368 |     let arc_ptr = raw as *const Vec<u8>;
    |                                 ^^^ not found in this scope
    |
help: consider importing this struct
    |
 10 + use alloc::vec::Vec;
    |

error[E0425]: cannot find type `Vec` in this scope
   --> crates/beamr/src/gc/mod.rs:382:33
    |
382 |     let arc_ptr = raw as *const Vec<u8>;
    |                                 ^^^ not found in this scope
    |
help: consider importing this struct
    |
 10 + use alloc::vec::Vec;
    |

error[E0425]: cannot find type `Vec` in this scope
  --> crates/beamr/src/interpreter/opcodes/binary/construction/segments.rs:79:80
   |
79 | fn construct(process: &Process, module: &Module, fields: &[Operand]) -> Result<Vec<u8>, ExecError> {
   |                                                                                ^^^ not found in this scope
   |
help: consider importing this struct
   |
26 + use alloc::vec::Vec;
   |

error[E0425]: cannot find type `Vec` in this scope
   --> crates/beamr/src/interpreter/opcodes/binary/construction/segments.rs:211:25
    |
211 |             let mut be: Vec<u8> = le.iter().rev().copied().collect();
    |                         ^^^ not found in this scope
    |
help: consider importing this struct
    |
 26 + use alloc::vec::Vec;
    |

error[E0425]: cannot find type `Vec` in this scope
   --> crates/beamr/src/interpreter/opcodes/binary/construction/segments.rs:222:55
    |
222 | fn integer_le_bytes(term: Term, len: usize) -> Result<Vec<u8>, ExecError> {
    |                                                       ^^^ not found in this scope
    |
help: consider importing this struct
    |
 26 + use alloc::vec::Vec;
    |

error[E0433]: cannot find module or crate `std` in this scope
   --> crates/beamr/src/interpreter/opcodes/binary/construction/segments.rs:235:38
    |
235 |             let index = limb_index * std::mem::size_of::<u64>() + byte_index;
    |                                      ^^^ use of unresolved module or unlinked crate `std`
    |
    = help: if you wanted to use a crate named `std`, use `cargo add std` to add it to your `Cargo.toml`
help: consider importing this module
    |
 26 + use ::core::mem;
    |
help: if you import `mem`, refer to it directly
    |
235 -             let index = limb_index * std::mem::size_of::<u64>() + byte_index;
235 +             let index = limb_index * mem::size_of::<u64>() + byte_index;
    |

error[E0425]: cannot find type `Vec` in this scope
   --> crates/beamr/src/interpreter/opcodes/binary/construction/segments.rs:370:12
    |
370 |     bytes: Vec<u8>,
    |            ^^^ not found in this scope
    |
help: consider importing this struct
    |
 26 + use alloc::vec::Vec;
    |

error[E0425]: cannot find type `Vec` in this scope
   --> crates/beamr/src/interpreter/opcodes/binary/construction/segments.rs:405:39
    |
405 |     fn into_bytes(mut self) -> Result<Vec<u8>, ExecError> {
    |                                       ^^^ not found in this scope
    |
help: consider importing this struct
    |
 26 + use alloc::vec::Vec;
    |

error[E0433]: cannot find module or crate `std` in this scope
   --> crates/beamr/src/interpreter/opcodes/binary/construction.rs:204:60
    |
204 |             let word_offset = BUILDER_META_WORDS + index / std::mem::size_of::<u64>();
    |                                                            ^^^ use of unresolved module or unlinked crate `std`
    |
    = help: if you wanted to use a crate named `std`, use `cargo add std` to add it to your `Cargo.toml`
help: consider importing this module
    |
 12 + use ::core::mem;
    |
help: if you import `mem`, refer to it directly
    |
204 -             let word_offset = BUILDER_META_WORDS + index / std::mem::size_of::<u64>();
204 +             let word_offset = BUILDER_META_WORDS + index / mem::size_of::<u64>();
    |

error[E0433]: cannot find module or crate `std` in this scope
   --> crates/beamr/src/interpreter/opcodes/binary/construction.rs:205:34
    |
205 |             let shift = (index % std::mem::size_of::<u64>()) * u8::BITS as usize;
    |                                  ^^^ use of unresolved module or unlinked crate `std`
    |
    = help: if you wanted to use a crate named `std`, use `cargo add std` to add it to your `Cargo.toml`
help: consider importing this module
    |
 12 + use ::core::mem;
    |
help: if you import `mem`, refer to it directly
    |
205 -             let shift = (index % std::mem::size_of::<u64>()) * u8::BITS as usize;
205 +             let shift = (index % mem::size_of::<u64>()) * u8::BITS as usize;
    |

error[E0425]: cannot find type `Vec` in this scope
   --> crates/beamr/src/interpreter/opcodes/binary/construction.rs:221:76
    |
221 | fn encode_integer(value: i64, byte_count: usize, endian: Endian) -> Result<Vec<u8>, ExecError> {
    |                                                                            ^^^ not found in this scope
    |
help: consider importing this struct
    |
 12 + use alloc::vec::Vec;
    |

error[E0433]: cannot find module or crate `std` in this scope
   --> crates/beamr/src/interpreter/opcodes/binary/construction.rs:222:21
    |
222 |     if byte_count > std::mem::size_of::<i64>() {
    |                     ^^^ use of unresolved module or unlinked crate `std`
    |
    = help: if you wanted to use a crate named `std`, use `cargo add std` to add it to your `Cargo.toml`
help: consider importing this module
    |
 12 + use ::core::mem;
    |
help: if you import `mem`, refer to it directly
    |
222 -     if byte_count > std::mem::size_of::<i64>() {
222 +     if byte_count > mem::size_of::<i64>() {
    |

error[E0433]: cannot find module or crate `std` in this scope
   --> crates/beamr/src/interpreter/opcodes/binary/construction.rs:230:44
    |
230 |         Endian::Big => value.to_be_bytes()[std::mem::size_of::<i64>() - byte_count..].to_vec(),
    |                                            ^^^ use of unresolved module or unlinked crate `std`
    |
    = help: if you wanted to use a crate named `std`, use `cargo add std` to add it to your `Cargo.toml`
help: consider importing this module
    |
 12 + use ::core::mem;
    |
help: if you import `mem`, refer to it directly
    |
230 -         Endian::Big => value.to_be_bytes()[std::mem::size_of::<i64>() - byte_count..].to_vec(),
230 +         Endian::Big => value.to_be_bytes()[mem::size_of::<i64>() - byte_count..].to_vec(),
    |

error[E0433]: cannot find module or crate `std` in this scope
   --> crates/beamr/src/interpreter/opcodes/binary/matching.rs:875:22
    |
875 |     if bytes.len() > std::mem::size_of::<i64>() {
    |                      ^^^ use of unresolved module or unlinked crate `std`
    |
    = help: if you wanted to use a crate named `std`, use `cargo add std` to add it to your `Cargo.toml`
help: consider importing this module
    |
  1 + use ::core::mem;
    |
help: if you import `mem`, refer to it directly
    |
875 -     if bytes.len() > std::mem::size_of::<i64>() {
875 +     if bytes.len() > mem::size_of::<i64>() {
    |

error[E0433]: cannot find module or crate `std` in this scope
  --> crates/beamr/src/interpreter/opcodes/binary/mod.rs:92:14
   |
92 |     unsafe { std::slice::from_raw_parts(ptr.add(word_offset).cast::<u8>(), len) }
   |              ^^^ use of unresolved module or unlinked crate `std`
   |
   = help: if you wanted to use a crate named `std`, use `cargo add std` to add it to your `Cargo.toml`
help: consider importing one of these modules
   |
 7 + use ::core::slice;
   |
 7 + use alloc::slice;
   |
help: if you import `slice`, refer to it directly
   |
92 -     unsafe { std::slice::from_raw_parts(ptr.add(word_offset).cast::<u8>(), len) }
92 +     unsafe { slice::from_raw_parts(ptr.add(word_offset).cast::<u8>(), len) }
   |

error[E0433]: cannot find module or crate `std` in this scope
  --> crates/beamr/src/interpreter/opcodes/binary/mod.rs:96:14
   |
96 |     unsafe { std::slice::from_raw_parts_mut(ptr, words) }
   |              ^^^ use of unresolved module or unlinked crate `std`
   |
   = help: if you wanted to use a crate named `std`, use `cargo add std` to add it to your `Cargo.toml`
help: consider importing one of these modules
   |
 7 + use ::core::slice;
   |
 7 + use alloc::slice;
   |
help: if you import `slice`, refer to it directly
   |
96 -     unsafe { std::slice::from_raw_parts_mut(ptr, words) }
96 +     unsafe { slice::from_raw_parts_mut(ptr, words) }
   |

error[E0433]: cannot find type `Vec` in this scope
   --> crates/beamr/src/interpreter/opcodes/closures.rs:423:25
    |
423 |     let mut extracted = Vec::with_capacity(items.len() / 2);
    |                         ^^^ use of undeclared type `Vec`
    |
help: consider importing this struct
    |
  3 + use alloc::vec::Vec;
    |

error[E0433]: cannot find type `Vec` in this scope
   --> crates/beamr/src/interpreter/opcodes/closures.rs:482:23
    |
482 |     let mut updates = Vec::with_capacity(items.len() / 2);
    |                       ^^^ use of undeclared type `Vec`
    |
help: consider importing this struct
    |
  3 + use alloc::vec::Vec;
    |

error[E0425]: cannot find type `Vec` in this scope
   --> crates/beamr/src/interpreter/opcodes/closures.rs:516:15
    |
516 |     let keys: Vec<Term> = entries.iter().map(|(key, _)| *key).collect();
    |               ^^^ not found in this scope
    |
help: consider importing this struct
    |
  3 + use alloc::vec::Vec;
    |

error[E0425]: cannot find type `Vec` in this scope
   --> crates/beamr/src/interpreter/opcodes/closures.rs:517:17
    |
517 |     let values: Vec<Term> = entries.iter().map(|(_, value)| *value).collect();
    |                 ^^^ not found in this scope
    |
help: consider importing this struct
    |
  3 + use alloc::vec::Vec;
    |

error[E0425]: cannot find type `Vec` in this scope
   --> crates/beamr/src/interpreter/opcodes/closures.rs:532:36
    |
532 | fn map_entries(map: Map) -> Result<Vec<(Term, Term)>, ExecError> {
    |                                    ^^^ not found in this scope
    |
help: consider importing this struct
    |
  3 + use alloc::vec::Vec;
    |

error[E0433]: cannot find type `Vec` in this scope
   --> crates/beamr/src/interpreter/opcodes/closures.rs:533:23
    |
533 |     let mut entries = Vec::with_capacity(map.len());
    |                       ^^^ use of undeclared type `Vec`
    |
help: consider importing this struct
    |
  3 + use alloc::vec::Vec;
    |

error[E0425]: cannot find type `Vec` in this scope
   --> crates/beamr/src/interpreter/opcodes/closures.rs:594:13
    |
594 | ) -> Result<Vec<Term>, ExecError> {
    |             ^^^ not found in this scope
    |
help: consider importing this struct
    |
  3 + use alloc::vec::Vec;
    |

error[E0425]: cannot find type `Vec` in this scope
   --> crates/beamr/src/interpreter/opcodes/closures.rs:626:50
    |
626 | fn collect_args(process: &Process, arity: u8) -> Vec<Term> {
    |                                                  ^^^ not found in this scope
    |
help: consider importing this struct
    |
  3 + use alloc::vec::Vec;
    |

error[E0433]: cannot find type `Vec` in this scope
   --> crates/beamr/src/interpreter/opcodes/core.rs:379:22
    |
379 |     let mut values = Vec::with_capacity(element_operands.len());
    |                      ^^^ use of undeclared type `Vec`
    |
help: consider importing this struct
    |
  3 + use alloc::vec::Vec;
    |

error[E0433]: cannot find type `Vec` in this scope
   --> crates/beamr/src/interpreter/opcodes/core.rs:428:22
    |
428 |     let mut values = Vec::with_capacity(parsed.arity);
    |                      ^^^ use of undeclared type `Vec`
    |
help: consider importing this struct
    |
  3 + use alloc::vec::Vec;
    |

error[E0425]: cannot find type `Vec` in this scope
   --> crates/beamr/src/interpreter/opcodes/core.rs:450:14
    |
450 |     updates: Vec<UpdateRecordPair<'a>>,
    |              ^^^ not found in this scope
    |
help: consider importing this struct
    |
  3 + use alloc::vec::Vec;
    |

error[E0433]: cannot find type `Vec` in this scope
   --> crates/beamr/src/interpreter/opcodes/core.rs:469:23
    |
469 |     let mut updates = Vec::with_capacity(update_count);
    |                       ^^^ use of undeclared type `Vec`
    |
help: consider importing this struct
    |
  3 + use alloc::vec::Vec;
    |

error[E0433]: cannot find module or crate `std` in this scope
    --> crates/beamr/src/interpreter/opcodes/core.rs:1109:14
     |
1109 |     unsafe { std::slice::from_raw_parts_mut(ptr, words) }
     |              ^^^ use of unresolved module or unlinked crate `std`
     |
     = help: if you wanted to use a crate named `std`, use `cargo add std` to add it to your `Cargo.toml`
help: consider importing one of these modules
     |
   3 + use core::slice;
     |
   3 + use alloc::slice;
     |
help: if you import `slice`, refer to it directly
     |
1109 -     unsafe { std::slice::from_raw_parts_mut(ptr, words) }
1109 +     unsafe { slice::from_raw_parts_mut(ptr, words) }
     |

error[E0433]: cannot find type `Vec` in this scope
   --> crates/beamr/src/interpreter/opcodes/exceptions.rs:290:30
    |
290 |     let mut raw_stacktrace = Vec::new();
    |                              ^^^ use of undeclared type `Vec`
    |
help: consider importing this struct
    |
  3 + use alloc::vec::Vec;
    |

error[E0433]: cannot find type `Vec` in this scope
   --> crates/beamr/src/interpreter/opcodes/guards.rs:267:20
    |
267 |     let mut args = Vec::with_capacity(parsed.args.len());
    |                    ^^^ use of undeclared type `Vec`
    |
help: consider importing this struct
    |
  3 + use alloc::vec::Vec;
    |

error[E0433]: cannot find type `Vec` in this scope
  --> crates/beamr/src/interpreter/opcodes/native_call.rs:92:20
   |
92 |     let mut args = Vec::with_capacity(usize::from(target_arity));
   |                    ^^^ use of undeclared type `Vec`
   |
help: consider importing this struct
   |
 5 + use alloc::vec::Vec;
   |

error[E0425]: cannot find type `Vec` in this scope
  --> crates/beamr/src/interpreter/opcodes/trampoline.rs:31:19
   |
31 |     let messages: Vec<Term> = process.mailbox().scan_iter().copied().collect();
   |                   ^^^ not found in this scope
   |
help: consider importing this struct
   |
 8 + use alloc::vec::Vec;
   |

error[E0433]: cannot find module or crate `std` in this scope
   --> crates/beamr/src/interpreter/mod.rs:137:42
    |
137 |     pub nif_private_data: Option<Arc<dyn std::any::Any + Send + Sync>>,
    |                                          ^^^ use of unresolved module or unlinked crate `std`
    |
    = help: if you wanted to use a crate named `std`, use `cargo add std` to add it to your `Cargo.toml`
help: consider importing this module
    |
  9 + use core::any;
    |
help: if you import `any`, refer to it directly
    |
137 -     pub nif_private_data: Option<Arc<dyn std::any::Any + Send + Sync>>,
137 +     pub nif_private_data: Option<Arc<dyn any::Any + Send + Sync>>,
    |

error[E0425]: cannot find type `Vec` in this scope
   --> crates/beamr/src/interpreter/mod.rs:157:15
    |
157 |         args: Vec<Term>,
    |               ^^^ not found in this scope
    |
help: consider importing this struct
    |
  9 + use alloc::vec::Vec;
    |

error[E0425]: cannot find type `Vec` in this scope
   --> crates/beamr/src/interpreter/mod.rs:191:15
    |
191 |         args: Vec<Term>,
    |               ^^^ not found in this scope
    |
help: consider importing this struct
    |
  9 + use alloc::vec::Vec;
    |

error[E0425]: cannot find type `Vec` in this scope
  --> crates/beamr/src/loader/decode/chunks.rs:50:16
   |
50 |     BigInteger(Vec<u8>),
   |                ^^^ not found in this scope
   |
help: consider importing this struct
   |
 1 + use alloc::vec::Vec;
   |

error[E0425]: cannot find type `Vec` in this scope
  --> crates/beamr/src/loader/decode/chunks.rs:52:12
   |
52 |     Binary(Vec<u8>),
   |            ^^^ not found in this scope
   |
help: consider importing this struct
   |
 1 + use alloc::vec::Vec;
   |

error[E0425]: cannot find type `Vec` in this scope
  --> crates/beamr/src/loader/decode/chunks.rs:53:11
   |
53 |     Tuple(Vec<Literal>),
   |           ^^^ not found in this scope
   |
help: consider importing this struct
   |
 1 + use alloc::vec::Vec;
   |

error[E0425]: cannot find type `Vec` in this scope
  --> crates/beamr/src/loader/decode/chunks.rs:55:10
   |
55 |     List(Vec<Literal>, Box<Literal>),
   |          ^^^ not found in this scope
   |
help: consider importing this struct
   |
 1 + use alloc::vec::Vec;
   |

error[E0425]: cannot find type `Box` in this scope
  --> crates/beamr/src/loader/decode/chunks.rs:55:24
   |
55 |     List(Vec<Literal>, Box<Literal>),
   |                        ^^^ not found in this scope
   |
help: consider importing this struct
   |
 1 + use alloc::boxed::Box;
   |

error[E0425]: cannot find type `Vec` in this scope
  --> crates/beamr/src/loader/decode/chunks.rs:56:9
   |
56 |     Map(Vec<(Literal, Literal)>),
   |         ^^^ not found in this scope
   |
help: consider importing this struct
   |
 1 + use alloc::vec::Vec;
   |

error[E0425]: cannot find type `Vec` in this scope
  --> crates/beamr/src/loader/decode/chunks.rs:57:12
   |
57 |     String(Vec<u8>),
   |            ^^^ not found in this scope
   |
help: consider importing this struct
   |
 1 + use alloc::vec::Vec;
   |

error[E0425]: cannot find type `Vec` in this scope
  --> crates/beamr/src/loader/decode/chunks.rs:70:13
   |
70 | ) -> Result<Vec<Atom>, LoadError> {
   |             ^^^ not found in this scope
   |
help: consider importing this struct
   |
 1 + use alloc::vec::Vec;
   |

error[E0433]: cannot find module or crate `std` in this scope
  --> crates/beamr/src/loader/decode/chunks.rs:80:26
   |
80 |             .checked_mul(std::mem::size_of::<Atom>())
   |                          ^^^ use of unresolved module or unlinked crate `std`
   |
   = help: if you wanted to use a crate named `std`, use `cargo add std` to add it to your `Cargo.toml`
help: consider importing this module
   |
 1 + use core::mem;
   |
help: if you import `mem`, refer to it directly
   |
80 -             .checked_mul(std::mem::size_of::<Atom>())
80 +             .checked_mul(mem::size_of::<Atom>())
   |

error[E0433]: cannot find type `Vec` in this scope
  --> crates/beamr/src/loader/decode/chunks.rs:83:21
   |
83 |     let mut atoms = Vec::with_capacity(count);
   |                     ^^^ use of undeclared type `Vec`
   |
help: consider importing this struct
   |
 1 + use alloc::vec::Vec;
   |

error[E0433]: cannot find module or crate `std` in this scope
   --> crates/beamr/src/loader/decode/chunks.rs:100:20
    |
100 |         let name = std::str::from_utf8(text)
    |                    ^^^ use of unresolved module or unlinked crate `std`
    |
    = help: if you wanted to use a crate named `std`, use `cargo add std` to add it to your `Cargo.toml`
help: consider importing one of these modules
    |
  1 + use core::str;
    |
  1 + use alloc::str;
    |
help: if you import `str`, refer to it directly
    |
100 -         let name = std::str::from_utf8(text)
100 +         let name = str::from_utf8(text)
    |

error[E0425]: cannot find type `Vec` in this scope
   --> crates/beamr/src/loader/decode/chunks.rs:123:13
    |
123 | ) -> Result<Vec<ImportEntry>, LoadError> {
    |             ^^^ not found in this scope
    |
help: consider importing this struct
    |
  1 + use alloc::vec::Vec;
    |

error[E0433]: cannot find module or crate `std` in this scope
   --> crates/beamr/src/loader/decode/chunks.rs:130:26
    |
130 |             .checked_mul(std::mem::size_of::<ImportEntry>())
    |                          ^^^ use of unresolved module or unlinked crate `std`
    |
    = help: if you wanted to use a crate named `std`, use `cargo add std` to add it to your `Cargo.toml`
help: consider importing this module
    |
  1 + use core::mem;
    |
help: if you import `mem`, refer to it directly
    |
130 -             .checked_mul(std::mem::size_of::<ImportEntry>())
130 +             .checked_mul(mem::size_of::<ImportEntry>())
    |

error[E0433]: cannot find type `Vec` in this scope
   --> crates/beamr/src/loader/decode/chunks.rs:135:23
    |
135 |     let mut imports = Vec::with_capacity(count);
    |                       ^^^ use of undeclared type `Vec`
    |
help: consider importing this struct
    |
  1 + use alloc::vec::Vec;
    |

error[E0425]: cannot find type `Vec` in this scope
   --> crates/beamr/src/loader/decode/chunks.rs:155:13
    |
155 | ) -> Result<Vec<ExportEntry>, LoadError> {
    |             ^^^ not found in this scope
    |
help: consider importing this struct
    |
  1 + use alloc::vec::Vec;
    |

error[E0433]: cannot find module or crate `std` in this scope
   --> crates/beamr/src/loader/decode/chunks.rs:162:26
    |
162 |             .checked_mul(std::mem::size_of::<ExportEntry>())
    |                          ^^^ use of unresolved module or unlinked crate `std`
    |
    = help: if you wanted to use a crate named `std`, use `cargo add std` to add it to your `Cargo.toml`
help: consider importing this module
    |
  1 + use core::mem;
    |
help: if you import `mem`, refer to it directly
    |
162 -             .checked_mul(std::mem::size_of::<ExportEntry>())
162 +             .checked_mul(mem::size_of::<ExportEntry>())
    |

error[E0433]: cannot find type `Vec` in this scope
   --> crates/beamr/src/loader/decode/chunks.rs:167:23
    |
167 |     let mut exports = Vec::with_capacity(count);
    |                       ^^^ use of undeclared type `Vec`
    |
help: consider importing this struct
    |
  1 + use alloc::vec::Vec;
    |

error[E0425]: cannot find type `Vec` in this scope
   --> crates/beamr/src/loader/decode/chunks.rs:187:13
    |
187 | ) -> Result<Vec<LambdaEntry>, LoadError> {
    |             ^^^ not found in this scope
    |
help: consider importing this struct
    |
  1 + use alloc::vec::Vec;
    |

error[E0433]: cannot find module or crate `std` in this scope
   --> crates/beamr/src/loader/decode/chunks.rs:194:26
    |
194 |             .checked_mul(std::mem::size_of::<LambdaEntry>())
    |                          ^^^ use of unresolved module or unlinked crate `std`
    |
    = help: if you wanted to use a crate named `std`, use `cargo add std` to add it to your `Cargo.toml`
help: consider importing this module
    |
  1 + use core::mem;
    |
help: if you import `mem`, refer to it directly
    |
194 -             .checked_mul(std::mem::size_of::<LambdaEntry>())
194 +             .checked_mul(mem::size_of::<LambdaEntry>())
    |

error[E0433]: cannot find type `Vec` in this scope
   --> crates/beamr/src/loader/decode/chunks.rs:199:23
    |
199 |     let mut lambdas = Vec::with_capacity(count);
    |                       ^^^ use of undeclared type `Vec`
    |
help: consider importing this struct
    |
  1 + use alloc::vec::Vec;
    |

error[E0425]: cannot find type `Vec` in this scope
   --> crates/beamr/src/loader/decode/chunks.rs:220:45
    |
220 | pub fn decode_string_chunk(bytes: &[u8]) -> Vec<u8> {
    |                                             ^^^ not found in this scope
    |
help: consider importing this struct
    |
  1 + use alloc::vec::Vec;
    |

error[E0425]: cannot find type `Vec` in this scope
   --> crates/beamr/src/loader/decode/chunks.rs:227:13
    |
227 | ) -> Result<Vec<LineInfo>, LoadError> {
    |             ^^^ not found in this scope
    |
help: consider importing this struct
    |
  1 + use alloc::vec::Vec;
    |

error[E0433]: cannot find type `Vec` in this scope
   --> crates/beamr/src/loader/decode/chunks.rs:229:19
    |
229 |         return Ok(Vec::new());
    |                   ^^^ use of undeclared type `Vec`
    |
help: consider importing this struct
    |
  1 + use alloc::vec::Vec;
    |

error[E0433]: cannot find module or crate `std` in this scope
   --> crates/beamr/src/loader/decode/chunks.rs:243:26
    |
243 |             .checked_mul(std::mem::size_of::<LineInfo>())
    |                          ^^^ use of unresolved module or unlinked crate `std`
    |
    = help: if you wanted to use a crate named `std`, use `cargo add std` to add it to your `Cargo.toml`
help: consider importing this module
    |
  1 + use core::mem;
    |
help: if you import `mem`, refer to it directly
    |
243 -             .checked_mul(std::mem::size_of::<LineInfo>())
243 +             .checked_mul(mem::size_of::<LineInfo>())
    |

error[E0433]: cannot find type `Vec` in this scope
   --> crates/beamr/src/loader/decode/chunks.rs:246:21
    |
246 |     let mut lines = Vec::with_capacity(num_lines);
    |                     ^^^ use of undeclared type `Vec`
    |
help: consider importing this struct
    |
  1 + use alloc::vec::Vec;
    |

error[E0425]: cannot find type `Vec` in this scope
   --> crates/beamr/src/loader/decode/chunks.rs:305:13
    |
305 | ) -> Result<Vec<Literal>, LoadError> {
    |             ^^^ not found in this scope
    |
help: consider importing this struct
    |
  1 + use alloc::vec::Vec;
    |

error[E0433]: cannot find module or crate `std` in this scope
   --> crates/beamr/src/loader/decode/chunks.rs:321:26
    |
321 |             .checked_mul(std::mem::size_of::<Literal>())
    |                          ^^^ use of unresolved module or unlinked crate `std`
    |
    = help: if you wanted to use a crate named `std`, use `cargo add std` to add it to your `Cargo.toml`
help: consider importing this module
    |
  1 + use core::mem;
    |
help: if you import `mem`, refer to it directly
    |
321 -             .checked_mul(std::mem::size_of::<Literal>())
321 +             .checked_mul(mem::size_of::<Literal>())
    |

error[E0433]: cannot find type `Vec` in this scope
   --> crates/beamr/src/loader/decode/chunks.rs:326:24
    |
326 |     let mut literals = Vec::with_capacity(count);
    |                        ^^^ use of undeclared type `Vec`
    |
help: consider importing this struct
    |
  1 + use alloc::vec::Vec;
    |

error[E0425]: cannot find type `Vec` in this scope
   --> crates/beamr/src/loader/decode/chunks.rs:354:13
    |
354 | ) -> Result<Vec<u8>, LoadError> {
    |             ^^^ not found in this scope
    |
help: consider importing this struct
    |
  1 + use alloc::vec::Vec;
    |

error[E0433]: cannot find type `Vec` in this scope
   --> crates/beamr/src/loader/decode/chunks.rs:360:19
    |
360 |     let mut out = Vec::new();
    |                   ^^^ use of undeclared type `Vec`
    |
help: consider importing this struct
    |
  1 + use alloc::vec::Vec;
    |

error[E0425]: cannot find type `Vec` in this scope
  --> crates/beamr/src/loader/decode/code.rs:19:14
   |
19 | ) -> Result<(Vec<Instruction>, Vec<Literal>), LoadError> {
   |              ^^^ not found in this scope
   |
help: consider importing this struct
   |
 1 + use alloc::vec::Vec;
   |

error[E0425]: cannot find type `Vec` in this scope
  --> crates/beamr/src/loader/decode/code.rs:19:32
   |
19 | ) -> Result<(Vec<Instruction>, Vec<Literal>), LoadError> {
   |                                ^^^ not found in this scope
   |
help: consider importing this struct
   |
 1 + use alloc::vec::Vec;
   |

error[E0425]: cannot find type `Vec` in this scope
  --> crates/beamr/src/loader/decode/code.rs:68:14
   |
68 | ) -> Result<(Vec<Instruction>, Vec<Literal>), LoadError> {
   |              ^^^ not found in this scope
   |
help: consider importing this struct
   |
 1 + use alloc::vec::Vec;
   |

error[E0425]: cannot find type `Vec` in this scope
  --> crates/beamr/src/loader/decode/code.rs:68:32
   |
68 | ) -> Result<(Vec<Instruction>, Vec<Literal>), LoadError> {
   |                                ^^^ not found in this scope
   |
help: consider importing this struct
   |
 1 + use alloc::vec::Vec;
   |

error[E0433]: cannot find type `Vec` in this scope
  --> crates/beamr/src/loader/decode/code.rs:70:28
   |
70 |     let mut instructions = Vec::new();
   |                            ^^^ use of undeclared type `Vec`
   |
help: consider importing this struct
   |
 1 + use alloc::vec::Vec;
   |

error[E0425]: cannot find type `Vec` in this scope
   --> crates/beamr/src/loader/decode/code.rs:439:13
    |
439 | ) -> Result<Vec<Operand>, LoadError> {
    |             ^^^ not found in this scope
    |
help: consider importing this struct
    |
  1 + use alloc::vec::Vec;
    |

error[E0433]: cannot find type `Vec` in this scope
   --> crates/beamr/src/loader/decode/code.rs:440:24
    |
440 |     let mut operands = Vec::with_capacity(arity);
    |                        ^^^ use of undeclared type `Vec`
    |
help: consider importing this struct
    |
  1 + use alloc::vec::Vec;
    |

error[E0425]: cannot find type `Vec` in this scope
   --> crates/beamr/src/loader/decode/code.rs:447:43
    |
447 | fn comparison(op: ComparisonOp, operands: Vec<Operand>) -> Instruction {
    |                                           ^^^ not found in this scope
    |
help: consider importing this struct
    |
  1 + use alloc::vec::Vec;
    |

error[E0425]: cannot find type `Vec` in this scope
   --> crates/beamr/src/loader/decode/code.rs:456:40
    |
456 | fn type_test(op: TypeTestOp, operands: Vec<Operand>) -> Instruction {
    |                                        ^^^ not found in this scope
    |
help: consider importing this struct
    |
  1 + use alloc::vec::Vec;
    |

error[E0425]: cannot find type `Vec` in this scope
   --> crates/beamr/src/loader/decode/code.rs:464:38
    |
464 | fn binary_op(op: BinaryOp, operands: Vec<Operand>) -> Instruction {
    |                                      ^^^ not found in this scope
    |
help: consider importing this struct
    |
  1 + use alloc::vec::Vec;
    |

error[E0425]: cannot find type `Vec` in this scope
   --> crates/beamr/src/loader/decode/code.rs:468:32
    |
468 | fn map_op(op: MapOp, operands: Vec<Operand>) -> Instruction {
    |                                ^^^ not found in this scope
    |
help: consider importing this struct
    |
  1 + use alloc::vec::Vec;
    |

error[E0425]: cannot find type `Vec` in this scope
  --> crates/beamr/src/loader/decode/compact.rs:20:10
   |
20 |     List(Vec<Operand>),
   |          ^^^ not found in this scope
   |
help: consider importing this struct
   |
 1 + use alloc::vec::Vec;
   |

error[E0425]: cannot find type `Vec` in this scope
  --> crates/beamr/src/loader/decode/compact.rs:22:16
   |
22 |     Allocation(Vec<Allocation>),
   |                ^^^ not found in this scope
   |
help: consider importing this struct
   |
 1 + use alloc::vec::Vec;
   |

error[E0425]: cannot find type `Box` in this scope
  --> crates/beamr/src/loader/decode/compact.rs:24:19
   |
24 |         register: Box<Operand>,
   |                   ^^^ not found in this scope
   |
help: consider importing this struct
   |
 1 + use alloc::boxed::Box;
   |

error[E0425]: cannot find type `Vec` in this scope
  --> crates/beamr/src/loader/decode/compact.rs:51:21
   |
51 |     extra_literals: Vec<Literal>,
   |                     ^^^ not found in this scope
   |
help: consider importing this struct
   |
 1 + use alloc::vec::Vec;
   |

error[E0433]: cannot find type `Vec` in this scope
  --> crates/beamr/src/loader/decode/compact.rs:63:29
   |
63 |             extra_literals: Vec::new(),
   |                             ^^^ use of undeclared type `Vec`
   |
help: consider importing this struct
   |
 1 + use alloc::vec::Vec;
   |

error[E0425]: cannot find type `Vec` in this scope
  --> crates/beamr/src/loader/decode/compact.rs:72:53
   |
72 |     pub(crate) fn take_extra_literals(&mut self) -> Vec<Literal> {
   |                                                     ^^^ not found in this scope
   |
help: consider importing this struct
   |
 1 + use alloc::vec::Vec;
   |

error[E0433]: cannot find module or crate `std` in this scope
  --> crates/beamr/src/loader/decode/compact.rs:73:9
   |
73 |         std::mem::take(&mut self.extra_literals)
   |         ^^^ use of unresolved module or unlinked crate `std`
   |
   = help: if you wanted to use a crate named `std`, use `cargo add std` to add it to your `Cargo.toml`
help: consider importing this module
   |
 1 + use core::mem;
   |
help: if you import `mem`, refer to it directly
   |
73 -         std::mem::take(&mut self.extra_literals)
73 +         mem::take(&mut self.extra_literals)
   |

error[E0433]: cannot find type `Vec` in this scope
   --> crates/beamr/src/loader/decode/compact.rs:132:36
    |
132 |                 let mut operands = Vec::with_capacity(usize_from_u32(len, "extended list length")?);
    |                                    ^^^ use of undeclared type `Vec`
    |
help: consider importing this struct
    |
  1 + use alloc::vec::Vec;
    |

error[E0433]: cannot find type `Vec` in this scope
   --> crates/beamr/src/loader/decode/compact.rs:142:21
    |
142 |                     Vec::with_capacity(usize_from_u32(len, "allocation list length")?);
    |                     ^^^ use of undeclared type `Vec`
    |
help: consider importing this struct
    |
  1 + use alloc::vec::Vec;
    |

error[E0433]: cannot find type `Box` in this scope
   --> crates/beamr/src/loader/decode/compact.rs:170:31
    |
170 |                     register: Box::new(register),
    |                               ^^^ use of undeclared type `Box`
    |
help: consider importing this struct
    |
  1 + use alloc::boxed::Box;
    |

error[E0433]: cannot find type `Vec` in this scope
   --> crates/beamr/src/loader/decode/compact.rs:291:25
    |
291 |         let mut bytes = Vec::with_capacity(1 + magnitude_le.len());
    |                         ^^^ use of undeclared type `Vec`
    |
help: consider importing this struct
    |
  1 + use alloc::vec::Vec;
    |

error[E0433]: cannot find module or crate `std` in this scope
  --> crates/beamr/src/loader/decode/etf.rs:60:49
   |
60 |             budget.charge_bytes(len.checked_mul(std::mem::size_of::<Literal>()).ok_or_else(
   |                                                 ^^^ use of unresolved module or unlinked crate `std`
   |
   = help: if you wanted to use a crate named `std`, use `cargo add std` to add it to your `Cargo.toml`
help: consider importing this module
   |
 8 + use core::mem;
   |
help: if you import `mem`, refer to it directly
   |
60 -             budget.charge_bytes(len.checked_mul(std::mem::size_of::<Literal>()).ok_or_else(
60 +             budget.charge_bytes(len.checked_mul(mem::size_of::<Literal>()).ok_or_else(
   |

error[E0433]: cannot find type `Vec` in this scope
  --> crates/beamr/src/loader/decode/etf.rs:65:36
   |
65 |                 let mut elements = Vec::with_capacity(len);
   |                                    ^^^ use of undeclared type `Vec`
   |
help: consider importing this struct
   |
 8 + use alloc::vec::Vec;
   |

error[E0433]: cannot find type `Box` in this scope
  --> crates/beamr/src/loader/decode/etf.rs:70:44
   |
70 |                 Ok(Literal::List(elements, Box::new(tail)))
   |                                            ^^^ use of undeclared type `Box`
   |
help: consider importing this struct
   |
 8 + use alloc::boxed::Box;
   |

error[E0433]: cannot find module or crate `std` in this scope
  --> crates/beamr/src/loader/decode/etf.rs:89:41
   |
89 |                 budget.charge_bytes(3 * std::mem::size_of::<Literal>())?;
   |                                         ^^^ use of unresolved module or unlinked crate `std`
   |
   = help: if you wanted to use a crate named `std`, use `cargo add std` to add it to your `Cargo.toml`
help: consider importing this module
   |
 8 + use core::mem;
   |
help: if you import `mem`, refer to it directly
   |
89 -                 budget.charge_bytes(3 * std::mem::size_of::<Literal>())?;
89 +                 budget.charge_bytes(3 * mem::size_of::<Literal>())?;
   |

error[E0433]: cannot find module or crate `std` in this scope
   --> crates/beamr/src/loader/decode/etf.rs:113:33
    |
113 |                 len.checked_mul(std::mem::size_of::<(Literal, Literal)>())
    |                                 ^^^ use of unresolved module or unlinked crate `std`
    |
    = help: if you wanted to use a crate named `std`, use `cargo add std` to add it to your `Cargo.toml`
help: consider importing this module
    |
  8 + use core::mem;
    |
help: if you import `mem`, refer to it directly
    |
113 -                 len.checked_mul(std::mem::size_of::<(Literal, Literal)>())
113 +                 len.checked_mul(mem::size_of::<(Literal, Literal)>())
    |

error[E0433]: cannot find type `Vec` in this scope
   --> crates/beamr/src/loader/decode/etf.rs:120:33
    |
120 |                 let mut pairs = Vec::with_capacity(len);
    |                                 ^^^ use of undeclared type `Vec`
    |
help: consider importing this struct
    |
  8 + use alloc::vec::Vec;
    |

error[E0433]: cannot find module or crate `std` in this scope
   --> crates/beamr/src/loader/decode/etf.rs:142:16
    |
142 |     let name = std::str::from_utf8(bytes)
    |                ^^^ use of unresolved module or unlinked crate `std`
    |
    = help: if you wanted to use a crate named `std`, use `cargo add std` to add it to your `Cargo.toml`
help: consider importing one of these modules
    |
  8 + use core::str;
    |
  8 + use alloc::str;
    |
help: if you import `str`, refer to it directly
    |
142 -     let name = std::str::from_utf8(bytes)
142 +     let name = str::from_utf8(bytes)
    |

error[E0433]: cannot find module or crate `std` in this scope
   --> crates/beamr/src/loader/decode/etf.rs:164:26
    |
164 |             .checked_mul(std::mem::size_of::<Literal>())
    |                          ^^^ use of unresolved module or unlinked crate `std`
    |
    = help: if you wanted to use a crate named `std`, use `cargo add std` to add it to your `Cargo.toml`
help: consider importing this module
    |
  8 + use core::mem;
    |
help: if you import `mem`, refer to it directly
    |
164 -             .checked_mul(std::mem::size_of::<Literal>())
164 +             .checked_mul(mem::size_of::<Literal>())
    |

error[E0433]: cannot find type `Vec` in this scope
   --> crates/beamr/src/loader/decode/etf.rs:169:28
    |
169 |         let mut elements = Vec::with_capacity(arity);
    |                            ^^^ use of undeclared type `Vec`
    |
help: consider importing this struct
    |
  8 + use alloc::vec::Vec;
    |

error[E0433]: cannot find type `Vec` in this scope
   --> crates/beamr/src/loader/decode/etf.rs:214:19
    |
214 |     let mut out = Vec::with_capacity(capacity);
    |                   ^^^ use of undeclared type `Vec`
    |
help: consider importing this struct
    |
  8 + use alloc::vec::Vec;
    |

error[E0425]: cannot find type `Vec` in this scope
   --> crates/beamr/src/loader/decode/instruction.rs:165:19
    |
165 |         operands: Vec<Operand>,
    |                   ^^^ not found in this scope
    |
help: consider importing this struct
    |
  1 + use alloc::vec::Vec;
    |

error[E0425]: cannot find type `Vec` in this scope
   --> crates/beamr/src/loader/decode/instruction.rs:219:19
    |
219 |         operands: Vec<Operand>,
    |                   ^^^ not found in this scope
    |
help: consider importing this struct
    |
  1 + use alloc::vec::Vec;
    |

error[E0425]: cannot find type `Vec` in this scope
   --> crates/beamr/src/loader/decode/instruction.rs:223:19
    |
223 |         operands: Vec<Operand>,
    |                   ^^^ not found in this scope
    |
help: consider importing this struct
    |
  1 + use alloc::vec::Vec;
    |

error[E0425]: cannot find type `Vec` in this scope
   --> crates/beamr/src/loader/decode/instruction.rs:226:19
    |
226 |         operands: Vec<Operand>,
    |                   ^^^ not found in this scope
    |
help: consider importing this struct
    |
  1 + use alloc::vec::Vec;
    |

error[E0425]: cannot find type `Vec` in this scope
   --> crates/beamr/src/loader/decode/instruction.rs:276:19
    |
276 |         operands: Vec<Operand>,
    |                   ^^^ not found in this scope
    |
help: consider importing this struct
    |
  1 + use alloc::vec::Vec;
    |

error[E0425]: cannot find type `Vec` in this scope
   --> crates/beamr/src/loader/decode/instruction.rs:281:19
    |
281 |         operands: Vec<Operand>,
    |                   ^^^ not found in this scope
    |
help: consider importing this struct
    |
  1 + use alloc::vec::Vec;
    |

error[E0425]: cannot find type `Vec` in this scope
  --> crates/beamr/src/loader/load.rs:24:16
   |
24 |     pub atoms: Vec<Atom>,
   |                ^^^ not found in this scope
   |
help: consider importing this struct
   |
 1 + use alloc::vec::Vec;
   |

error[E0425]: cannot find type `Vec` in this scope
  --> crates/beamr/src/loader/load.rs:25:23
   |
25 |     pub instructions: Vec<Instruction>,
   |                       ^^^ not found in this scope
   |
help: consider importing this struct
   |
 1 + use alloc::vec::Vec;
   |

error[E0425]: cannot find type `Vec` in this scope
  --> crates/beamr/src/loader/load.rs:26:18
   |
26 |     pub imports: Vec<ImportEntry>,
   |                  ^^^ not found in this scope
   |
help: consider importing this struct
   |
 1 + use alloc::vec::Vec;
   |

error[E0425]: cannot find type `Vec` in this scope
  --> crates/beamr/src/loader/load.rs:27:18
   |
27 |     pub exports: Vec<ExportEntry>,
   |                  ^^^ not found in this scope
   |
help: consider importing this struct
   |
 1 + use alloc::vec::Vec;
   |

error[E0425]: cannot find type `Vec` in this scope
  --> crates/beamr/src/loader/load.rs:28:18
   |
28 |     pub lambdas: Vec<LambdaEntry>,
   |                  ^^^ not found in this scope
   |
help: consider importing this struct
   |
 1 + use alloc::vec::Vec;
   |

error[E0425]: cannot find type `Vec` in this scope
  --> crates/beamr/src/loader/load.rs:29:19
   |
29 |     pub literals: Vec<Literal>,
   |                   ^^^ not found in this scope
   |
help: consider importing this struct
   |
 1 + use alloc::vec::Vec;
   |

error[E0425]: cannot find type `Vec` in this scope
  --> crates/beamr/src/loader/load.rs:30:23
   |
30 |     pub string_table: Vec<u8>,
   |                       ^^^ not found in this scope
   |
help: consider importing this struct
   |
 1 + use alloc::vec::Vec;
   |

error[E0425]: cannot find type `Vec` in this scope
  --> crates/beamr/src/loader/load.rs:31:20
   |
31 |     pub line_info: Vec<LineInfo>,
   |                    ^^^ not found in this scope
   |
help: consider importing this struct
   |
 1 + use alloc::vec::Vec;
   |

error[E0425]: cannot find type `Vec` in this scope
  --> crates/beamr/src/loader/load.rs:40:28
   |
40 |     pub type_chunk: Option<Vec<u8>>,
   |                            ^^^ not found in this scope
   |
help: consider importing this struct
   |
 1 + use alloc::vec::Vec;
   |

error[E0425]: cannot find type `Vec` in this scope
  --> crates/beamr/src/loader/load.rs:98:38
   |
98 |     entries_by_module: HashMap<Atom, Vec<UnresolvedImportEntry>>,
   |                                      ^^^ not found in this scope
   |
help: consider importing this struct
   |
 1 + use alloc::vec::Vec;
   |

error[E0425]: cannot find type `Vec` in this scope
  --> crates/beamr/src/loader/load.rs:99:39
   |
99 |     deferred_by_module: HashMap<Atom, Vec<UnresolvedImportEntry>>,
   |                                       ^^^ not found in this scope
   |
help: consider importing this struct
   |
 1 + use alloc::vec::Vec;
   |

error[E0425]: cannot find type `Vec` in this scope
   --> crates/beamr/src/loader/load.rs:100:37
    |
100 |     denied_by_module: HashMap<Atom, Vec<DeniedImportEntry>>,
    |                                     ^^^ not found in this scope
    |
help: consider importing this struct
    |
  1 + use alloc::vec::Vec;
    |

error[E0425]: cannot find type `Vec` in this scope
   --> crates/beamr/src/loader/load.rs:106:25
    |
106 |     pub fn new(entries: Vec<UnresolvedImportEntry>) -> Self {
    |                         ^^^ not found in this scope
    |
help: consider importing this struct
    |
  1 + use alloc::vec::Vec;
    |

error[E0433]: cannot find type `Vec` in this scope
   --> crates/beamr/src/loader/load.rs:107:38
    |
107 |         Self::with_deferred(entries, Vec::new())
    |                                      ^^^ use of undeclared type `Vec`
    |
help: consider importing this struct
    |
  1 + use alloc::vec::Vec;
    |

error[E0425]: cannot find type `Vec` in this scope
   --> crates/beamr/src/loader/load.rs:113:18
    |
113 |         entries: Vec<UnresolvedImportEntry>,
    |                  ^^^ not found in this scope
    |
help: consider importing this struct
    |
  1 + use alloc::vec::Vec;
    |

error[E0425]: cannot find type `Vec` in this scope
   --> crates/beamr/src/loader/load.rs:114:19
    |
114 |         deferred: Vec<UnresolvedImportEntry>,
    |                   ^^^ not found in this scope
    |
help: consider importing this struct
    |
  1 + use alloc::vec::Vec;
    |

error[E0433]: cannot find type `Vec` in this scope
   --> crates/beamr/src/loader/load.rs:129:45
    |
129 |         self.entries_by_module.values().all(Vec::is_empty)
    |                                             ^^^ use of undeclared type `Vec`
    |
help: consider importing this struct
    |
  1 + use alloc::vec::Vec;
    |

error[E0433]: cannot find type `Vec` in this scope
   --> crates/beamr/src/loader/load.rs:130:51
    |
130 |             && self.denied_by_module.values().all(Vec::is_empty)
    |                                                   ^^^ use of undeclared type `Vec`
    |
help: consider importing this struct
    |
  1 + use alloc::vec::Vec;
    |

error[E0425]: cannot find type `Vec` in this scope
   --> crates/beamr/src/loader/load.rs:151:55
    |
151 |     pub fn entries_by_module(&self) -> &HashMap<Atom, Vec<UnresolvedImportEntry>> {
    |                                                       ^^^ not found in this scope
    |
help: consider importing this struct
    |
  1 + use alloc::vec::Vec;
    |

error[E0433]: cannot find type `Vec` in this scope
   --> crates/beamr/src/loader/load.rs:160:18
    |
160 |             .map(Vec::as_slice)
    |                  ^^^ use of undeclared type `Vec`
    |
help: consider importing this struct
    |
  1 + use alloc::vec::Vec;
    |

error[E0425]: cannot find type `Vec` in this scope
   --> crates/beamr/src/loader/load.rs:166:30
    |
166 |     pub fn imports(&self) -> Vec<UnresolvedImportEntry> {
    |                              ^^^ not found in this scope
    |
help: consider importing this struct
    |
  1 + use alloc::vec::Vec;
    |

error[E0425]: cannot find type `Vec` in this scope
   --> crates/beamr/src/loader/load.rs:167:26
    |
167 |         let mut modules: Vec<_> = self.entries_by_module.keys().copied().collect();
    |                          ^^^ not found in this scope
    |
help: consider importing this struct
    |
  1 + use alloc::vec::Vec;
    |

error[E0425]: cannot find type `Vec` in this scope
   --> crates/beamr/src/loader/load.rs:177:56
    |
177 |     pub fn deferred_by_module(&self) -> &HashMap<Atom, Vec<UnresolvedImportEntry>> {
    |                                                        ^^^ not found in this scope
    |
help: consider importing this struct
    |
  1 + use alloc::vec::Vec;
    |

error[E0433]: cannot find type `Vec` in this scope
   --> crates/beamr/src/loader/load.rs:186:18
    |
186 |             .map(Vec::as_slice)
    |                  ^^^ use of undeclared type `Vec`
    |
help: consider importing this struct
    |
  1 + use alloc::vec::Vec;
    |

error[E0425]: cannot find type `Vec` in this scope
   --> crates/beamr/src/loader/load.rs:192:39
    |
192 |     pub fn deferred_imports(&self) -> Vec<UnresolvedImportEntry> {
    |                                       ^^^ not found in this scope
    |
help: consider importing this struct
    |
  1 + use alloc::vec::Vec;
    |

error[E0425]: cannot find type `Vec` in this scope
   --> crates/beamr/src/loader/load.rs:193:26
    |
193 |         let mut modules: Vec<_> = self.deferred_by_module.keys().copied().collect();
    |                          ^^^ not found in this scope
    |
help: consider importing this struct
    |
  1 + use alloc::vec::Vec;
    |

error[E0433]: cannot find type `Vec` in this scope
   --> crates/beamr/src/loader/load.rs:206:18
    |
206 |             .map(Vec::as_slice)
    |                  ^^^ use of undeclared type `Vec`
    |
help: consider importing this struct
    |
  1 + use alloc::vec::Vec;
    |

error[E0425]: cannot find type `Vec` in this scope
   --> crates/beamr/src/loader/load.rs:212:37
    |
212 |     pub fn denied_imports(&self) -> Vec<DeniedImportEntry> {
    |                                     ^^^ not found in this scope
    |
help: consider importing this struct
    |
  1 + use alloc::vec::Vec;
    |

error[E0425]: cannot find type `Vec` in this scope
   --> crates/beamr/src/loader/load.rs:213:26
    |
213 |         let mut modules: Vec<_> = self.denied_by_module.keys().copied().collect();
    |                          ^^^ not found in this scope
    |
help: consider importing this struct
    |
  1 + use alloc::vec::Vec;
    |

error[E0425]: cannot find type `Vec` in this scope
   --> crates/beamr/src/loader/load.rs:249:26
    |
249 |         let mut modules: Vec<_> = self.entries_by_module.keys().copied().collect();
    |                          ^^^ not found in this scope
    |
help: consider importing this struct
    |
  1 + use alloc::vec::Vec;
    |

error[E0425]: cannot find type `Vec` in this scope
   --> crates/beamr/src/loader/load.rs:268:39
    |
268 |             let mut deferred_modules: Vec<_> = self.deferred_by_module.keys().copied().collect();
    |                                       ^^^ not found in this scope
    |
help: consider importing this struct
    |
  1 + use alloc::vec::Vec;
    |

error[E0425]: cannot find type `Vec` in this scope
   --> crates/beamr/src/loader/load.rs:288:37
    |
288 |             let mut denied_modules: Vec<_> = self.denied_by_module.keys().copied().collect();
    |                                     ^^^ not found in this scope
    |
help: consider importing this struct
    |
  1 + use alloc::vec::Vec;
    |

error[E0433]: cannot find type `Vec` in this scope
   --> crates/beamr/src/loader/load.rs:327:17
    |
327 |         None => Vec::new(),
    |                 ^^^ use of undeclared type `Vec`
    |
help: consider importing this struct
    |
  1 + use alloc::vec::Vec;
    |

error[E0433]: cannot find type `Vec` in this scope
   --> crates/beamr/src/loader/load.rs:339:17
    |
339 |         None => Vec::new(),
    |                 ^^^ use of undeclared type `Vec`
    |
help: consider importing this struct
    |
  1 + use alloc::vec::Vec;
    |

error[E0433]: cannot find type `Vec` in this scope
   --> crates/beamr/src/loader/load.rs:343:17
    |
343 |         None => Vec::new(),
    |                 ^^^ use of undeclared type `Vec`
    |
help: consider importing this struct
    |
  1 + use alloc::vec::Vec;
    |

error[E0433]: cannot find type `Vec` in this scope
   --> crates/beamr/src/loader/load.rs:351:17
    |
351 |         None => Vec::new(),
    |                 ^^^ use of undeclared type `Vec`
    |
help: consider importing this struct
    |
  1 + use alloc::vec::Vec;
    |

error[E0433]: cannot find type `Vec` in this scope
   --> crates/beamr/src/loader/load.rs:358:17
    |
358 |         None => Vec::new(),
    |                 ^^^ use of undeclared type `Vec`
    |
help: consider importing this struct
    |
  1 + use alloc::vec::Vec;
    |

error[E0425]: cannot find type `Vec` in this scope
   --> crates/beamr/src/loader/load.rs:533:7
    |
533 | ) -> (Vec<ResolvedImport>, UnresolvedImportReport) {
    |       ^^^ not found in this scope
    |
help: consider importing this struct
    |
  1 + use alloc::vec::Vec;
    |

error[E0433]: cannot find type `Vec` in this scope
   --> crates/beamr/src/loader/load.rs:534:24
    |
534 |     let mut resolved = Vec::with_capacity(parsed.imports.len());
    |                        ^^^ use of undeclared type `Vec`
    |
help: consider importing this struct
    |
  1 + use alloc::vec::Vec;
    |

error[E0433]: cannot find type `Vec` in this scope
   --> crates/beamr/src/loader/load.rs:535:26
    |
535 |     let mut unresolved = Vec::new();
    |                          ^^^ use of undeclared type `Vec`
    |
help: consider importing this struct
    |
  1 + use alloc::vec::Vec;
    |

error[E0433]: cannot find type `Vec` in this scope
   --> crates/beamr/src/loader/load.rs:536:24
    |
536 |     let mut deferred = Vec::new();
    |                        ^^^ use of undeclared type `Vec`
    |
help: consider importing this struct
    |
  1 + use alloc::vec::Vec;
    |

error[E0433]: cannot find type `Vec` in this scope
   --> crates/beamr/src/loader/load.rs:537:22
    |
537 |     let mut denied = Vec::new();
    |                      ^^^ use of undeclared type `Vec`
    |
help: consider importing this struct
    |
  1 + use alloc::vec::Vec;
    |

error[E0425]: cannot find type `Vec` in this scope
   --> crates/beamr/src/loader/load.rs:628:23
    |
628 |     resolved_imports: Vec<ResolvedImport>,
    |                       ^^^ not found in this scope
    |
help: consider importing this struct
    |
  1 + use alloc::vec::Vec;
    |

error[E0425]: cannot find type `Vec` in this scope
   --> crates/beamr/src/loader/load.rs:710:18
    |
710 |     mut lambdas: Vec<LambdaEntry>,
    |                  ^^^ not found in this scope
    |
help: consider importing this struct
    |
  1 + use alloc::vec::Vec;
    |

error[E0425]: cannot find type `Vec` in this scope
   --> crates/beamr/src/loader/load.rs:712:13
    |
712 | ) -> Result<Vec<LambdaEntry>, LoadError> {
    |             ^^^ not found in this scope
    |
help: consider importing this struct
    |
  1 + use alloc::vec::Vec;
    |

error[E0425]: cannot find type `Vec` in this scope
  --> crates/beamr/src/loader/parser.rs:14:50
   |
14 | pub fn parse_beam_chunks(bytes: &[u8]) -> Result<Vec<(FourCC, &[u8])>, LoadError> {
   |                                                  ^^^ not found in this scope
   |
help: consider importing this struct
   |
 8 + use alloc::vec::Vec;
   |

error[E0433]: cannot find type `Vec` in this scope
  --> crates/beamr/src/loader/parser.rs:29:22
   |
29 |     let mut chunks = Vec::new();
   |                      ^^^ use of undeclared type `Vec`
   |
help: consider importing this struct
   |
 8 + use alloc::vec::Vec;
   |

error[E0425]: cannot find type `String` in this scope
   --> crates/beamr/src/loader/validate.rs:312:56
    |
312 | fn validation_error(instruction_index: usize, message: String) -> LoadError {
    |                                                        ^^^^^^ not found in this scope
    |
help: consider importing this struct
    |
  9 + use alloc::string::String;
    |

error[E0425]: cannot find type `Vec` in this scope
   --> crates/beamr/src/loader/validate.rs:316:55
    |
316 | fn instruction_operands(instruction: &Instruction) -> Vec<&Operand> {
    |                                                       ^^^ not found in this scope
    |
help: consider importing this struct
    |
  9 + use alloc::vec::Vec;
    |

error[E0433]: cannot find type `Vec` in this scope
   --> crates/beamr/src/loader/validate.rs:327:36
    |
327 |         | Instruction::NifStart => Vec::new(),
    |                                    ^^^ use of undeclared type `Vec`
    |
help: consider importing this struct
    |
  9 + use alloc::vec::Vec;
    |

error[E0433]: cannot find module or crate `std` in this scope
  --> crates/beamr/src/mailbox/mod.rs:31:6
   |
31 | impl std::fmt::Display for SendError {
   |      ^^^ use of unresolved module or unlinked crate `std`
   |
   = help: if you wanted to use a crate named `std`, use `cargo add std` to add it to your `Cargo.toml`
help: consider importing one of these modules
   |
 8 + use core::fmt;
   |
 8 + use alloc::fmt;
   |
help: if you import `fmt`, refer to it directly
   |
31 - impl std::fmt::Display for SendError {
31 + impl fmt::Display for SendError {
   |

error[E0433]: cannot find module or crate `std` in this scope
  --> crates/beamr/src/mailbox/mod.rs:32:27
   |
32 |     fn fmt(&self, f: &mut std::fmt::Formatter<'_>) -> std::fmt::Result {
   |                           ^^^ use of unresolved module or unlinked crate `std`
   |
   = help: if you wanted to use a crate named `std`, use `cargo add std` to add it to your `Cargo.toml`
help: consider importing one of these modules
   |
 8 + use core::fmt;
   |
 8 + use alloc::fmt;
   |
help: if you import `fmt`, refer to it directly
   |
32 -     fn fmt(&self, f: &mut std::fmt::Formatter<'_>) -> std::fmt::Result {
32 +     fn fmt(&self, f: &mut fmt::Formatter<'_>) -> std::fmt::Result {
   |

error[E0433]: cannot find module or crate `std` in this scope
  --> crates/beamr/src/mailbox/mod.rs:32:55
   |
32 |     fn fmt(&self, f: &mut std::fmt::Formatter<'_>) -> std::fmt::Result {
   |                                                       ^^^ use of unresolved module or unlinked crate `std`
   |
   = help: if you wanted to use a crate named `std`, use `cargo add std` to add it to your `Cargo.toml`
help: consider importing one of these modules
   |
 8 + use core::fmt;
   |
 8 + use alloc::fmt;
   |
help: if you import `fmt`, refer to it directly
   |
32 -     fn fmt(&self, f: &mut std::fmt::Formatter<'_>) -> std::fmt::Result {
32 +     fn fmt(&self, f: &mut std::fmt::Formatter<'_>) -> fmt::Result {
   |

error[E0433]: cannot find module or crate `std` in this scope
  --> crates/beamr/src/mailbox/mod.rs:40:6
   |
40 | impl std::error::Error for SendError {}
   |      ^^^ use of unresolved module or unlinked crate `std`
   |
   = help: if you wanted to use a crate named `std`, use `cargo add std` to add it to your `Cargo.toml`
help: consider importing one of these modules
   |
 8 + use crate::error;
   |
 8 + use core::error;
   |
help: if you import `error`, refer to it directly
   |
40 - impl std::error::Error for SendError {}
40 + impl error::Error for SendError {}
   |

error[E0433]: cannot find module or crate `std` in this scope
   --> crates/beamr/src/mailbox/mod.rs:252:6
    |
252 | impl std::fmt::Debug for MailboxSender {
    |      ^^^ use of unresolved module or unlinked crate `std`
    |
    = help: if you wanted to use a crate named `std`, use `cargo add std` to add it to your `Cargo.toml`
help: consider importing one of these modules
    |
  8 + use core::fmt;
    |
  8 + use alloc::fmt;
    |
help: if you import `fmt`, refer to it directly
    |
252 - impl std::fmt::Debug for MailboxSender {
252 + impl fmt::Debug for MailboxSender {
    |

error[E0433]: cannot find module or crate `std` in this scope
   --> crates/beamr/src/mailbox/mod.rs:253:27
    |
253 |     fn fmt(&self, f: &mut std::fmt::Formatter<'_>) -> std::fmt::Result {
    |                           ^^^ use of unresolved module or unlinked crate `std`
    |
    = help: if you wanted to use a crate named `std`, use `cargo add std` to add it to your `Cargo.toml`
help: consider importing one of these modules
    |
  8 + use core::fmt;
    |
  8 + use alloc::fmt;
    |
help: if you import `fmt`, refer to it directly
    |
253 -     fn fmt(&self, f: &mut std::fmt::Formatter<'_>) -> std::fmt::Result {
253 +     fn fmt(&self, f: &mut fmt::Formatter<'_>) -> std::fmt::Result {
    |

error[E0433]: cannot find module or crate `std` in this scope
   --> crates/beamr/src/mailbox/mod.rs:253:55
    |
253 |     fn fmt(&self, f: &mut std::fmt::Formatter<'_>) -> std::fmt::Result {
    |                                                       ^^^ use of unresolved module or unlinked crate `std`
    |
    = help: if you wanted to use a crate named `std`, use `cargo add std` to add it to your `Cargo.toml`
help: consider importing one of these modules
    |
  8 + use core::fmt;
    |
  8 + use alloc::fmt;
    |
help: if you import `fmt`, refer to it directly
    |
253 -     fn fmt(&self, f: &mut std::fmt::Formatter<'_>) -> std::fmt::Result {
253 +     fn fmt(&self, f: &mut std::fmt::Formatter<'_>) -> fmt::Result {
    |

error[E0433]: cannot find module or crate `std` in this scope
   --> crates/beamr/src/mailbox/mod.rs:358:26
    |
358 |     let words = unsafe { std::slice::from_raw_parts_mut(ptr, 2) };
    |                          ^^^ use of unresolved module or unlinked crate `std`
    |
    = help: if you wanted to use a crate named `std`, use `cargo add std` to add it to your `Cargo.toml`
help: consider importing one of these modules
    |
  8 + use core::slice;
    |
  8 + use alloc::slice;
    |
help: if you import `slice`, refer to it directly
    |
358 -     let words = unsafe { std::slice::from_raw_parts_mut(ptr, 2) };
358 +     let words = unsafe { slice::from_raw_parts_mut(ptr, 2) };
    |

error[E0425]: cannot find type `Vec` in this scope
   --> crates/beamr/src/mailbox/mod.rs:402:27
    |
402 |         .collect::<Result<Vec<_>, _>>()?;
    |                           ^^^ not found in this scope
    |
help: consider importing this struct
    |
  8 + use alloc::vec::Vec;
    |

error[E0425]: cannot find type `Vec` in this scope
   --> crates/beamr/src/mailbox/mod.rs:427:27
    |
427 |         .collect::<Result<Vec<_>, _>>()?;
    |                           ^^^ not found in this scope
    |
help: consider importing this struct
    |
  8 + use alloc::vec::Vec;
    |

error[E0425]: cannot find type `Vec` in this scope
   --> crates/beamr/src/mailbox/mod.rs:448:27
    |
448 |         .collect::<Result<Vec<_>, _>>()?;
    |                           ^^^ not found in this scope
    |
help: consider importing this struct
    |
  8 + use alloc::vec::Vec;
    |

error[E0425]: cannot find type `Vec` in this scope
   --> crates/beamr/src/mailbox/mod.rs:455:27
    |
455 |         .collect::<Result<Vec<_>, _>>()?;
    |                           ^^^ not found in this scope
    |
help: consider importing this struct
    |
  8 + use alloc::vec::Vec;
    |

error[E0433]: cannot find module or crate `std` in this scope
   --> crates/beamr/src/mailbox/mod.rs:508:17
    |
508 |     Ok(unsafe { std::slice::from_raw_parts_mut(ptr, word_count) })
    |                 ^^^ use of unresolved module or unlinked crate `std`
    |
    = help: if you wanted to use a crate named `std`, use `cargo add std` to add it to your `Cargo.toml`
help: consider importing one of these modules
    |
  8 + use core::slice;
    |
  8 + use alloc::slice;
    |
help: if you import `slice`, refer to it directly
    |
508 -     Ok(unsafe { std::slice::from_raw_parts_mut(ptr, word_count) })
508 +     Ok(unsafe { slice::from_raw_parts_mut(ptr, word_count) })
    |

error[E0433]: cannot find module or crate `std` in this scope
   --> crates/beamr/src/mailbox/mod.rs:519:17
    |
519 |     Ok(unsafe { std::slice::from_raw_parts_mut(ptr, word_count) })
    |                 ^^^ use of unresolved module or unlinked crate `std`
    |
    = help: if you wanted to use a crate named `std`, use `cargo add std` to add it to your `Cargo.toml`
help: consider importing one of these modules
    |
  8 + use core::slice;
    |
  8 + use alloc::slice;
    |
help: if you import `slice`, refer to it directly
    |
519 -     Ok(unsafe { std::slice::from_raw_parts_mut(ptr, word_count) })
519 +     Ok(unsafe { slice::from_raw_parts_mut(ptr, word_count) })
    |

error[E0425]: cannot find type `Vec` in this scope
   --> crates/beamr/src/module.rs:120:15
    |
120 |     pub code: Vec<Instruction>,
    |               ^^^ not found in this scope
    |
help: consider importing this struct
    |
  9 + use alloc::vec::Vec;
    |

error[E0425]: cannot find type `Vec` in this scope
   --> crates/beamr/src/module.rs:122:25
    |
122 |     pub function_table: Vec<(usize, Atom, u8)>,
    |                         ^^^ not found in this scope
    |
help: consider importing this struct
    |
  9 + use alloc::vec::Vec;
    |

error[E0425]: cannot find type `Vec` in this scope
   --> crates/beamr/src/module.rs:124:21
    |
124 |     pub line_table: Vec<(usize, usize)>,
    |                     ^^^ not found in this scope
    |
help: consider importing this struct
    |
  9 + use alloc::vec::Vec;
    |

error[E0425]: cannot find type `Vec` in this scope
   --> crates/beamr/src/module.rs:126:19
    |
126 |     pub literals: Vec<Literal>,
    |                   ^^^ not found in this scope
    |
help: consider importing this struct
    |
  9 + use alloc::vec::Vec;
    |

error[E0425]: cannot find type `Vec` in this scope
   --> crates/beamr/src/module.rs:130:27
    |
130 |     pub resolved_imports: Vec<ResolvedImport>,
    |                           ^^^ not found in this scope
    |
help: consider importing this struct
    |
  9 + use alloc::vec::Vec;
    |

error[E0425]: cannot find type `Vec` in this scope
   --> crates/beamr/src/module.rs:132:18
    |
132 |     pub lambdas: Vec<LambdaEntry>,
    |                  ^^^ not found in this scope
    |
help: consider importing this struct
    |
  9 + use alloc::vec::Vec;
    |

error[E0425]: cannot find type `Vec` in this scope
   --> crates/beamr/src/module.rs:134:23
    |
134 |     pub string_table: Vec<u8>,
    |                       ^^^ not found in this scope
    |
help: consider importing this struct
    |
  9 + use alloc::vec::Vec;
    |

error[E0425]: cannot find type `Vec` in this scope
   --> crates/beamr/src/module.rs:136:20
    |
136 |     pub line_info: Vec<LineInfo>,
    |                    ^^^ not found in this scope
    |
help: consider importing this struct
    |
  9 + use alloc::vec::Vec;
    |

error[E0433]: cannot find module or crate `std` in this scope
   --> crates/beamr/src/module.rs:372:6
    |
372 | impl std::error::Error for PurgeError {}
    |      ^^^ use of unresolved module or unlinked crate `std`
    |
    = help: if you wanted to use a crate named `std`, use `cargo add std` to add it to your `Cargo.toml`
help: consider importing one of these modules
    |
  9 + use crate::error;
    |
  9 + use core::error;
    |
help: if you import `error`, refer to it directly
    |
372 - impl std::error::Error for PurgeError {}
372 + impl error::Error for PurgeError {}
    |

error[E0425]: cannot find type `Vec` in this scope
   --> crates/beamr/src/module.rs:480:33
    |
480 |     pub fn all_loaded(&self) -> Vec<(Atom, ModuleOrigin)> {
    |                                 ^^^ not found in this scope
    |
help: consider importing this struct
    |
  9 + use alloc::vec::Vec;
    |

error[E0425]: cannot find type `Vec` in this scope
   --> crates/beamr/src/module.rs:481:26
    |
481 |         let mut modules: Vec<_> = self
    |                          ^^^ not found in this scope
    |
help: consider importing this struct
    |
  9 + use alloc::vec::Vec;
    |

error[E0425]: cannot find type `Vec` in this scope
  --> crates/beamr/src/native/capability.rs:69:13
   |
69 |     grants: Vec<Capability>,
   |             ^^^ not found in this scope
   |
help: consider importing this struct
   |
 8 + use alloc::vec::Vec;
   |

error[E0433]: cannot find type `Vec` in this scope
  --> crates/beamr/src/native/capability.rs:82:26
   |
82 |         let mut grants = Vec::new();
   |                          ^^^ use of undeclared type `Vec`
   |
help: consider importing this struct
   |
 8 + use alloc::vec::Vec;
   |

error[E0425]: cannot find type `Vec` in this scope
  --> crates/beamr/src/native/code_management_bifs.rs:37:37
   |
37 |     fn all_loaded_modules(&self) -> Vec<(Atom, ModuleOrigin)>;
   |                                     ^^^ not found in this scope
   |
help: consider importing this struct
   |
 6 + use alloc::vec::Vec;
   |

error[E0425]: cannot find type `Vec` in this scope
   --> crates/beamr/src/native/code_management_bifs.rs:137:23
    |
137 |     let loaded_terms: Vec<(Term, Term)> = loaded
    |                       ^^^ not found in this scope
    |
help: consider importing this struct
    |
  6 + use alloc::vec::Vec;
    |

error[E0425]: cannot find type `Vec` in this scope
  --> crates/beamr/src/native/context/mod.rs:73:15
   |
73 |     pub args: Vec<Term>,
   |               ^^^ not found in this scope
   |
help: consider importing this struct
   |
 6 + use ::alloc::vec::Vec;
   |

error[E0433]: cannot find module or crate `std` in this scope
   --> crates/beamr/src/native/context/mod.rs:105:6
    |
105 | impl std::fmt::Debug for AionTimeoutContinuation {
    |      ^^^ use of unresolved module or unlinked crate `std`
    |
    = help: if you wanted to use a crate named `std`, use `cargo add std` to add it to your `Cargo.toml`
help: consider importing one of these modules
    |
  6 + use crate::native::fmt;
    |
  6 + use core::fmt;
    |
  6 + use ::alloc::fmt;
    |
help: if you import `fmt`, refer to it directly
    |
105 - impl std::fmt::Debug for AionTimeoutContinuation {
105 + impl fmt::Debug for AionTimeoutContinuation {
    |

error[E0433]: cannot find module or crate `std` in this scope
   --> crates/beamr/src/native/context/mod.rs:106:27
    |
106 |     fn fmt(&self, f: &mut std::fmt::Formatter<'_>) -> std::fmt::Result {
    |                           ^^^ use of unresolved module or unlinked crate `std`
    |
    = help: if you wanted to use a crate named `std`, use `cargo add std` to add it to your `Cargo.toml`
help: consider importing one of these modules
    |
  6 + use crate::native::fmt;
    |
  6 + use core::fmt;
    |
  6 + use ::alloc::fmt;
    |
help: if you import `fmt`, refer to it directly
    |
106 -     fn fmt(&self, f: &mut std::fmt::Formatter<'_>) -> std::fmt::Result {
106 +     fn fmt(&self, f: &mut fmt::Formatter<'_>) -> std::fmt::Result {
    |

error[E0433]: cannot find module or crate `std` in this scope
   --> crates/beamr/src/native/context/mod.rs:106:55
    |
106 |     fn fmt(&self, f: &mut std::fmt::Formatter<'_>) -> std::fmt::Result {
    |                                                       ^^^ use of unresolved module or unlinked crate `std`
    |
    = help: if you wanted to use a crate named `std`, use `cargo add std` to add it to your `Cargo.toml`
help: consider importing one of these modules
    |
  6 + use crate::native::fmt;
    |
  6 + use core::fmt;
    |
  6 + use ::alloc::fmt;
    |
help: if you import `fmt`, refer to it directly
    |
106 -     fn fmt(&self, f: &mut std::fmt::Formatter<'_>) -> std::fmt::Result {
106 +     fn fmt(&self, f: &mut std::fmt::Formatter<'_>) -> fmt::Result {
    |

error[E0425]: cannot find type `Vec` in this scope
   --> crates/beamr/src/native/context/mod.rs:245:15
    |
245 |         args: Vec<Term>,
    |               ^^^ not found in this scope
    |
help: consider importing this struct
    |
  6 + use ::alloc::vec::Vec;
    |

error[E0425]: cannot find type `Vec` in this scope
   --> crates/beamr/src/native/context/mod.rs:347:27
    |
347 |     detached_allocations: Vec<Box<[u64]>>,
    |                           ^^^ not found in this scope
    |
help: consider importing this struct
    |
  6 + use ::alloc::vec::Vec;
    |

error[E0425]: cannot find type `Box` in this scope
   --> crates/beamr/src/native/context/mod.rs:347:31
    |
347 |     detached_allocations: Vec<Box<[u64]>>,
    |                               ^^^ not found in this scope
    |
help: consider importing this struct
    |
  6 + use ::alloc::boxed::Box;
    |

error[E0433]: cannot find module or crate `std` in this scope
   --> crates/beamr/src/native/context/mod.rs:389:38
    |
389 |     nif_private_data: Option<Arc<dyn std::any::Any + Send + Sync>>,
    |                                      ^^^ use of unresolved module or unlinked crate `std`
    |
    = help: if you wanted to use a crate named `std`, use `cargo add std` to add it to your `Cargo.toml`
help: consider importing this module
    |
  6 + use core::any;
    |
help: if you import `any`, refer to it directly
    |
389 -     nif_private_data: Option<Arc<dyn std::any::Any + Send + Sync>>,
389 +     nif_private_data: Option<Arc<dyn any::Any + Send + Sync>>,
    |

error[E0433]: cannot find type `Vec` in this scope
   --> crates/beamr/src/native/context/mod.rs:515:35
    |
515 |             detached_allocations: Vec::new(),
    |                                   ^^^ use of undeclared type `Vec`
    |
help: consider importing this struct
    |
  6 + use ::alloc::vec::Vec;
    |

error[E0433]: cannot find type `Vec` in this scope
   --> crates/beamr/src/native/context/mod.rs:574:35
    |
574 |             detached_allocations: Vec::new(),
    |                                   ^^^ use of undeclared type `Vec`
    |
help: consider importing this struct
    |
  6 + use ::alloc::vec::Vec;
    |

error[E0433]: cannot find module or crate `std` in this scope
   --> crates/beamr/src/native/context/mod.rs:627:55
    |
627 |     pub fn nif_private_data(&self) -> Option<&Arc<dyn std::any::Any + Send + Sync>> {
    |                                                       ^^^ use of unresolved module or unlinked crate `std`
    |
    = help: if you wanted to use a crate named `std`, use `cargo add std` to add it to your `Cargo.toml`
help: consider importing this module
    |
  6 + use core::any;
    |
help: if you import `any`, refer to it directly
    |
627 -     pub fn nif_private_data(&self) -> Option<&Arc<dyn std::any::Any + Send + Sync>> {
627 +     pub fn nif_private_data(&self) -> Option<&Arc<dyn any::Any + Send + Sync>> {
    |

error[E0433]: cannot find module or crate `std` in this scope
   --> crates/beamr/src/native/context/mod.rs:632:65
    |
632 |     pub fn set_nif_private_data(&mut self, data: Option<Arc<dyn std::any::Any + Send + Sync>>) {
    |                                                                 ^^^ use of unresolved module or unlinked crate `std`
    |
    = help: if you wanted to use a crate named `std`, use `cargo add std` to add it to your `Cargo.toml`
help: consider importing this module
    |
  6 + use core::any;
    |
help: if you import `any`, refer to it directly
    |
632 -     pub fn set_nif_private_data(&mut self, data: Option<Arc<dyn std::any::Any + Send + Sync>>) {
632 +     pub fn set_nif_private_data(&mut self, data: Option<Arc<dyn any::Any + Send + Sync>>) {
    |

error[E0425]: cannot find type `Vec` in this scope
    --> crates/beamr/src/native/context/mod.rs:1435:42
     |
1435 |     pub fn dict_get_all(&self) -> Result<Vec<(Term, Term)>, Term> {
     |                                          ^^^ not found in this scope
     |
help: consider importing this struct
     |
   6 + use ::alloc::vec::Vec;
     |

error[E0425]: cannot find type `Vec` in this scope
    --> crates/beamr/src/native/context/mod.rs:1443:43
     |
1443 |     fn dict_entries_copy(&self) -> Result<Vec<(Term, Term)>, Term> {
     |                                           ^^^ not found in this scope
     |
help: consider importing this struct
     |
   6 + use ::alloc::vec::Vec;
     |

error[E0425]: cannot find type `Vec` in this scope
    --> crates/beamr/src/native/context/mod.rs:1476:48
     |
1476 |     pub fn dict_erase_all(&mut self) -> Result<Vec<(Term, Term)>, Term> {
     |                                                ^^^ not found in this scope
     |
help: consider importing this struct
     |
   6 + use ::alloc::vec::Vec;
     |

error[E0425]: cannot find type `Vec` in this scope
    --> crates/beamr/src/native/context/mod.rs:1481:48
     |
1481 |     fn dict_entries_drain(&mut self) -> Result<Vec<(Term, Term)>, Term> {
     |                                                ^^^ not found in this scope
     |
help: consider importing this struct
     |
   6 + use ::alloc::vec::Vec;
     |

error[E0425]: cannot find type `Vec` in this scope
    --> crates/beamr/src/native/context/mod.rs:1497:56
     |
1497 |     pub fn dict_get_keys(&self, value: Term) -> Result<Vec<Term>, Term> {
     |                                                        ^^^ not found in this scope
     |
help: consider importing this struct
     |
   6 + use ::alloc::vec::Vec;
     |

error[E0425]: cannot find type `Vec` in this scope
    --> crates/beamr/src/native/context/mod.rs:1502:53
     |
1502 |     fn dict_keys_copy(&self, value: Term) -> Result<Vec<Term>, Term> {
     |                                                     ^^^ not found in this scope
     |
help: consider importing this struct
     |
   6 + use ::alloc::vec::Vec;
     |

error[E0433]: cannot find type `Vec` in this scope
    --> crates/beamr/src/native/context/mod.rs:1574:26
     |
1574 |         let mut tuples = Vec::with_capacity(entries.len());
     |                          ^^^ use of undeclared type `Vec`
     |
help: consider importing this struct
     |
   6 + use ::alloc::vec::Vec;
     |

error[E0425]: cannot find type `Vec` in this scope
    --> crates/beamr/src/native/context/mod.rs:1656:55
     |
1656 |     pub fn set_trampoline(&mut self, fun: Term, args: Vec<Term>) {
     |                                                       ^^^ not found in this scope
     |
help: consider importing this struct
     |
   6 + use ::alloc::vec::Vec;
     |

error[E0425]: cannot find type `Vec` in this scope
    --> crates/beamr/src/native/context/mod.rs:1668:15
     |
1668 |         args: Vec<Term>,
     |               ^^^ not found in this scope
     |
help: consider importing this struct
     |
   6 + use ::alloc::vec::Vec;
     |

error[E0433]: cannot find module or crate `std` in this scope
    --> crates/beamr/src/native/context/mod.rs:1825:17
     |
1825 |                 std::mem::take(&mut self.detached_allocations),
     |                 ^^^ use of unresolved module or unlinked crate `std`
     |
     = help: if you wanted to use a crate named `std`, use `cargo add std` to add it to your `Cargo.toml`
help: consider importing this module
     |
   6 + use core::mem;
     |
help: if you import `mem`, refer to it directly
     |
1825 -                 std::mem::take(&mut self.detached_allocations),
1825 +                 mem::take(&mut self.detached_allocations),
     |

error[E0425]: cannot find type `Vec` in this scope
  --> crates/beamr/src/native/context/accumulator.rs:67:11
   |
67 |     Owned(Vec<Term>),
   |           ^^^ not found in this scope
   |
help: consider importing this struct
   |
49 + use alloc::vec::Vec;
   |

error[E0433]: cannot find type `Vec` in this scope
  --> crates/beamr/src/native/context/accumulator.rs:83:41
   |
83 |                 backing: Backing::Owned(Vec::new()),
   |                                         ^^^ use of undeclared type `Vec`
   |
help: consider importing this struct
   |
49 + use alloc::vec::Vec;
   |

error[E0425]: cannot find type `Vec` in this scope
   --> crates/beamr/src/native/context/accumulator.rs:165:64
    |
165 |     fn snapshot(&self, context: &ProcessContext<'_>) -> Result<Vec<Term>, Term> {
    |                                                                ^^^ not found in this scope
    |
help: consider importing this struct
    |
 49 + use alloc::vec::Vec;
    |

error[E0433]: cannot find type `Vec` in this scope
   --> crates/beamr/src/native/context/accumulator.rs:168:33
    |
168 |                 let mut terms = Vec::with_capacity(handle.len);
    |                                 ^^^ use of undeclared type `Vec`
    |
help: consider importing this struct
    |
 49 + use alloc::vec::Vec;
    |

error[E0433]: cannot find type `Vec` in this scope
   --> crates/beamr/src/native/context/accumulator.rs:213:24
    |
213 |         let mut keys = Vec::with_capacity(flat.len() / 2);
    |                        ^^^ use of undeclared type `Vec`
    |
help: consider importing this struct
    |
 49 + use alloc::vec::Vec;
    |

error[E0433]: cannot find type `Vec` in this scope
   --> crates/beamr/src/native/context/accumulator.rs:214:26
    |
214 |         let mut values = Vec::with_capacity(flat.len() / 2);
    |                          ^^^ use of undeclared type `Vec`
    |
help: consider importing this struct
    |
 49 + use alloc::vec::Vec;
    |

error[E0425]: cannot find type `Vec` in this scope
   --> crates/beamr/src/native/context/accumulator.rs:235:24
    |
235 |         let mut pairs: Vec<(Term, Term)> = flat
    |                        ^^^ not found in this scope
    |
help: consider importing this struct
    |
 49 + use alloc::vec::Vec;
    |

error[E0433]: cannot find type `Vec` in this scope
  --> crates/beamr/src/native/context/alloc.rs:35:31
   |
35 |             let mut current = Vec::with_capacity(roots.len);
   |                               ^^^ use of undeclared type `Vec`
   |
help: consider importing this struct
   |
13 + use alloc::vec::Vec;
   |

error[E0433]: cannot find type `Vec` in this scope
   --> crates/beamr/src/native/context/alloc.rs:232:26
    |
232 |         let mut rooted = Vec::with_capacity(elements.len() + 1);
    |                          ^^^ use of undeclared type `Vec`
    |
help: consider importing this struct
    |
 13 + use alloc::vec::Vec;
    |

error[E0433]: cannot find type `Vec` in this scope
   --> crates/beamr/src/native/context/alloc.rs:267:26
    |
267 |         let mut rooted = Vec::with_capacity(keys.len() + values.len());
    |                          ^^^ use of undeclared type `Vec`
    |
help: consider importing this struct
    |
 13 + use alloc::vec::Vec;
    |

error[E0433]: cannot find type `Vec` in this scope
   --> crates/beamr/src/native/context/alloc.rs:272:36
    |
272 |             let mut current_keys = Vec::with_capacity(keys.len());
    |                                    ^^^ use of undeclared type `Vec`
    |
help: consider importing this struct
    |
 13 + use alloc::vec::Vec;
    |

error[E0433]: cannot find type `Vec` in this scope
   --> crates/beamr/src/native/context/alloc.rs:273:38
    |
273 |             let mut current_values = Vec::with_capacity(values.len());
    |                                      ^^^ use of undeclared type `Vec`
    |
help: consider importing this struct
    |
 13 + use alloc::vec::Vec;
    |

error[E0425]: cannot find type `Vec` in this scope
   --> crates/beamr/src/native/etf_bifs.rs:125:15
    |
125 |     segments: Vec<IoSegment>,
    |               ^^^ not found in this scope
    |
help: consider importing this struct
    |
  3 + use alloc::vec::Vec;
    |

error[E0425]: cannot find type `Vec` in this scope
   --> crates/beamr/src/native/etf_bifs.rs:141:31
    |
141 |             .collect::<Result<Vec<_>, _>>()?;
    |                               ^^^ not found in this scope
    |
help: consider importing this struct
    |
  3 + use alloc::vec::Vec;
    |

error[E0425]: cannot find type `Vec` in this scope
   --> crates/beamr/src/native/ets_bifs.rs:157:14
    |
157 |     entries: Vec<Term>,
    |              ^^^ not found in this scope
    |
help: consider importing this struct
    |
  6 + use alloc::vec::Vec;
    |

error[E0425]: cannot find type `Vec` in this scope
   --> crates/beamr/src/native/ets_bifs.rs:555:20
    |
555 |         .collect::<Vec<_>>();
    |                    ^^^ not found in this scope
    |
help: consider importing this struct
    |
  6 + use alloc::vec::Vec;
    |

error[E0425]: cannot find type `Vec` in this scope
   --> crates/beamr/src/native/ets_bifs.rs:559:27
    |
559 |         .collect::<Result<Vec<_>, _>>()?;
    |                           ^^^ not found in this scope
    |
help: consider importing this struct
    |
  6 + use alloc::vec::Vec;
    |

error[E0433]: cannot find type `Vec` in this scope
   --> crates/beamr/src/native/ets_bifs.rs:562:23
    |
562 |     let mut entries = Vec::with_capacity(INFO_ITEMS.len());
    |                       ^^^ use of undeclared type `Vec`
    |
help: consider importing this struct
    |
  6 + use alloc::vec::Vec;
    |

error[E0425]: cannot find type `Vec` in this scope
   --> crates/beamr/src/native/ets_bifs.rs:679:60
    |
679 | fn parse_insert_objects(object_or_objects: Term) -> Result<Vec<Term>, Term> {
    |                                                            ^^^ not found in this scope
    |
help: consider importing this struct
    |
  6 + use alloc::vec::Vec;
    |

error[E0433]: cannot find type `Vec` in this scope
   --> crates/beamr/src/native/ets_bifs.rs:684:22
    |
684 |     let mut tuples = Vec::new();
    |                      ^^^ use of undeclared type `Vec`
    |
help: consider importing this struct
    |
  6 + use alloc::vec::Vec;
    |

error[E0425]: cannot find type `Vec` in this scope
   --> crates/beamr/src/native/ets_bifs.rs:718:14
    |
718 |     results: Vec<Term>,
    |              ^^^ not found in this scope
    |
help: consider importing this struct
    |
  6 + use alloc::vec::Vec;
    |

error[E0425]: cannot find type `Vec` in this scope
   --> crates/beamr/src/native/ets_bifs.rs:757:13
    |
757 | ) -> Result<Vec<Term>, Term> {
    |             ^^^ not found in this scope
    |
help: consider importing this struct
    |
  6 + use alloc::vec::Vec;
    |

error[E0425]: cannot find type `Vec` in this scope
   --> crates/beamr/src/native/ets_bifs.rs:824:31
    |
824 |             .collect::<Result<Vec<_>, _>>()?;
    |                               ^^^ not found in this scope
    |
help: consider importing this struct
    |
  6 + use alloc::vec::Vec;
    |

error[E0425]: cannot find type `Vec` in this scope
   --> crates/beamr/src/native/ets_bifs.rs:862:31
    |
862 |             .collect::<Result<Vec<_>, _>>()?;
    |                               ^^^ not found in this scope
    |
help: consider importing this struct
    |
  6 + use alloc::vec::Vec;
    |

error[E0425]: cannot find type `Vec` in this scope
   --> crates/beamr/src/native/ets_bifs.rs:958:27
    |
958 |         .collect::<Result<Vec<_>, _>>()
    |                           ^^^ not found in this scope
    |
help: consider importing this struct
    |
  6 + use alloc::vec::Vec;
    |

error[E0425]: cannot find type `Vec` in this scope
   --> crates/beamr/src/native/ets_bifs.rs:966:27
    |
966 |         .collect::<Result<Vec<_>, _>>()?;
    |                           ^^^ not found in this scope
    |
help: consider importing this struct
    |
  6 + use alloc::vec::Vec;
    |

error[E0425]: cannot find type `Vec` in this scope
    --> crates/beamr/src/native/ets_bifs.rs:1124:13
     |
1124 | ) -> Result<Vec<SnapshotKey>, Term> {
     |             ^^^ not found in this scope
     |
help: consider importing this struct
     |
   6 + use alloc::vec::Vec;
     |

error[E0425]: cannot find type `Vec` in this scope
    --> crates/beamr/src/native/ets_bifs.rs:1133:27
     |
1133 |         .collect::<Result<Vec<_>, Term>>()?;
     |                           ^^^ not found in this scope
     |
help: consider importing this struct
     |
   6 + use alloc::vec::Vec;
     |

error[E0425]: cannot find type `Vec` in this scope
    --> crates/beamr/src/native/ets_bifs.rs:1162:11
     |
1162 |     keys: Vec<SnapshotKey>,
     |           ^^^ not found in this scope
     |
help: consider importing this struct
     |
   6 + use alloc::vec::Vec;
     |

error[E0425]: cannot find type `Vec` in this scope
    --> crates/beamr/src/native/ets_bifs.rs:1280:13
     |
1280 | ) -> Result<Vec<Term>, Term> {
     |             ^^^ not found in this scope
     |
help: consider importing this struct
     |
   6 + use alloc::vec::Vec;
     |

error[E0425]: cannot find type `Vec` in this scope
    --> crates/beamr/src/native/ets_bifs.rs:1296:27
     |
1296 |         .collect::<Result<Vec<_>, _>>()?;
     |                           ^^^ not found in this scope
     |
help: consider importing this struct
     |
   6 + use alloc::vec::Vec;
     |

error[E0433]: cannot find module or crate `std` in this scope
  --> crates/beamr/src/native/group_leader.rs:26:6
   |
26 | impl std::error::Error for GroupLeaderError {}
   |      ^^^ use of unresolved module or unlinked crate `std`
   |
   = help: if you wanted to use a crate named `std`, use `cargo add std` to add it to your `Cargo.toml`
help: consider importing one of these modules
   |
 7 + use crate::error;
   |
 7 + use core::error;
   |
help: if you import `error`, refer to it directly
   |
26 - impl std::error::Error for GroupLeaderError {}
26 + impl error::Error for GroupLeaderError {}
   |

error[E0433]: cannot find module or crate `std` in this scope
  --> crates/beamr/src/native/links.rs:29:6
   |
29 | impl std::error::Error for LinkError {}
   |      ^^^ use of unresolved module or unlinked crate `std`
   |
   = help: if you wanted to use a crate named `std`, use `cargo add std` to add it to your `Cargo.toml`
help: consider importing one of these modules
   |
 9 + use crate::error;
   |
 9 + use core::error;
   |
help: if you import `error`, refer to it directly
   |
29 - impl std::error::Error for LinkError {}
29 + impl error::Error for LinkError {}
   |

error[E0425]: cannot find type `String` in this scope
  --> crates/beamr/src/native/local_send.rs:27:20
   |
27 |     ReplayMismatch(String),
   |                    ^^^^^^ not found in this scope
   |
help: consider importing this struct
   |
14 + use alloc::string::String;
   |

error[E0425]: cannot find type `Box` in this scope
  --> crates/beamr/src/native/native_process.rs:40:33
   |
40 | pub type NativeHandlerFactory = Box<dyn Fn() -> Box<dyn NativeHandler> + Send + Sync>;
   |                                 ^^^ not found in this scope
   |
help: consider importing this struct
   |
18 + use alloc::boxed::Box;
   |

error[E0425]: cannot find type `Box` in this scope
  --> crates/beamr/src/native/native_process.rs:40:49
   |
40 | pub type NativeHandlerFactory = Box<dyn Fn() -> Box<dyn NativeHandler> + Send + Sync>;
   |                                                 ^^^ not found in this scope
   |
help: consider importing this struct
   |
18 + use alloc::boxed::Box;
   |

error[E0425]: cannot find type `Box` in this scope
  --> crates/beamr/src/native/native_process.rs:74:32
   |
74 |     pub(crate) handler: Option<Box<dyn NativeHandler>>,
   |                                ^^^ not found in this scope
   |
help: consider importing this struct
   |
18 + use alloc::boxed::Box;
   |

error[E0433]: cannot find module or crate `std` in this scope
  --> crates/beamr/src/native/native_process.rs:89:6
   |
89 | impl std::fmt::Debug for NativeBody {
   |      ^^^ use of unresolved module or unlinked crate `std`
   |
   = help: if you wanted to use a crate named `std`, use `cargo add std` to add it to your `Cargo.toml`
help: consider importing one of these modules
   |
18 + use crate::native::fmt;
   |
18 + use core::fmt;
   |
18 + use alloc::fmt;
   |
help: if you import `fmt`, refer to it directly
   |
89 - impl std::fmt::Debug for NativeBody {
89 + impl fmt::Debug for NativeBody {
   |

error[E0433]: cannot find module or crate `std` in this scope
  --> crates/beamr/src/native/native_process.rs:90:35
   |
90 |     fn fmt(&self, formatter: &mut std::fmt::Formatter<'_>) -> std::fmt::Result {
   |                                   ^^^ use of unresolved module or unlinked crate `std`
   |
   = help: if you wanted to use a crate named `std`, use `cargo add std` to add it to your `Cargo.toml`
help: consider importing one of these modules
   |
18 + use crate::native::fmt;
   |
18 + use core::fmt;
   |
18 + use alloc::fmt;
   |
help: if you import `fmt`, refer to it directly
   |
90 -     fn fmt(&self, formatter: &mut std::fmt::Formatter<'_>) -> std::fmt::Result {
90 +     fn fmt(&self, formatter: &mut fmt::Formatter<'_>) -> std::fmt::Result {
   |

error[E0433]: cannot find module or crate `std` in this scope
  --> crates/beamr/src/native/native_process.rs:90:63
   |
90 |     fn fmt(&self, formatter: &mut std::fmt::Formatter<'_>) -> std::fmt::Result {
   |                                                               ^^^ use of unresolved module or unlinked crate `std`
   |
   = help: if you wanted to use a crate named `std`, use `cargo add std` to add it to your `Cargo.toml`
help: consider importing one of these modules
   |
18 + use crate::native::fmt;
   |
18 + use core::fmt;
   |
18 + use alloc::fmt;
   |
help: if you import `fmt`, refer to it directly
   |
90 -     fn fmt(&self, formatter: &mut std::fmt::Formatter<'_>) -> std::fmt::Result {
90 +     fn fmt(&self, formatter: &mut std::fmt::Formatter<'_>) -> fmt::Result {
   |

error[E0433]: cannot find module or crate `std` in this scope
   --> crates/beamr/src/native/native_process.rs:322:39
    |
322 |     pub fn schedule(&mut self, delay: std::time::Duration, message: Term) -> Option<TimerRef> {
    |                                       ^^^ use of unresolved module or unlinked crate `std`
    |
    = help: if you wanted to use a crate named `std`, use `cargo add std` to add it to your `Cargo.toml`
help: consider importing this module
    |
 18 + use core::time;
    |
help: if you import `time`, refer to it directly
    |
322 -     pub fn schedule(&mut self, delay: std::time::Duration, message: Term) -> Option<TimerRef> {
322 +     pub fn schedule(&mut self, delay: time::Duration, message: Term) -> Option<TimerRef> {
    |

error[E0433]: cannot find module or crate `std` in this scope
   --> crates/beamr/src/native/native_process.rs:355:16
    |
355 |         delay: std::time::Duration,
    |                ^^^ use of unresolved module or unlinked crate `std`
    |
    = help: if you wanted to use a crate named `std`, use `cargo add std` to add it to your `Cargo.toml`
help: consider importing this module
    |
 18 + use core::time;
    |
help: if you import `time`, refer to it directly
    |
355 -         delay: std::time::Duration,
355 +         delay: time::Duration,
    |

error[E0433]: cannot find module or crate `std` in this scope
   --> crates/beamr/src/native/native_process.rs:373:67
    |
373 |     pub fn cancel_timer(&mut self, reference: TimerRef) -> Option<std::time::Duration> {
    |                                                                   ^^^ use of unresolved module or unlinked crate `std`
    |
    = help: if you wanted to use a crate named `std`, use `cargo add std` to add it to your `Cargo.toml`
help: consider importing this module
    |
 18 + use core::time;
    |
help: if you import `time`, refer to it directly
    |
373 -     pub fn cancel_timer(&mut self, reference: TimerRef) -> Option<std::time::Duration> {
373 +     pub fn cancel_timer(&mut self, reference: TimerRef) -> Option<time::Duration> {
    |

error[E0425]: cannot find type `String` in this scope
  --> crates/beamr/src/native/otp_stubs/erlang_stubs.rs:78:34
   |
78 |     pairs: impl Iterator<Item = (String, String)>,
   |                                  ^^^^^^ not found in this scope
   |
help: consider importing this struct
   |
12 + use alloc::string::String;
   |

error[E0425]: cannot find type `String` in this scope
  --> crates/beamr/src/native/otp_stubs/erlang_stubs.rs:78:42
   |
78 |     pairs: impl Iterator<Item = (String, String)>,
   |                                          ^^^^^^ not found in this scope
   |
help: consider importing this struct
   |
12 + use alloc::string::String;
   |

error[E0425]: cannot find type `Vec` in this scope
   --> crates/beamr/src/native/otp_stubs/erlang_stubs.rs:255:12
    |
255 |     Binary(Vec<u8>),
    |            ^^^ not found in this scope
    |
help: consider importing this struct
    |
 12 + use alloc::vec::Vec;
    |

error[E0425]: cannot find type `Vec` in this scope
   --> crates/beamr/src/native/otp_stubs/erlang_stubs.rs:256:10
    |
256 |     List(Vec<u8>),
    |          ^^^ not found in this scope
    |
help: consider importing this struct
    |
 12 + use alloc::vec::Vec;
    |

error[E0425]: cannot find type `Vec` in this scope
   --> crates/beamr/src/native/otp_stubs/erlang_stubs.rs:266:28
    |
266 |     fn into_bytes(self) -> Vec<u8> {
    |                            ^^^ not found in this scope
    |
help: consider importing this struct
    |
 12 + use alloc::vec::Vec;
    |

error[E0425]: cannot find type `String` in this scope
   --> crates/beamr/src/native/otp_stubs/erlang_stubs.rs:291:48
    |
291 | fn beam_string_to_string(term: Term) -> Result<String, Term> {
    |                                                ^^^^^^ not found in this scope
    |
help: consider importing this struct
    |
 12 + use alloc::string::String;
    |

error[E0433]: cannot find type `String` in this scope
   --> crates/beamr/src/native/otp_stubs/erlang_stubs.rs:292:5
    |
292 |     String::from_utf8(decode_beam_string(term)?.into_bytes()).map_err(|_| badarg())
    |     ^^^^^^ use of undeclared type `String`
    |
help: consider importing this struct
    |
 12 + use alloc::string::String;
    |

error[E0425]: cannot find type `Vec` in this scope
   --> crates/beamr/src/native/otp_stubs/erlang_stubs.rs:295:43
    |
295 | fn proper_byte_list(term: Term) -> Result<Vec<u8>, Term> {
    |                                           ^^^ not found in this scope
    |
help: consider importing this struct
    |
 12 + use alloc::vec::Vec;
    |

error[E0433]: cannot find type `Vec` in this scope
   --> crates/beamr/src/native/otp_stubs/erlang_stubs.rs:296:21
    |
296 |     let mut bytes = Vec::new();
    |                     ^^^ use of undeclared type `Vec`
    |
help: consider importing this struct
    |
 12 + use alloc::vec::Vec;
    |

error[E0425]: cannot find type `Vec` in this scope
   --> crates/beamr/src/native/otp_stubs/erlang_stubs.rs:314:19
    |
314 |     let elements: Vec<_> = bytes
    |                   ^^^ not found in this scope
    |
help: consider importing this struct
    |
 12 + use alloc::vec::Vec;
    |

error[E0425]: cannot find type `Vec` in this scope
   --> crates/beamr/src/native/process_bifs/mod.rs:472:11
    |
472 |     args: Vec<Term>,
    |           ^^^ not found in this scope
    |
help: consider importing this struct
    |
  7 + use alloc::vec::Vec;
    |

error[E0425]: cannot find type `Vec` in this scope
   --> crates/beamr/src/native/process_bifs/mod.rs:486:11
    |
486 |     args: Vec<Term>,
    |           ^^^ not found in this scope
    |
help: consider importing this struct
    |
  7 + use alloc::vec::Vec;
    |

error[E0425]: cannot find type `Vec` in this scope
   --> crates/beamr/src/native/process_bifs/mod.rs:541:38
    |
541 | fn list_to_vec(term: Term) -> Result<Vec<Term>, Term> {
    |                                      ^^^ not found in this scope
    |
help: consider importing this struct
    |
  7 + use alloc::vec::Vec;
    |

error[E0433]: cannot find type `Vec` in this scope
   --> crates/beamr/src/native/process_bifs/mod.rs:542:24
    |
542 |     let mut elements = Vec::new();
    |                        ^^^ use of undeclared type `Vec`
    |
help: consider importing this struct
    |
  7 + use alloc::vec::Vec;
    |

error[E0433]: cannot find type `Vec` in this scope
   --> crates/beamr/src/native/process_bifs/mod.rs:605:22
    |
605 |     let mut parsed = Vec::with_capacity(capabilities.len());
    |                      ^^^ use of undeclared type `Vec`
    |
help: consider importing this struct
    |
  7 + use alloc::vec::Vec;
    |

error[E0425]: cannot find type `Vec` in this scope
   --> crates/beamr/src/native/process_info_bifs.rs:134:11
    |
134 |     Links(Vec<u64>),
    |           ^^^ not found in this scope
    |
help: consider importing this struct
    |
  8 + use alloc::vec::Vec;
    |

error[E0425]: cannot find type `Vec` in this scope
   --> crates/beamr/src/native/process_info_bifs.rs:136:14
    |
136 |     Monitors(Vec<ProcessMonitorInfo>),
    |              ^^^ not found in this scope
    |
help: consider importing this struct
    |
  8 + use alloc::vec::Vec;
    |

error[E0433]: cannot find type `Vec` in this scope
   --> crates/beamr/src/native/process_info_bifs.rs:186:22
    |
186 |     let mut values = Vec::with_capacity(SUPPORTED_ITEMS.len());
    |                      ^^^ use of undeclared type `Vec`
    |
help: consider importing this struct
    |
  8 + use alloc::vec::Vec;
    |

error[E0433]: cannot find type `Vec` in this scope
   --> crates/beamr/src/native/process_info_bifs.rs:200:22
    |
200 |     let mut tuples = Vec::with_capacity(values.len());
    |                      ^^^ use of undeclared type `Vec`
    |
help: consider importing this struct
    |
  8 + use alloc::vec::Vec;
    |

error[E0433]: cannot find type `Vec` in this scope
   --> crates/beamr/src/native/process_info_bifs.rs:299:21
    |
299 |     let mut terms = Vec::with_capacity(pids.len());
    |                     ^^^ use of undeclared type `Vec`
    |
help: consider importing this struct
    |
  8 + use alloc::vec::Vec;
    |

error[E0433]: cannot find type `Vec` in this scope
   --> crates/beamr/src/native/process_info_bifs.rs:312:21
    |
312 |     let mut terms = Vec::new();
    |                     ^^^ use of undeclared type `Vec`
    |
help: consider importing this struct
    |
  8 + use alloc::vec::Vec;
    |

error[E0433]: cannot find module or crate `std` in this scope
  --> crates/beamr/src/native/registry.rs:35:6
   |
35 | impl std::error::Error for RegistryError {}
   |      ^^^ use of unresolved module or unlinked crate `std`
   |
   = help: if you wanted to use a crate named `std`, use `cargo add std` to add it to your `Cargo.toml`
help: consider importing one of these modules
   |
 9 + use crate::error;
   |
 9 + use core::error;
   |
help: if you import `error`, refer to it directly
   |
35 - impl std::error::Error for RegistryError {}
35 + impl error::Error for RegistryError {}
   |

error[E0425]: cannot find type `Vec` in this scope
  --> crates/beamr/src/native/select.rs:30:15
   |
30 |     messages: Vec<Term>,
   |               ^^^ not found in this scope
   |
help: consider importing this struct
   |
 7 + use alloc::vec::Vec;
   |

error[E0425]: cannot find type `Vec` in this scope
  --> crates/beamr/src/native/select.rs:37:26
   |
37 |     pub fn new(messages: Vec<Term>) -> Self {
   |                          ^^^ not found in this scope
   |
help: consider importing this struct
   |
 7 + use alloc::vec::Vec;
   |

error[E0433]: cannot find module or crate `std` in this scope
  --> crates/beamr/src/native/spawn.rs:37:6
   |
37 | impl std::error::Error for SpawnError {}
   |      ^^^ use of unresolved module or unlinked crate `std`
   |
   = help: if you wanted to use a crate named `std`, use `cargo add std` to add it to your `Cargo.toml`
help: consider importing one of these modules
   |
 8 + use crate::error;
   |
 8 + use core::error;
   |
help: if you import `error`, refer to it directly
   |
37 - impl std::error::Error for SpawnError {}
37 + impl error::Error for SpawnError {}
   |

error[E0425]: cannot find type `Vec` in this scope
  --> crates/beamr/src/native/spawn.rs:57:15
   |
57 |         args: Vec<Term>,
   |               ^^^ not found in this scope
   |
help: consider importing this struct
   |
 8 + use alloc::vec::Vec;
   |

error[E0425]: cannot find type `Vec` in this scope
  --> crates/beamr/src/native/spawn.rs:88:15
   |
88 |         args: Vec<Term>,
   |               ^^^ not found in this scope
   |
help: consider importing this struct
   |
 8 + use alloc::vec::Vec;
   |

error[E0425]: cannot find type `Vec` in this scope
   --> crates/beamr/src/native/spawn.rs:120:15
    |
120 |         args: Vec<Term>,
    |               ^^^ not found in this scope
    |
help: consider importing this struct
    |
  8 + use alloc::vec::Vec;
    |

error[E0425]: cannot find type `Vec` in this scope
   --> crates/beamr/src/native/spawn.rs:188:15
    |
188 |     pub args: Vec<Term>,
    |               ^^^ not found in this scope
    |
help: consider importing this struct
    |
  8 + use alloc::vec::Vec;
    |

error[E0433]: cannot find type `Vec` in this scope
  --> crates/beamr/src/native/stdlib_stubs/bitwise_bifs.rs:67:19
   |
67 |     let mut out = Vec::with_capacity(len);
   |                   ^^^ use of undeclared type `Vec`
   |
help: consider importing this struct
   |
 3 + use alloc::vec::Vec;
   |

error[E0433]: cannot find type `Vec` in this scope
   --> crates/beamr/src/native/stdlib_stubs/bitwise_bifs.rs:111:23
    |
111 |     let mut shifted = Vec::new();
    |                       ^^^ use of undeclared type `Vec`
    |
help: consider importing this struct
    |
  3 + use alloc::vec::Vec;
    |

error[E0425]: cannot find type `Vec` in this scope
   --> crates/beamr/src/native/stdlib_stubs/bitwise_bifs.rs:125:61
    |
125 | fn to_twos_complement(value: &BigIntValue, width: usize) -> Vec<u64> {
    |                                                             ^^^ not found in this scope
    |
help: consider importing this struct
    |
  3 + use alloc::vec::Vec;
    |

error[E0433]: cannot find type `Vec` in this scope
   --> crates/beamr/src/native/stdlib_stubs/bitwise_bifs.rs:133:19
    |
133 |     let mut out = Vec::with_capacity(len);
    |                   ^^^ use of undeclared type `Vec`
    |
help: consider importing this struct
    |
  3 + use alloc::vec::Vec;
    |

error[E0433]: cannot find type `Vec` in this scope
   --> crates/beamr/src/native/stdlib_stubs/bitwise_bifs.rs:152:25
    |
152 |     let mut magnitude = Vec::with_capacity(len);
    |                         ^^^ use of undeclared type `Vec`
    |
help: consider importing this struct
    |
  3 + use alloc::vec::Vec;
    |

error[E0425]: cannot find type `Vec` in this scope
  --> crates/beamr/src/native/stdlib_stubs/collection_bifs.rs:32:22
   |
32 |     let mut entries: Vec<(Term, Term)> = Vec::with_capacity(pairs.len());
   |                      ^^^ not found in this scope
   |
help: consider importing this struct
   |
 6 + use alloc::vec::Vec;
   |

error[E0433]: cannot find type `Vec` in this scope
  --> crates/beamr/src/native/stdlib_stubs/collection_bifs.rs:32:42
   |
32 |     let mut entries: Vec<(Term, Term)> = Vec::with_capacity(pairs.len());
   |                                          ^^^ use of undeclared type `Vec`
   |
help: consider importing this struct
   |
 6 + use alloc::vec::Vec;
   |

error[E0425]: cannot find type `Vec` in this scope
  --> crates/beamr/src/native/stdlib_stubs/collection_bifs.rs:45:15
   |
45 |     let keys: Vec<Term> = entries.iter().map(|(k, _)| *k).collect();
   |               ^^^ not found in this scope
   |
help: consider importing this struct
   |
 6 + use alloc::vec::Vec;
   |

error[E0425]: cannot find type `Vec` in this scope
  --> crates/beamr/src/native/stdlib_stubs/collection_bifs.rs:46:17
   |
46 |     let values: Vec<Term> = entries.iter().map(|(_, v)| *v).collect();
   |                 ^^^ not found in this scope
   |
help: consider importing this struct
   |
 6 + use alloc::vec::Vec;
   |

error[E0425]: cannot find type `Vec` in this scope
  --> crates/beamr/src/native/stdlib_stubs/collection_bifs.rs:74:22
   |
74 |     let mut entries: Vec<(Term, Term)> = Vec::with_capacity(map1.len() + map2.len());
   |                      ^^^ not found in this scope
   |
help: consider importing this struct
   |
 6 + use alloc::vec::Vec;
   |

error[E0433]: cannot find type `Vec` in this scope
  --> crates/beamr/src/native/stdlib_stubs/collection_bifs.rs:74:42
   |
74 |     let mut entries: Vec<(Term, Term)> = Vec::with_capacity(map1.len() + map2.len());
   |                                          ^^^ use of undeclared type `Vec`
   |
help: consider importing this struct
   |
 6 + use alloc::vec::Vec;
   |

error[E0425]: cannot find type `Vec` in this scope
  --> crates/beamr/src/native/stdlib_stubs/collection_bifs.rs:96:15
   |
96 |     let keys: Vec<Term> = entries.iter().map(|(k, _)| *k).collect();
   |               ^^^ not found in this scope
   |
help: consider importing this struct
   |
 6 + use alloc::vec::Vec;
   |

error[E0425]: cannot find type `Vec` in this scope
  --> crates/beamr/src/native/stdlib_stubs/collection_bifs.rs:97:17
   |
97 |     let values: Vec<Term> = entries.iter().map(|(_, v)| *v).collect();
   |                 ^^^ not found in this scope
   |
help: consider importing this struct
   |
 6 + use alloc::vec::Vec;
   |

error[E0433]: cannot find type `Vec` in this scope
   --> crates/beamr/src/native/stdlib_stubs/collection_bifs.rs:125:20
    |
125 |     let mut keys = Vec::with_capacity(map.len());
    |                    ^^^ use of undeclared type `Vec`
    |
help: consider importing this struct
    |
  6 + use alloc::vec::Vec;
    |

error[E0433]: cannot find type `Vec` in this scope
   --> crates/beamr/src/native/stdlib_stubs/collection_bifs.rs:126:22
    |
126 |     let mut values = Vec::with_capacity(map.len());
    |                      ^^^ use of undeclared type `Vec`
    |
help: consider importing this struct
    |
  6 + use alloc::vec::Vec;
    |

error[E0433]: cannot find module or crate `std` in this scope
   --> crates/beamr/src/native/stdlib_stubs/collection_bifs.rs:185:24
    |
185 |     std::thread::sleep(std::time::Duration::from_millis(ms));
    |                        ^^^ use of unresolved module or unlinked crate `std`
    |
    = help: if you wanted to use a crate named `std`, use `cargo add std` to add it to your `Cargo.toml`
help: consider importing one of these structs
    |
  6 + use core::time::Duration;
    |
  6 + use web_time::Duration;
    |
help: if you import `Duration`, refer to it directly
    |
185 -     std::thread::sleep(std::time::Duration::from_millis(ms));
185 +     std::thread::sleep(Duration::from_millis(ms));
    |

error[E0425]: cannot find type `Vec` in this scope
   --> crates/beamr/src/native/stdlib_stubs/collection_bifs.rs:191:42
    |
191 | fn list_of_2tuples(term: Term) -> Result<Vec<(Term, Term)>, Term> {
    |                                          ^^^ not found in this scope
    |
help: consider importing this struct
    |
  6 + use alloc::vec::Vec;
    |

error[E0433]: cannot find type `Vec` in this scope
   --> crates/beamr/src/native/stdlib_stubs/collection_bifs.rs:192:21
    |
192 |     let mut pairs = Vec::new();
    |                     ^^^ use of undeclared type `Vec`
    |
help: consider importing this struct
    |
  6 + use alloc::vec::Vec;
    |

error[E0433]: cannot find type `Vec` in this scope
  --> crates/beamr/src/native/stdlib_stubs/encoding_bifs.rs:18:19
   |
18 |     let mut out = Vec::with_capacity(bytes.len() * 2);
   |                   ^^^ use of undeclared type `Vec`
   |
help: consider importing this struct
   |
 3 + use alloc::vec::Vec;
   |

error[E0433]: cannot find type `Vec` in this scope
  --> crates/beamr/src/native/stdlib_stubs/encoding_bifs.rs:34:19
   |
34 |     let mut out = Vec::with_capacity(hex.len() / 2);
   |                   ^^^ use of undeclared type `Vec`
   |
help: consider importing this struct
   |
 3 + use alloc::vec::Vec;
   |

error[E0425]: cannot find type `String` in this scope
  --> crates/beamr/src/native/stdlib_stubs/encoding_bifs.rs:99:71
   |
99 | fn encode_base64(bytes: &[u8], alphabet: &[u8; 64], padding: bool) -> String {
   |                                                                       ^^^^^^ not found in this scope
   |
help: consider importing this struct
   |
 3 + use alloc::string::String;
   |

error[E0433]: cannot find type `String` in this scope
   --> crates/beamr/src/native/stdlib_stubs/encoding_bifs.rs:100:19
    |
100 |     let mut out = String::with_capacity(bytes.len().div_ceil(3) * 4);
    |                   ^^^^^^ use of undeclared type `String`
    |
help: consider importing this struct
    |
  3 + use alloc::string::String;
    |

error[E0425]: cannot find type `Vec` in this scope
   --> crates/beamr/src/native/stdlib_stubs/encoding_bifs.rs:122:42
    |
122 | fn decode_base64(bytes: &[u8]) -> Result<Vec<u8>, Term> {
    |                                          ^^^ not found in this scope
    |
help: consider importing this struct
    |
  3 + use alloc::vec::Vec;
    |

error[E0433]: cannot find type `Vec` in this scope
   --> crates/beamr/src/native/stdlib_stubs/encoding_bifs.rs:126:19
    |
126 |     let mut out = Vec::with_capacity(bytes.len() / 4 * 3);
    |                   ^^^ use of undeclared type `Vec`
    |
help: consider importing this struct
    |
  3 + use alloc::vec::Vec;
    |

error[E0425]: cannot find type `Vec` in this scope
  --> crates/beamr/src/native/stdlib_stubs/gleam_stdlib_ffi2.rs:57:58
   |
57 | fn print_bytes(value: Term, context: &ProcessContext) -> Vec<u8> {
   |                                                          ^^^ not found in this scope
   |
help: consider importing this struct
   |
10 + use alloc::vec::Vec;
   |

error[E0425]: cannot find type `String` in this scope
  --> crates/beamr/src/native/stdlib_stubs/gleam_stdlib_ffi2.rs:63:57
   |
63 | fn render_term(term: Term, context: &ProcessContext) -> String {
   |                                                         ^^^^^^ not found in this scope
   |
help: consider importing this struct
   |
10 + use alloc::string::String;
   |

error[E0425]: cannot find type `Vec` in this scope
  --> crates/beamr/src/native/stdlib_stubs/io_bifs.rs:73:84
   |
73 | fn format_bytes(format: Term, arguments: Term, context: &ProcessContext) -> Result<Vec<u8>, Term> {
   |                                                                                    ^^^ not found in this scope
   |
help: consider importing this struct
   |
 3 + use alloc::vec::Vec;
   |

error[E0433]: cannot find type `Vec` in this scope
  --> crates/beamr/src/native/stdlib_stubs/io_bifs.rs:76:19
   |
76 |     let mut out = Vec::with_capacity(format.len());
   |                   ^^^ use of undeclared type `Vec`
   |
help: consider importing this struct
   |
 3 + use alloc::vec::Vec;
   |

error[E0425]: cannot find type `Vec` in this scope
   --> crates/beamr/src/native/stdlib_stubs/io_bifs.rs:122:39
    |
122 | fn iodata_bytes(term: Term) -> Result<Vec<u8>, Term> {
    |                                       ^^^ not found in this scope
    |
help: consider importing this struct
    |
  3 + use alloc::vec::Vec;
    |

error[E0433]: cannot find type `Vec` in this scope
   --> crates/beamr/src/native/stdlib_stubs/io_bifs.rs:123:21
    |
123 |     let mut bytes = Vec::new();
    |                     ^^^ use of undeclared type `Vec`
    |
help: consider importing this struct
    |
  3 + use alloc::vec::Vec;
    |

error[E0425]: cannot find type `Vec` in this scope
   --> crates/beamr/src/native/stdlib_stubs/io_bifs.rs:128:41
    |
128 | fn collect_iodata(term: Term, out: &mut Vec<u8>) -> Result<(), Term> {
    |                                         ^^^ not found in this scope
    |
help: consider importing this struct
    |
  3 + use alloc::vec::Vec;
    |

error[E0425]: cannot find type `Vec` in this scope
   --> crates/beamr/src/native/stdlib_stubs/io_bifs.rs:148:37
    |
148 | fn list_terms(term: Term) -> Result<Vec<Term>, Term> {
    |                                     ^^^ not found in this scope
    |
help: consider importing this struct
    |
  3 + use alloc::vec::Vec;
    |

error[E0433]: cannot find type `Vec` in this scope
   --> crates/beamr/src/native/stdlib_stubs/io_bifs.rs:149:21
    |
149 |     let mut terms = Vec::new();
    |                     ^^^ use of undeclared type `Vec`
    |
help: consider importing this struct
    |
  3 + use alloc::vec::Vec;
    |

error[E0425]: cannot find type `String` in this scope
   --> crates/beamr/src/native/stdlib_stubs/io_bifs.rs:161:57
    |
161 | fn render_term(term: Term, context: &ProcessContext) -> String {
    |                                                         ^^^^^^ not found in this scope
    |
help: consider importing this struct
    |
  3 + use alloc::string::String;
    |

error[E0425]: cannot find type `Vec` in this scope
   --> crates/beamr/src/native/stdlib_stubs/io_bifs.rs:167:39
    |
167 | fn binary_bytes(term: Term) -> Result<Vec<u8>, Term> {
    |                                       ^^^ not found in this scope
    |
help: consider importing this struct
    |
  3 + use alloc::vec::Vec;
    |

error[E0433]: cannot find module or crate `std` in this scope
  --> crates/beamr/src/native/stdlib_stubs/json_bifs.rs:45:8
   |
45 |     if std::str::from_utf8(binary.as_bytes()).is_err() {
   |        ^^^ use of unresolved module or unlinked crate `std`
   |
   = help: if you wanted to use a crate named `std`, use `cargo add std` to add it to your `Cargo.toml`
help: consider importing one of these modules
   |
10 + use core::str;
   |
10 + use alloc::str;
   |
help: if you import `str`, refer to it directly
   |
45 -     if std::str::from_utf8(binary.as_bytes()).is_err() {
45 +     if str::from_utf8(binary.as_bytes()).is_err() {
   |

error[E0433]: cannot find type `Vec` in this scope
  --> crates/beamr/src/native/stdlib_stubs/json_bifs.rs:58:19
   |
58 |     let mut out = Vec::new();
   |                   ^^^ use of undeclared type `Vec`
   |
help: consider importing this struct
   |
10 + use alloc::vec::Vec;
   |

error[E0425]: cannot find type `String` in this scope
  --> crates/beamr/src/native/stdlib_stubs/json_bifs.rs:85:41
   |
85 | fn format_float_shortest(value: f64) -> String {
   |                                         ^^^^^^ not found in this scope
   |
help: consider importing this struct
   |
10 + use alloc::string::String;
   |

error[E0425]: cannot find type `Vec` in this scope
  --> crates/beamr/src/native/stdlib_stubs/json_bifs.rs:93:40
   |
93 | fn escape_json_string(bytes: &[u8]) -> Vec<u8> {
   |                                        ^^^ not found in this scope
   |
help: consider importing this struct
   |
10 + use alloc::vec::Vec;
   |

error[E0433]: cannot find type `Vec` in this scope
  --> crates/beamr/src/native/stdlib_stubs/json_bifs.rs:94:19
   |
94 |     let mut out = Vec::with_capacity(bytes.len() + 2);
   |                   ^^^ use of undeclared type `Vec`
   |
help: consider importing this struct
   |
10 + use alloc::vec::Vec;
   |

error[E0425]: cannot find type `Vec` in this scope
   --> crates/beamr/src/native/stdlib_stubs/json_bifs.rs:115:68
    |
115 | fn encode_term(term: Term, context: &mut ProcessContext, out: &mut Vec<u8>) -> Result<(), Term> {
    |                                                                    ^^^ not found in this scope
    |
help: consider importing this struct
    |
 10 + use alloc::vec::Vec;
    |

error[E0433]: cannot find module or crate `std` in this scope
   --> crates/beamr/src/native/stdlib_stubs/json_bifs.rs:144:12
    |
144 |         if std::str::from_utf8(binary.as_bytes()).is_err() {
    |            ^^^ use of unresolved module or unlinked crate `std`
    |
    = help: if you wanted to use a crate named `std`, use `cargo add std` to add it to your `Cargo.toml`
help: consider importing one of these modules
    |
 10 + use core::str;
    |
 10 + use alloc::str;
    |
help: if you import `str`, refer to it directly
    |
144 -         if std::str::from_utf8(binary.as_bytes()).is_err() {
144 +         if str::from_utf8(binary.as_bytes()).is_err() {
    |

error[E0425]: cannot find type `Vec` in this scope
   --> crates/beamr/src/native/stdlib_stubs/json_bifs.rs:193:15
    |
193 |     out: &mut Vec<u8>,
    |               ^^^ not found in this scope
    |
help: consider importing this struct
    |
 10 + use alloc::vec::Vec;
    |

error[E0433]: cannot find type `Vec` in this scope
   --> crates/beamr/src/native/stdlib_stubs/json_bifs.rs:374:28
    |
374 |             let mut keys = Vec::with_capacity(pair_count);
    |                            ^^^ use of undeclared type `Vec`
    |
help: consider importing this struct
    |
 10 + use alloc::vec::Vec;
    |

error[E0433]: cannot find type `Vec` in this scope
   --> crates/beamr/src/native/stdlib_stubs/json_bifs.rs:375:30
    |
375 |             let mut values = Vec::with_capacity(pair_count);
    |                              ^^^ use of undeclared type `Vec`
    |
help: consider importing this struct
    |
 10 + use alloc::vec::Vec;
    |

error[E0425]: cannot find type `Vec` in this scope
   --> crates/beamr/src/native/stdlib_stubs/json_bifs.rs:387:22
    |
387 |         let mut out: Vec<u8> = Vec::new();
    |                      ^^^ not found in this scope
    |
help: consider importing this struct
    |
 10 + use alloc::vec::Vec;
    |

error[E0433]: cannot find type `Vec` in this scope
   --> crates/beamr/src/native/stdlib_stubs/json_bifs.rs:387:32
    |
387 |         let mut out: Vec<u8> = Vec::new();
    |                                ^^^ use of undeclared type `Vec`
    |
help: consider importing this struct
    |
 10 + use alloc::vec::Vec;
    |

error[E0433]: cannot find module or crate `std` in this scope
   --> crates/beamr/src/native/stdlib_stubs/json_bifs.rs:395:24
    |
395 |                     if std::str::from_utf8(&out).is_err() {
    |                        ^^^ use of unresolved module or unlinked crate `std`
    |
    = help: if you wanted to use a crate named `std`, use `cargo add std` to add it to your `Cargo.toml`
help: consider importing one of these modules
    |
 10 + use core::str;
    |
 10 + use alloc::str;
    |
help: if you import `str`, refer to it directly
    |
395 -                     if std::str::from_utf8(&out).is_err() {
395 +                     if str::from_utf8(&out).is_err() {
    |

error[E0433]: cannot find module or crate `std` in this scope
   --> crates/beamr/src/native/stdlib_stubs/json_bifs.rs:531:20
    |
531 |         let text = std::str::from_utf8(&self.bytes[start..self.pos]).map_err(|_| badarg())?;
    |                    ^^^ use of unresolved module or unlinked crate `std`
    |
    = help: if you wanted to use a crate named `std`, use `cargo add std` to add it to your `Cargo.toml`
help: consider importing one of these modules
    |
 10 + use core::str;
    |
 10 + use alloc::str;
    |
help: if you import `str`, refer to it directly
    |
531 -         let text = std::str::from_utf8(&self.bytes[start..self.pos]).map_err(|_| badarg())?;
531 +         let text = str::from_utf8(&self.bytes[start..self.pos]).map_err(|_| badarg())?;
    |

error[E0433]: cannot find type `Vec` in this scope
  --> crates/beamr/src/native/stdlib_stubs/lists_bifs.rs:17:25
   |
17 |     let mut flattened = Vec::new();
   |                         ^^^ use of undeclared type `Vec`
   |
help: consider importing this struct
   |
 3 + use alloc::vec::Vec;
   |

error[E0433]: cannot find type `Vec` in this scope
  --> crates/beamr/src/native/stdlib_stubs/lists_bifs.rs:57:22
   |
57 |     let mut joined = Vec::with_capacity(elements.len().saturating_mul(2).saturating_sub(1));
   |                      ^^^ use of undeclared type `Vec`
   |
help: consider importing this struct
   |
 3 + use alloc::vec::Vec;
   |

error[E0433]: cannot find type `Vec` in this scope
   --> crates/beamr/src/native/stdlib_stubs/lists_bifs.rs:126:25
    |
126 |     let mut flattened = Vec::new();
    |                         ^^^ use of undeclared type `Vec`
    |
help: consider importing this struct
    |
  3 + use alloc::vec::Vec;
    |

error[E0433]: cannot find type `Vec` in this scope
   --> crates/beamr/src/native/stdlib_stubs/lists_bifs.rs:236:24
    |
236 |     let mut elements = Vec::new();
    |                        ^^^ use of undeclared type `Vec`
    |
help: consider importing this struct
    |
  3 + use alloc::vec::Vec;
    |

error[E0433]: cannot find type `Vec` in this scope
   --> crates/beamr/src/native/stdlib_stubs/lists_bifs.rs:253:23
    |
253 |     let mut results = Vec::new();
    |                       ^^^ use of undeclared type `Vec`
    |
help: consider importing this struct
    |
  3 + use alloc::vec::Vec;
    |

error[E0433]: cannot find type `Vec` in this scope
   --> crates/beamr/src/native/stdlib_stubs/lists_bifs.rs:294:23
    |
294 |     let mut results = Vec::new();
    |                       ^^^ use of undeclared type `Vec`
    |
help: consider importing this struct
    |
  3 + use alloc::vec::Vec;
    |

error[E0425]: cannot find type `Vec` in this scope
   --> crates/beamr/src/native/stdlib_stubs/lists_bifs.rs:328:45
    |
328 | fn flatten_term(term: Term, flattened: &mut Vec<Term>) -> Result<(), Term> {
    |                                             ^^^ not found in this scope
    |
help: consider importing this struct
    |
  3 + use alloc::vec::Vec;
    |

error[E0425]: cannot find type `Vec` in this scope
   --> crates/beamr/src/native/stdlib_stubs/lists_bifs.rs:348:49
    |
348 | pub(super) fn list_to_vec(term: Term) -> Result<Vec<Term>, Term> {
    |                                                 ^^^ not found in this scope
    |
help: consider importing this struct
    |
  3 + use alloc::vec::Vec;
    |

error[E0433]: cannot find type `Vec` in this scope
   --> crates/beamr/src/native/stdlib_stubs/lists_bifs.rs:349:24
    |
349 |     let mut elements = Vec::new();
    |                        ^^^ use of undeclared type `Vec`
    |
help: consider importing this struct
    |
  3 + use alloc::vec::Vec;
    |

error[E0425]: cannot find type `Vec` in this scope
  --> crates/beamr/src/native/stdlib_stubs/lists_hof_bifs.rs:15:20
   |
15 |         remaining: Vec<Term>,
   |                    ^^^ not found in this scope
   |
help: consider importing this struct
   |
 3 + use alloc::vec::Vec;
   |

error[E0425]: cannot find type `Vec` in this scope
  --> crates/beamr/src/native/stdlib_stubs/lists_hof_bifs.rs:16:18
   |
16 |         results: Vec<Term>,
   |                  ^^^ not found in this scope
   |
help: consider importing this struct
   |
 3 + use alloc::vec::Vec;
   |

error[E0425]: cannot find type `Vec` in this scope
  --> crates/beamr/src/native/stdlib_stubs/lists_hof_bifs.rs:21:20
   |
21 |         remaining: Vec<Term>,
   |                    ^^^ not found in this scope
   |
help: consider importing this struct
   |
 3 + use alloc::vec::Vec;
   |

error[E0425]: cannot find type `Vec` in this scope
  --> crates/beamr/src/native/stdlib_stubs/lists_hof_bifs.rs:22:18
   |
22 |         results: Vec<Term>,
   |                  ^^^ not found in this scope
   |
help: consider importing this struct
   |
 3 + use alloc::vec::Vec;
   |

error[E0425]: cannot find type `Vec` in this scope
  --> crates/beamr/src/native/stdlib_stubs/lists_hof_bifs.rs:27:20
   |
27 |         remaining: Vec<Term>,
   |                    ^^^ not found in this scope
   |
help: consider importing this struct
   |
 3 + use alloc::vec::Vec;
   |

error[E0425]: cannot find type `Vec` in this scope
  --> crates/beamr/src/native/stdlib_stubs/lists_hof_bifs.rs:28:18
   |
28 |         results: Vec<Term>,
   |                  ^^^ not found in this scope
   |
help: consider importing this struct
   |
 3 + use alloc::vec::Vec;
   |

error[E0425]: cannot find type `Vec` in this scope
  --> crates/beamr/src/native/stdlib_stubs/lists_hof_bifs.rs:32:20
   |
32 |         remaining: Vec<Term>,
   |                    ^^^ not found in this scope
   |
help: consider importing this struct
   |
 3 + use alloc::vec::Vec;
   |

error[E0433]: cannot find type `Vec` in this scope
   --> crates/beamr/src/native/stdlib_stubs/lists_hof_bifs.rs:126:22
    |
126 |             results: Vec::new(),
    |                      ^^^ use of undeclared type `Vec`
    |
help: consider importing this struct
    |
  3 + use alloc::vec::Vec;
    |

error[E0433]: cannot find type `Vec` in this scope
   --> crates/beamr/src/native/stdlib_stubs/lists_hof_bifs.rs:148:22
    |
148 |             results: Vec::new(),
    |                      ^^^ use of undeclared type `Vec`
    |
help: consider importing this struct
    |
  3 + use alloc::vec::Vec;
    |

error[E0433]: cannot find type `Vec` in this scope
   --> crates/beamr/src/native/stdlib_stubs/lists_hof_bifs.rs:170:22
    |
170 |             results: Vec::new(),
    |                      ^^^ use of undeclared type `Vec`
    |
help: consider importing this struct
    |
  3 + use alloc::vec::Vec;
    |

error[E0425]: cannot find type `Vec` in this scope
   --> crates/beamr/src/native/stdlib_stubs/lists_hof_bifs.rs:283:16
    |
283 |     remaining: Vec<Term>,
    |                ^^^ not found in this scope
    |
help: consider importing this struct
    |
  3 + use alloc::vec::Vec;
    |

error[E0425]: cannot find type `Vec` in this scope
   --> crates/beamr/src/native/stdlib_stubs/lists_hof_bifs.rs:284:14
    |
284 |     results: Vec<Term>,
    |              ^^^ not found in this scope
    |
help: consider importing this struct
    |
  3 + use alloc::vec::Vec;
    |

error[E0425]: cannot find type `Vec` in this scope
   --> crates/beamr/src/native/stdlib_stubs/lists_hof_bifs.rs:286:41
    |
286 |     next_state: impl FnOnce(Term, Term, Vec<Term>, Vec<Term>) -> ListsHofState,
    |                                         ^^^ not found in this scope
    |
help: consider importing this struct
    |
  3 + use alloc::vec::Vec;
    |

error[E0425]: cannot find type `Vec` in this scope
   --> crates/beamr/src/native/stdlib_stubs/lists_hof_bifs.rs:286:52
    |
286 |     next_state: impl FnOnce(Term, Term, Vec<Term>, Vec<Term>) -> ListsHofState,
    |                                                    ^^^ not found in this scope
    |
help: consider importing this struct
    |
  3 + use alloc::vec::Vec;
    |

error[E0425]: cannot find type `Vec` in this scope
  --> crates/beamr/src/native/stdlib_stubs/maps_bifs.rs:15:18
   |
15 |         entries: Vec<(Term, Term)>,
   |                  ^^^ not found in this scope
   |
help: consider importing this struct
   |
 3 + use alloc::vec::Vec;
   |

error[E0425]: cannot find type `Vec` in this scope
  --> crates/beamr/src/native/stdlib_stubs/maps_bifs.rs:20:18
   |
20 |         entries: Vec<(Term, Term)>,
   |                  ^^^ not found in this scope
   |
help: consider importing this struct
   |
 3 + use alloc::vec::Vec;
   |

error[E0425]: cannot find type `Vec` in this scope
  --> crates/beamr/src/native/stdlib_stubs/maps_bifs.rs:22:15
   |
22 |         kept: Vec<(Term, Term)>,
   |               ^^^ not found in this scope
   |
help: consider importing this struct
   |
 3 + use alloc::vec::Vec;
   |

error[E0425]: cannot find type `Vec` in this scope
  --> crates/beamr/src/native/stdlib_stubs/maps_bifs.rs:26:18
   |
26 |         entries: Vec<(Term, Term)>,
   |                  ^^^ not found in this scope
   |
help: consider importing this struct
   |
 3 + use alloc::vec::Vec;
   |

error[E0425]: cannot find type `Vec` in this scope
  --> crates/beamr/src/native/stdlib_stubs/maps_bifs.rs:28:17
   |
28 |         mapped: Vec<(Term, Term)>,
   |                 ^^^ not found in this scope
   |
help: consider importing this struct
   |
 3 + use alloc::vec::Vec;
   |

error[E0425]: cannot find type `Vec` in this scope
  --> crates/beamr/src/native/stdlib_stubs/maps_bifs.rs:32:18
   |
32 |         pending: Vec<(Term, Term, Term)>,
   |                  ^^^ not found in this scope
   |
help: consider importing this struct
   |
 3 + use alloc::vec::Vec;
   |

error[E0425]: cannot find type `Vec` in this scope
  --> crates/beamr/src/native/stdlib_stubs/maps_bifs.rs:33:18
   |
33 |         entries: Vec<(Term, Term)>,
   |                  ^^^ not found in this scope
   |
help: consider importing this struct
   |
 3 + use alloc::vec::Vec;
   |

error[E0425]: cannot find type `Vec` in this scope
  --> crates/beamr/src/native/stdlib_stubs/maps_bifs.rs:37:20
   |
37 |         remaining: Vec<(Term, Term)>,
   |                    ^^^ not found in this scope
   |
help: consider importing this struct
   |
 3 + use alloc::vec::Vec;
   |

error[E0425]: cannot find type `Vec` in this scope
  --> crates/beamr/src/native/stdlib_stubs/maps_bifs.rs:38:18
   |
38 |         updated: Vec<(Term, Term)>,
   |                  ^^^ not found in this scope
   |
help: consider importing this struct
   |
 3 + use alloc::vec::Vec;
   |

error[E0425]: cannot find type `Vec` in this scope
   --> crates/beamr/src/native/stdlib_stubs/maps_bifs.rs:180:22
    |
180 |     let keys: Result<Vec<_>, _> = (0..map.len())
    |                      ^^^ not found in this scope
    |
help: consider importing this struct
    |
  3 + use alloc::vec::Vec;
    |

error[E0425]: cannot find type `Vec` in this scope
   --> crates/beamr/src/native/stdlib_stubs/maps_bifs.rs:191:24
    |
191 |     let values: Result<Vec<_>, _> = (0..map.len())
    |                        ^^^ not found in this scope
    |
help: consider importing this struct
    |
  3 + use alloc::vec::Vec;
    |

error[E0433]: cannot find type `Vec` in this scope
   --> crates/beamr/src/native/stdlib_stubs/maps_bifs.rs:260:19
    |
260 |             kept: Vec::new(),
    |                   ^^^ use of undeclared type `Vec`
    |
help: consider importing this struct
    |
  3 + use alloc::vec::Vec;
    |

error[E0433]: cannot find type `Vec` in this scope
   --> crates/beamr/src/native/stdlib_stubs/maps_bifs.rs:284:21
    |
284 |             mapped: Vec::new(),
    |                     ^^^ use of undeclared type `Vec`
    |
help: consider importing this struct
    |
  3 + use alloc::vec::Vec;
    |

error[E0433]: cannot find type `Vec` in this scope
   --> crates/beamr/src/native/stdlib_stubs/maps_bifs.rs:299:26
    |
299 |     let mut collisions = Vec::new();
    |                          ^^^ use of undeclared type `Vec`
    |
help: consider importing this struct
    |
  3 + use alloc::vec::Vec;
    |

error[E0425]: cannot find type `Vec` in this scope
   --> crates/beamr/src/native/stdlib_stubs/maps_bifs.rs:361:15
    |
361 |     let kept: Vec<_> = entries
    |               ^^^ not found in this scope
    |
help: consider importing this struct
    |
  3 + use alloc::vec::Vec;
    |

error[E0425]: cannot find type `Vec` in this scope
   --> crates/beamr/src/native/stdlib_stubs/maps_bifs.rs:375:15
    |
375 |     let kept: Vec<_> = entries
    |               ^^^ not found in this scope
    |
help: consider importing this struct
    |
  3 + use alloc::vec::Vec;
    |

error[E0425]: cannot find type `Vec` in this scope
   --> crates/beamr/src/native/stdlib_stubs/maps_bifs.rs:511:15
    |
511 |         args: Vec<Term>,
    |               ^^^ not found in this scope
    |
help: consider importing this struct
    |
  3 + use alloc::vec::Vec;
    |

error[E0425]: cannot find type `Vec` in this scope
   --> crates/beamr/src/native/stdlib_stubs/maps_bifs.rs:536:38
    |
536 | fn map_entries(term: Term) -> Result<Vec<(Term, Term)>, Term> {
    |                                      ^^^ not found in this scope
    |
help: consider importing this struct
    |
  3 + use alloc::vec::Vec;
    |

error[E0425]: cannot find type `Vec` in this scope
   --> crates/beamr/src/native/stdlib_stubs/maps_bifs.rs:548:28
    |
548 | fn set_entry(entries: &mut Vec<(Term, Term)>, key: Term, value: Term, atom_table: &AtomTable) {
    |                            ^^^ not found in this scope
    |
help: consider importing this struct
    |
  3 + use alloc::vec::Vec;
    |

error[E0425]: cannot find type `Vec` in this scope
   --> crates/beamr/src/native/stdlib_stubs/maps_bifs.rs:553:37
    |
553 | fn set_entry_unsorted(entries: &mut Vec<(Term, Term)>, key: Term, value: Term) {
    |                                     ^^^ not found in this scope
    |
help: consider importing this struct
    |
  3 + use alloc::vec::Vec;
    |

error[E0433]: cannot find type `Vec` in this scope
   --> crates/beamr/src/native/stdlib_stubs/maps_bifs.rs:579:20
    |
579 |     let mut flat = Vec::with_capacity(entries.len() * 2);
    |                    ^^^ use of undeclared type `Vec`
    |
help: consider importing this struct
    |
  3 + use alloc::vec::Vec;
    |

error[E0433]: cannot find type `Vec` in this scope
   --> crates/beamr/src/native/stdlib_stubs/maps_bifs.rs:586:24
    |
586 |         let mut keys = Vec::with_capacity(entries.len());
    |                        ^^^ use of undeclared type `Vec`
    |
help: consider importing this struct
    |
  3 + use alloc::vec::Vec;
    |

error[E0433]: cannot find type `Vec` in this scope
   --> crates/beamr/src/native/stdlib_stubs/maps_bifs.rs:587:26
    |
587 |         let mut values = Vec::with_capacity(entries.len());
    |                          ^^^ use of undeclared type `Vec`
    |
help: consider importing this struct
    |
  3 + use alloc::vec::Vec;
    |

error[E0425]: cannot find type `Vec` in this scope
   --> crates/beamr/src/native/stdlib_stubs/maps_bifs.rs:596:38
    |
596 | fn list_to_vec(term: Term) -> Result<Vec<Term>, Term> {
    |                                      ^^^ not found in this scope
    |
help: consider importing this struct
    |
  3 + use alloc::vec::Vec;
    |

error[E0433]: cannot find type `Vec` in this scope
   --> crates/beamr/src/native/stdlib_stubs/maps_bifs.rs:597:24
    |
597 |     let mut elements = Vec::new();
    |                        ^^^ use of undeclared type `Vec`
    |
help: consider importing this struct
    |
  3 + use alloc::vec::Vec;
    |

error[E0433]: cannot find type `String` in this scope
  --> crates/beamr/src/native/stdlib_stubs/misc_bifs.rs:20:26
   |
20 |         let format_str = String::from_utf8_lossy(binary.as_bytes());
   |                          ^^^^^^ use of undeclared type `String`
   |
help: consider importing this struct
   |
 4 + use alloc::string::String;
   |

error[E0433]: cannot find type `Vec` in this scope
  --> crates/beamr/src/native/stdlib_stubs/misc_bifs.rs:54:25
   |
54 |         let mut bytes = Vec::new();
   |                         ^^^ use of undeclared type `Vec`
   |
help: consider importing this struct
   |
 4 + use alloc::vec::Vec;
   |

error[E0425]: cannot find type `Vec` in this scope
  --> crates/beamr/src/native/stdlib_stubs/misc_bifs.rs:67:45
   |
67 | fn collect_chardata(term: Term, bytes: &mut Vec<u8>) -> Result<(), Term> {
   |                                             ^^^ not found in this scope
   |
help: consider importing this struct
   |
 4 + use alloc::vec::Vec;
   |

error[E0433]: cannot find type `Vec` in this scope
  --> crates/beamr/src/native/stdlib_stubs/misc_bifs.rs:95:21
   |
95 |     let mut bytes = Vec::new();
   |                     ^^^ use of undeclared type `Vec`
   |
help: consider importing this struct
   |
 4 + use alloc::vec::Vec;
   |

error[E0433]: cannot find module or crate `std` in this scope
   --> crates/beamr/src/native/stdlib_stubs/misc_bifs.rs:104:16
    |
104 |     let text = std::str::from_utf8(&bytes).map_err(|_| badarg())?;
    |                ^^^ use of unresolved module or unlinked crate `std`
    |
    = help: if you wanted to use a crate named `std`, use `cargo add std` to add it to your `Cargo.toml`
help: consider importing one of these modules
    |
  4 + use core::str;
    |
  4 + use alloc::str;
    |
help: if you import `str`, refer to it directly
    |
104 -     let text = std::str::from_utf8(&bytes).map_err(|_| badarg())?;
104 +     let text = str::from_utf8(&bytes).map_err(|_| badarg())?;
    |

error[E0425]: cannot find type `Vec` in this scope
   --> crates/beamr/src/native/stdlib_stubs/misc_bifs.rs:105:19
    |
105 |     let elements: Vec<_> = text
    |                   ^^^ not found in this scope
    |
help: consider importing this struct
    |
  4 + use alloc::vec::Vec;
    |

error[E0425]: cannot find type `String` in this scope
  --> crates/beamr/src/native/stdlib_stubs/string_bifs.rs:32:19
   |
32 |     let reversed: String = text.graphemes(true).rev().collect();
   |                   ^^^^^^ not found in this scope
   |
help: consider importing this struct
   |
 9 + use alloc::string::String;
   |

error[E0425]: cannot find type `Vec` in this scope
   --> crates/beamr/src/native/stdlib_stubs/string_bifs.rs:131:21
    |
131 |     let codepoints: Vec<Term> = grapheme
    |                     ^^^ not found in this scope
    |
help: consider importing this struct
    |
  9 + use alloc::vec::Vec;
    |

error[E0433]: cannot find type `Vec` in this scope
   --> crates/beamr/src/native/stdlib_stubs/string_bifs.rs:176:19
    |
176 |     let mut out = Vec::with_capacity(input.len() + needed * pad.len());
    |                   ^^^ use of undeclared type `Vec`
    |
help: consider importing this struct
    |
  9 + use alloc::vec::Vec;
    |

error[E0425]: cannot find type `Vec` in this scope
   --> crates/beamr/src/native/stdlib_stubs/string_bifs.rs:243:54
    |
243 | fn split_all<'a>(input: &'a [u8], pattern: &[u8]) -> Vec<&'a [u8]> {
    |                                                      ^^^ not found in this scope
    |
help: consider importing this struct
    |
  9 + use alloc::vec::Vec;
    |

error[E0433]: cannot find type `Vec` in this scope
   --> crates/beamr/src/native/stdlib_stubs/string_bifs.rs:244:21
    |
244 |     let mut parts = Vec::new();
    |                     ^^^ use of undeclared type `Vec`
    |
help: consider importing this struct
    |
  9 + use alloc::vec::Vec;
    |

error[E0425]: cannot find type `Vec` in this scope
   --> crates/beamr/src/native/stdlib_stubs/string_bifs.rs:255:71
    |
255 | fn split_once<'a>(input: &'a [u8], pattern: &[u8], trailing: bool) -> Vec<&'a [u8]> {
    |                                                                       ^^^ not found in this scope
    |
help: consider importing this struct
    |
  9 + use alloc::vec::Vec;
    |

error[E0425]: cannot find type `Vec` in this scope
   --> crates/beamr/src/native/stdlib_stubs/string_bifs.rs:286:69
    |
286 | fn replace_all(input: &[u8], pattern: &[u8], replacement: &[u8]) -> Vec<u8> {
    |                                                                     ^^^ not found in this scope
    |
help: consider importing this struct
    |
  9 + use alloc::vec::Vec;
    |

error[E0433]: cannot find type `Vec` in this scope
   --> crates/beamr/src/native/stdlib_stubs/string_bifs.rs:287:19
    |
287 |     let mut out = Vec::with_capacity(input.len());
    |                   ^^^ use of undeclared type `Vec`
    |
help: consider importing this struct
    |
  9 + use alloc::vec::Vec;
    |

error[E0425]: cannot find type `Vec` in this scope
   --> crates/beamr/src/native/stdlib_stubs/string_bifs.rs:299:86
    |
299 | fn replace_once(input: &[u8], pattern: &[u8], replacement: &[u8], trailing: bool) -> Vec<u8> {
    |                                                                                      ^^^ not found in this scope
    |
help: consider importing this struct
    |
  9 + use alloc::vec::Vec;
    |

error[E0433]: cannot find type `Vec` in this scope
   --> crates/beamr/src/native/stdlib_stubs/string_bifs.rs:306:23
    |
306 |         let mut out = Vec::with_capacity(input.len() - pattern.len() + replacement.len());
    |                       ^^^ use of undeclared type `Vec`
    |
help: consider importing this struct
    |
  9 + use alloc::vec::Vec;
    |

error[E0425]: cannot find type `Vec` in this scope
   --> crates/beamr/src/native/stdlib_stubs/string_bifs.rs:316:25
    |
316 | fn append_pad(out: &mut Vec<u8>, pad: &[u8], count: usize) {
    |                         ^^^ not found in this scope
    |
help: consider importing this struct
    |
  9 + use alloc::vec::Vec;
    |

error[E0433]: cannot find module or crate `std` in this scope
   --> crates/beamr/src/native/stdlib_stubs/string_bifs.rs:352:5
    |
352 |     std::str::from_utf8(binary_bytes(term)?).map_err(|_| badarg())
    |     ^^^ use of unresolved module or unlinked crate `std`
    |
    = help: if you wanted to use a crate named `std`, use `cargo add std` to add it to your `Cargo.toml`
help: consider importing one of these modules
    |
  9 + use core::str;
    |
  9 + use alloc::str;
    |
help: if you import `str`, refer to it directly
    |
352 -     std::str::from_utf8(binary_bytes(term)?).map_err(|_| badarg())
352 +     str::from_utf8(binary_bytes(term)?).map_err(|_| badarg())
    |

error[E0433]: cannot find module or crate `std` in this scope
  --> crates/beamr/src/native/stdlib_stubs/type_conversion_bifs.rs:26:16
   |
26 |     let text = std::str::from_utf8(binary.as_bytes()).map_err(|_| badarg())?;
   |                ^^^ use of unresolved module or unlinked crate `std`
   |
   = help: if you wanted to use a crate named `std`, use `cargo add std` to add it to your `Cargo.toml`
help: consider importing one of these modules
   |
 3 + use core::str;
   |
 3 + use alloc::str;
   |
help: if you import `str`, refer to it directly
   |
26 -     let text = std::str::from_utf8(binary.as_bytes()).map_err(|_| badarg())?;
26 +     let text = str::from_utf8(binary.as_bytes()).map_err(|_| badarg())?;
   |

error[E0433]: cannot find type `Vec` in this scope
   --> crates/beamr/src/native/stdlib_stubs/type_conversion_bifs.rs:106:21
    |
106 |     let mut bytes = Vec::new();
    |                     ^^^ use of undeclared type `Vec`
    |
help: consider importing this struct
    |
  3 + use alloc::vec::Vec;
    |

error[E0433]: cannot find type `Vec` in this scope
   --> crates/beamr/src/native/stdlib_stubs/type_conversion_bifs.rs:127:22
    |
127 |     let mut values = Vec::with_capacity(tuple.arity());
    |                      ^^^ use of undeclared type `Vec`
    |
help: consider importing this struct
    |
  3 + use alloc::vec::Vec;
    |

error[E0433]: cannot find module or crate `std` in this scope
   --> crates/beamr/src/native/stdlib_stubs/type_conversion_bifs.rs:142:16
    |
142 |     let text = std::str::from_utf8(binary.as_bytes()).map_err(|_| badarg())?;
    |                ^^^ use of unresolved module or unlinked crate `std`
    |
    = help: if you wanted to use a crate named `std`, use `cargo add std` to add it to your `Cargo.toml`
help: consider importing one of these modules
    |
  3 + use core::str;
    |
  3 + use alloc::str;
    |
help: if you import `str`, refer to it directly
    |
142 -     let text = std::str::from_utf8(binary.as_bytes()).map_err(|_| badarg())?;
142 +     let text = str::from_utf8(binary.as_bytes()).map_err(|_| badarg())?;
    |

error[E0425]: cannot find type `String` in this scope
   --> crates/beamr/src/native/stdlib_stubs/type_conversion_bifs.rs:148:66
    |
148 | fn format_integer_term(integer_term: Term, radix: u32) -> Result<String, Term> {
    |                                                                  ^^^^^^ not found in this scope
    |
help: consider importing this struct
    |
  3 + use alloc::string::String;
    |

error[E0425]: cannot find type `Vec` in this scope
   --> crates/beamr/src/native/stdlib_stubs/type_conversion_bifs.rs:160:43
    |
160 | fn collect_iodata(term: Term, bytes: &mut Vec<u8>) -> Result<(), Term> {
    |                                           ^^^ not found in this scope
    |
help: consider importing this struct
    |
  3 + use alloc::vec::Vec;
    |

error[E0425]: cannot find type `Vec` in this scope
   --> crates/beamr/src/native/stdlib_stubs/type_conversion_bifs.rs:178:38
    |
178 | fn list_to_vec(term: Term) -> Result<Vec<Term>, Term> {
    |                                      ^^^ not found in this scope
    |
help: consider importing this struct
    |
  3 + use alloc::vec::Vec;
    |

error[E0433]: cannot find type `Vec` in this scope
   --> crates/beamr/src/native/stdlib_stubs/type_conversion_bifs.rs:179:22
    |
179 |     let mut values = Vec::new();
    |                      ^^^ use of undeclared type `Vec`
    |
help: consider importing this struct
    |
  3 + use alloc::vec::Vec;
    |

error[E0425]: cannot find type `Vec` in this scope
   --> crates/beamr/src/native/stdlib_stubs/type_conversion_bifs.rs:202:23
    |
202 |     let terms: Result<Vec<Term>, Term> = values
    |                       ^^^ not found in this scope
    |
help: consider importing this struct
    |
  3 + use alloc::vec::Vec;
    |

error[E0425]: cannot find type `Vec` in this scope
   --> crates/beamr/src/native/stdlib_stubs/uri_bifs.rs:130:20
    |
130 |     let mut pairs: Vec<(Vec<u8>, Option<Vec<u8>>)> = Vec::new();
    |                    ^^^ not found in this scope
    |
help: consider importing this struct
    |
 10 + use alloc::vec::Vec;
    |

error[E0425]: cannot find type `Vec` in this scope
   --> crates/beamr/src/native/stdlib_stubs/uri_bifs.rs:130:25
    |
130 |     let mut pairs: Vec<(Vec<u8>, Option<Vec<u8>>)> = Vec::new();
    |                         ^^^ not found in this scope
    |
help: consider importing this struct
    |
 10 + use alloc::vec::Vec;
    |

error[E0425]: cannot find type `Vec` in this scope
   --> crates/beamr/src/native/stdlib_stubs/uri_bifs.rs:130:41
    |
130 |     let mut pairs: Vec<(Vec<u8>, Option<Vec<u8>>)> = Vec::new();
    |                                         ^^^ not found in this scope
    |
help: consider importing this struct
    |
 10 + use alloc::vec::Vec;
    |

error[E0433]: cannot find type `Vec` in this scope
   --> crates/beamr/src/native/stdlib_stubs/uri_bifs.rs:130:54
    |
130 |     let mut pairs: Vec<(Vec<u8>, Option<Vec<u8>>)> = Vec::new();
    |                                                      ^^^ use of undeclared type `Vec`
    |
help: consider importing this struct
    |
 10 + use alloc::vec::Vec;
    |

error[E0425]: cannot find type `Vec` in this scope
   --> crates/beamr/src/native/stdlib_stubs/uri_bifs.rs:261:38
    |
261 | fn form_decode(text: &str) -> Option<Vec<u8>> {
    |                                      ^^^ not found in this scope
    |
help: consider importing this struct
    |
 10 + use alloc::vec::Vec;
    |

error[E0433]: cannot find type `Vec` in this scope
   --> crates/beamr/src/native/stdlib_stubs/uri_bifs.rs:263:19
    |
263 |     let mut out = Vec::with_capacity(bytes.len());
    |                   ^^^ use of undeclared type `Vec`
    |
help: consider importing this struct
    |
 10 + use alloc::vec::Vec;
    |

error[E0425]: cannot find type `String` in this scope
   --> crates/beamr/src/native/stdlib_stubs/uri_bifs.rs:308:38
    |
308 | fn binary_text(term: Term) -> Result<String, Term> {
    |                                      ^^^^^^ not found in this scope
    |
help: consider importing this struct
    |
 10 + use alloc::string::String;
    |

error[E0433]: cannot find module or crate `std` in this scope
   --> crates/beamr/src/native/stdlib_stubs/uri_bifs.rs:310:5
    |
310 |     std::str::from_utf8(binary.as_bytes())
    |     ^^^ use of unresolved module or unlinked crate `std`
    |
    = help: if you wanted to use a crate named `std`, use `cargo add std` to add it to your `Cargo.toml`
help: consider importing one of these modules
    |
 10 + use core::str;
    |
 10 + use alloc::str;
    |
help: if you import `str`, refer to it directly
    |
310 -     std::str::from_utf8(binary.as_bytes())
310 +     str::from_utf8(binary.as_bytes())
    |

error[E0433]: cannot find module or crate `std` in this scope
  --> crates/beamr/src/native/supervision.rs:30:6
   |
30 | impl std::error::Error for SupervisionError {}
   |      ^^^ use of unresolved module or unlinked crate `std`
   |
   = help: if you wanted to use a crate named `std`, use `cargo add std` to add it to your `Cargo.toml`
help: consider importing one of these modules
   |
 9 + use crate::error;
   |
 9 + use core::error;
   |
help: if you import `error`, refer to it directly
   |
30 - impl std::error::Error for SupervisionError {}
30 + impl error::Error for SupervisionError {}
   |

error[E0425]: cannot find type `Vec` in this scope
   --> crates/beamr/src/native/system_info_bifs.rs:182:24
    |
182 |             .collect::<Vec<_>>()
    |                        ^^^ not found in this scope
    |
help: consider importing this struct
    |
  3 + use alloc::vec::Vec;
    |

error[E0433]: cannot find type `Vec` in this scope
   --> crates/beamr/src/native/system_info_bifs.rs:187:23
    |
187 |     let mut entries = Vec::with_capacity(MEMORY_ITEMS.len());
    |                       ^^^ use of undeclared type `Vec`
    |
help: consider importing this struct
    |
  3 + use alloc::vec::Vec;
    |

error[E0425]: cannot find type `String` in this scope
   --> crates/beamr/src/native/system_info_bifs.rs:294:29
    |
294 | fn system_architecture() -> String {
    |                             ^^^^^^ not found in this scope
    |
help: consider importing this struct
    |
  3 + use alloc::string::String;
    |

error[E0425]: cannot find type `Vec` in this scope
   --> crates/beamr/src/native/mod.rs:463:38
    |
463 |     pub fn registered_mfas(&self) -> Vec<(Atom, Atom, u8, Capability)> {
    |                                      ^^^ not found in this scope
    |
help: consider importing this struct
    |
 85 + use alloc::vec::Vec;
    |

error[E0425]: cannot find type `Vec` in this scope
   --> crates/beamr/src/native/mod.rs:476:64
    |
476 |     pub fn coverage(&self, report: &UnresolvedImportReport) -> Vec<UnresolvedImport> {
    |                                                                ^^^ not found in this scope
    |
help: consider importing this struct
    |
 85 + use alloc::vec::Vec;
    |

error[E0425]: cannot find type `Vec` in this scope
  --> crates/beamr/src/process/gc.rs:12:12
   |
12 |     roots: Vec<Term>,
   |            ^^^ not found in this scope
   |
help: consider importing this struct
   |
 6 + use alloc::vec::Vec;
   |

error[E0433]: cannot find module or crate `std` in this scope
  --> crates/beamr/src/process/heap.rs:61:6
   |
61 | impl std::error::Error for HeapFull {}
   |      ^^^ use of unresolved module or unlinked crate `std`
   |
   = help: if you wanted to use a crate named `std`, use `cargo add std` to add it to your `Cargo.toml`
help: consider importing one of these modules
   |
 9 + use crate::error;
   |
 9 + use core::error;
   |
help: if you import `error`, refer to it directly
   |
61 - impl std::error::Error for HeapFull {}
61 + impl error::Error for HeapFull {}
   |

error[E0425]: cannot find type `Vec` in this scope
  --> crates/beamr/src/process/heap.rs:96:12
   |
96 |     words: Vec<u64>,
   |            ^^^ not found in this scope
   |
help: consider importing this struct
   |
 9 + use alloc::vec::Vec;
   |

error[E0425]: cannot find type `Vec` in this scope
  --> crates/beamr/src/process/heap.rs:97:18
   |
97 |     allocations: Vec<Allocation>,
   |                  ^^^ not found in this scope
   |
help: consider importing this struct
   |
 9 + use alloc::vec::Vec;
   |

error[E0433]: cannot find type `Vec` in this scope
   --> crates/beamr/src/process/heap.rs:106:26
    |
106 |             allocations: Vec::new(),
    |                          ^^^ use of undeclared type `Vec`
    |
help: consider importing this struct
    |
  9 + use alloc::vec::Vec;
    |

error[E0433]: cannot find module or crate `std` in this scope
   --> crates/beamr/src/process/heap.rs:199:58
    |
199 |         let end = start.saturating_add(self.capacity() * std::mem::size_of::<u64>());
    |                                                          ^^^ use of unresolved module or unlinked crate `std`
    |
    = help: if you wanted to use a crate named `std`, use `cargo add std` to add it to your `Cargo.toml`
help: consider importing this module
    |
  9 + use core::mem;
    |
help: if you import `mem`, refer to it directly
    |
199 -         let end = start.saturating_add(self.capacity() * std::mem::size_of::<u64>());
199 +         let end = start.saturating_add(self.capacity() * mem::size_of::<u64>());
    |

error[E0425]: cannot find type `Vec` in this scope
   --> crates/beamr/src/process/heap.rs:545:78
    |
545 |     pub(crate) fn copy_words_from_ptr(&self, src: *const u64, len: usize) -> Vec<u64> {
    |                                                                              ^^^ not found in this scope
    |
help: consider importing this struct
    |
  9 + use alloc::vec::Vec;
    |

error[E0433]: cannot find module or crate `std` in this scope
   --> crates/beamr/src/process/heap.rs:548:18
    |
548 |         unsafe { std::slice::from_raw_parts(src, len).to_vec() }
    |                  ^^^ use of unresolved module or unlinked crate `std`
    |
    = help: if you wanted to use a crate named `std`, use `cargo add std` to add it to your `Cargo.toml`
help: consider importing one of these modules
    |
  9 + use core::slice;
    |
  9 + use alloc::slice;
    |
help: if you import `slice`, refer to it directly
    |
548 -         unsafe { std::slice::from_raw_parts(src, len).to_vec() }
548 +         unsafe { slice::from_raw_parts(src, len).to_vec() }
    |

error[E0433]: cannot find module or crate `std` in this scope
   --> crates/beamr/src/process/heap.rs:554:18
    |
554 |         unsafe { std::ptr::copy_nonoverlapping(words.as_ptr(), dst, words.len()) }
    |                  ^^^ use of unresolved module or unlinked crate `std`
    |
    = help: if you wanted to use a crate named `std`, use `cargo add std` to add it to your `Cargo.toml`
help: consider importing this module
    |
  9 + use core::ptr;
    |
help: if you import `ptr`, refer to it directly
    |
554 -         unsafe { std::ptr::copy_nonoverlapping(words.as_ptr(), dst, words.len()) }
554 +         unsafe { ptr::copy_nonoverlapping(words.as_ptr(), dst, words.len()) }
    |

error[E0433]: cannot find module or crate `std` in this scope
   --> crates/beamr/src/process/heap.rs:660:21
    |
660 |     let word_size = std::mem::size_of::<u64>();
    |                     ^^^ use of unresolved module or unlinked crate `std`
    |
    = help: if you wanted to use a crate named `std`, use `cargo add std` to add it to your `Cargo.toml`
help: consider importing this module
    |
  9 + use core::mem;
    |
help: if you import `mem`, refer to it directly
    |
660 -     let word_size = std::mem::size_of::<u64>();
660 +     let word_size = mem::size_of::<u64>();
    |

error[E0425]: cannot find type `Vec` in this scope
  --> crates/beamr/src/process/stack.rs:46:13
   |
46 |     y_regs: Vec<Term>,
   |             ^^^ not found in this scope
   |
help: consider importing this struct
   |
 8 + use alloc::vec::Vec;
   |

error[E0433]: cannot find module or crate `std` in this scope
   --> crates/beamr/src/process/stack.rs:176:6
    |
176 | impl std::error::Error for StackError {}
    |      ^^^ use of unresolved module or unlinked crate `std`
    |
    = help: if you wanted to use a crate named `std`, use `cargo add std` to add it to your `Cargo.toml`
help: consider importing one of these modules
    |
  8 + use crate::error;
    |
  8 + use core::error;
    |
help: if you import `error`, refer to it directly
    |
176 - impl std::error::Error for StackError {}
176 + impl error::Error for StackError {}
    |

error[E0425]: cannot find type `Vec` in this scope
   --> crates/beamr/src/process/stack.rs:181:13
    |
181 |     frames: Vec<StackFrame>,
    |             ^^^ not found in this scope
    |
help: consider importing this struct
    |
  8 + use alloc::vec::Vec;
    |

error[E0433]: cannot find type `Vec` in this scope
   --> crates/beamr/src/process/stack.rs:196:21
    |
196 |             frames: Vec::new(),
    |                     ^^^ use of undeclared type `Vec`
    |
help: consider importing this struct
    |
  8 + use alloc::vec::Vec;
    |

error[E0425]: cannot find type `String` in this scope
   --> crates/beamr/src/process/types.rs:108:64
    |
108 |     pub fn format_with_atoms(&self, atom_table: &AtomTable) -> String {
    |                                                                ^^^^^^ not found in this scope
    |
help: consider importing this struct
    |
  4 + use alloc::string::String;
    |

error[E0425]: cannot find type `String` in this scope
   --> crates/beamr/src/process/types.rs:123:35
    |
123 | fn append_stacktrace(output: &mut String, stacktrace: Term, atom_table: &AtomTable) {
    |                                   ^^^^^^ not found in this scope
    |
help: consider importing this struct
    |
  4 + use alloc::string::String;
    |

error[E0425]: cannot find type `String` in this scope
   --> crates/beamr/src/process/types.rs:150:68
    |
150 | fn format_stacktrace_frame(frame: Term, atom_table: &AtomTable) -> String {
    |                                                                    ^^^^^^ not found in this scope
    |
help: consider importing this struct
    |
  4 + use alloc::string::String;
    |

error[E0433]: cannot find module or crate `std` in this scope
   --> crates/beamr/src/process/types.rs:409:6
    |
409 | impl std::error::Error for ProcessError {}
    |      ^^^ use of unresolved module or unlinked crate `std`
    |
    = help: if you wanted to use a crate named `std`, use `cargo add std` to add it to your `Cargo.toml`
help: consider importing one of these modules
    |
  4 + use crate::error;
    |
  4 + use core::error;
    |
help: if you import `error`, refer to it directly
    |
409 - impl std::error::Error for ProcessError {}
409 + impl error::Error for ProcessError {}
    |

error[E0425]: cannot find type `Vec` in this scope
   --> crates/beamr/src/process/mod.rs:159:15
    |
159 |     handlers: Vec<ExceptionHandler>,
    |               ^^^ not found in this scope
    |
help: consider importing this struct
    |
 13 + use alloc::vec::Vec;
    |

error[E0425]: cannot find type `Vec` in this scope
   --> crates/beamr/src/process/mod.rs:168:17
    |
168 |     dictionary: Vec<(Term, Term)>,
    |                 ^^^ not found in this scope
    |
help: consider importing this struct
    |
 13 + use alloc::vec::Vec;
    |

error[E0425]: cannot find type `Vec` in this scope
   --> crates/beamr/src/process/mod.rs:175:27
    |
175 |     native_continuations: Vec<PendingNativeContinuation>,
    |                           ^^^ not found in this scope
    |
help: consider importing this struct
    |
 13 + use alloc::vec::Vec;
    |

error[E0425]: cannot find type `Vec` in this scope
   --> crates/beamr/src/process/mod.rs:178:19
    |
178 |     native_roots: Vec<Term>,
    |                   ^^^ not found in this scope
    |
help: consider importing this struct
    |
 13 + use alloc::vec::Vec;
    |

error[E0425]: cannot find type `Vec` in this scope
   --> crates/beamr/src/process/mod.rs:179:21
    |
179 |     raw_stacktrace: Vec<RawStackEntry>,
    |                     ^^^ not found in this scope
    |
help: consider importing this struct
    |
 13 + use alloc::vec::Vec;
    |

error[E0425]: cannot find type `Vec` in this scope
   --> crates/beamr/src/process/mod.rs:211:12
    |
211 |     links: Vec<u64>,
    |            ^^^ not found in this scope
    |
help: consider importing this struct
    |
 13 + use alloc::vec::Vec;
    |

error[E0425]: cannot find type `Vec` in this scope
   --> crates/beamr/src/process/mod.rs:212:19
    |
212 |     remote_links: Vec<RemotePid>,
    |                   ^^^ not found in this scope
    |
help: consider importing this struct
    |
 13 + use alloc::vec::Vec;
    |

error[E0425]: cannot find type `Vec` in this scope
   --> crates/beamr/src/process/mod.rs:213:15
    |
213 |     monitors: Vec<Monitor>,
    |               ^^^ not found in this scope
    |
help: consider importing this struct
    |
 13 + use alloc::vec::Vec;
    |

error[E0433]: cannot find type `Vec` in this scope
   --> crates/beamr/src/process/mod.rs:308:23
    |
308 |             handlers: Vec::new(),
    |                       ^^^ use of undeclared type `Vec`
    |
help: consider importing this struct
    |
 13 + use alloc::vec::Vec;
    |

error[E0433]: cannot find type `Vec` in this scope
   --> crates/beamr/src/process/mod.rs:311:25
    |
311 |             dictionary: Vec::new(),
    |                         ^^^ use of undeclared type `Vec`
    |
help: consider importing this struct
    |
 13 + use alloc::vec::Vec;
    |

error[E0433]: cannot find type `Vec` in this scope
   --> crates/beamr/src/process/mod.rs:318:35
    |
318 |             native_continuations: Vec::new(),
    |                                   ^^^ use of undeclared type `Vec`
    |
help: consider importing this struct
    |
 13 + use alloc::vec::Vec;
    |

error[E0433]: cannot find type `Vec` in this scope
   --> crates/beamr/src/process/mod.rs:319:27
    |
319 |             native_roots: Vec::new(),
    |                           ^^^ use of undeclared type `Vec`
    |
help: consider importing this struct
    |
 13 + use alloc::vec::Vec;
    |

error[E0433]: cannot find type `Vec` in this scope
   --> crates/beamr/src/process/mod.rs:320:29
    |
320 |             raw_stacktrace: Vec::new(),
    |                             ^^^ use of undeclared type `Vec`
    |
help: consider importing this struct
    |
 13 + use alloc::vec::Vec;
    |

error[E0433]: cannot find type `Vec` in this scope
   --> crates/beamr/src/process/mod.rs:336:20
    |
336 |             links: Vec::new(),
    |                    ^^^ use of undeclared type `Vec`
    |
help: consider importing this struct
    |
 13 + use alloc::vec::Vec;
    |

error[E0433]: cannot find type `Vec` in this scope
   --> crates/beamr/src/process/mod.rs:337:27
    |
337 |             remote_links: Vec::new(),
    |                           ^^^ use of undeclared type `Vec`
    |
help: consider importing this struct
    |
 13 + use alloc::vec::Vec;
    |

error[E0433]: cannot find type `Vec` in this scope
   --> crates/beamr/src/process/mod.rs:338:23
    |
338 |             monitors: Vec::new(),
    |                       ^^^ use of undeclared type `Vec`
    |
help: consider importing this struct
    |
 13 + use alloc::vec::Vec;
    |

error[E0425]: cannot find type `Vec` in this scope
   --> crates/beamr/src/process/mod.rs:549:41
    |
549 |     pub fn dict_erase_all(&mut self) -> Vec<(Term, Term)> {
    |                                         ^^^ not found in this scope
    |
help: consider importing this struct
    |
 13 + use alloc::vec::Vec;
    |

error[E0433]: cannot find module or crate `std` in this scope
   --> crates/beamr/src/process/mod.rs:550:9
    |
550 |         std::mem::take(&mut self.dictionary)
    |         ^^^ use of unresolved module or unlinked crate `std`
    |
    = help: if you wanted to use a crate named `std`, use `cargo add std` to add it to your `Cargo.toml`
help: consider importing this module
    |
 13 + use core::mem;
    |
help: if you import `mem`, refer to it directly
    |
550 -         std::mem::take(&mut self.dictionary)
550 +         mem::take(&mut self.dictionary)
    |

error[E0425]: cannot find type `Vec` in this scope
   --> crates/beamr/src/process/mod.rs:555:49
    |
555 |     pub fn dict_get_keys(&self, value: Term) -> Vec<Term> {
    |                                                 ^^^ not found in this scope
    |
help: consider importing this struct
    |
 13 + use alloc::vec::Vec;
    |

error[E0425]: cannot find type `Vec` in this scope
   --> crates/beamr/src/process/mod.rs:596:39
    |
596 |     pub(crate) fn roots(&mut self) -> Vec<Term> {
    |                                       ^^^ not found in this scope
    |
help: consider importing this struct
    |
 13 + use alloc::vec::Vec;
    |

error[E0425]: cannot find type `Vec` in this scope
   --> crates/beamr/src/process/mod.rs:601:66
    |
601 |     pub(crate) fn roots_with_live_x(&mut self, live_x: usize) -> Vec<Term> {
    |                                                                  ^^^ not found in this scope
    |
help: consider importing this struct
    |
 13 + use alloc::vec::Vec;
    |

error[E0425]: cannot find type `Vec` in this scope
   --> crates/beamr/src/process/mod.rs:608:24
    |
608 |         let mut roots: Vec<Term> = self
    |                        ^^^ not found in this scope
    |
help: consider importing this struct
    |
 13 + use alloc::vec::Vec;
    |

error[E0433]: cannot find module or crate `std` in this scope
   --> crates/beamr/src/process/mod.rs:621:20
    |
621 |             .chain(std::iter::once(self.group_leader))
    |                    ^^^ use of unresolved module or unlinked crate `std`
    |
    = help: if you wanted to use a crate named `std`, use `cargo add std` to add it to your `Cargo.toml`
help: consider importing this module
    |
 13 + use core::iter;
    |
help: if you import `iter`, refer to it directly
    |
621 -             .chain(std::iter::once(self.group_leader))
621 +             .chain(iter::once(self.group_leader))
    |

error[E0425]: cannot find type `Vec` in this scope
   --> crates/beamr/src/process/mod.rs:753:58
    |
753 |     pub fn set_raw_stacktrace(&mut self, raw_stacktrace: Vec<RawStackEntry>) {
    |                                                          ^^^ not found in this scope
    |
help: consider importing this struct
    |
 13 + use alloc::vec::Vec;
    |

error[E0425]: cannot find type `Vec` in this scope
    --> crates/beamr/src/process/mod.rs:1202:37
     |
1202 |     pub fn take_links(&mut self) -> Vec<u64> {
     |                                     ^^^ not found in this scope
     |
help: consider importing this struct
     |
  13 + use alloc::vec::Vec;
     |

error[E0433]: cannot find module or crate `std` in this scope
    --> crates/beamr/src/process/mod.rs:1203:9
     |
1203 |         std::mem::take(&mut self.links)
     |         ^^^ use of unresolved module or unlinked crate `std`
     |
     = help: if you wanted to use a crate named `std`, use `cargo add std` to add it to your `Cargo.toml`
help: consider importing this module
     |
  13 + use core::mem;
     |
help: if you import `mem`, refer to it directly
     |
1203 -         std::mem::take(&mut self.links)
1203 +         mem::take(&mut self.links)
     |

error[E0425]: cannot find type `Vec` in this scope
    --> crates/beamr/src/process/mod.rs:1232:44
     |
1232 |     pub fn take_remote_links(&mut self) -> Vec<RemotePid> {
     |                                            ^^^ not found in this scope
     |
help: consider importing this struct
     |
  13 + use alloc::vec::Vec;
     |

error[E0433]: cannot find module or crate `std` in this scope
    --> crates/beamr/src/process/mod.rs:1233:9
     |
1233 |         std::mem::take(&mut self.remote_links)
     |         ^^^ use of unresolved module or unlinked crate `std`
     |
     = help: if you wanted to use a crate named `std`, use `cargo add std` to add it to your `Cargo.toml`
help: consider importing this module
     |
  13 + use core::mem;
     |
help: if you import `mem`, refer to it directly
     |
1233 -         std::mem::take(&mut self.remote_links)
1233 +         mem::take(&mut self.remote_links)
     |

error[E0425]: cannot find type `Vec` in this scope
    --> crates/beamr/src/process/mod.rs:1238:38
     |
1238 |     pub const fn monitors(&self) -> &Vec<Monitor> {
     |                                      ^^^ not found in this scope
     |
help: consider importing this struct
     |
  13 + use alloc::vec::Vec;
     |

error[E0425]: cannot find type `String` in this scope
  --> crates/beamr/src/replay/debugger.rs:60:20
   |
60 |     pub formatted: String,
   |                    ^^^^^^ not found in this scope
   |
help: consider importing this struct
   |
 3 + use alloc::string::String;
   |

error[E0425]: cannot find type `String` in this scope
  --> crates/beamr/src/replay/debugger.rs:78:29
   |
78 |     pub return_module_name: String,
   |                             ^^^^^^ not found in this scope
   |
help: consider importing this struct
   |
 3 + use alloc::string::String;
   |

error[E0425]: cannot find type `Vec` in this scope
  --> crates/beamr/src/replay/debugger.rs:84:17
   |
84 |     pub locals: Vec<RegisterInspection>,
   |                 ^^^ not found in this scope
   |
help: consider importing this struct
   |
 3 + use alloc::vec::Vec;
   |

error[E0425]: cannot find type `String` in this scope
  --> crates/beamr/src/replay/debugger.rs:93:24
   |
93 |     pub function_name: String,
   |                        ^^^^^^ not found in this scope
   |
help: consider importing this struct
   |
 3 + use alloc::string::String;
   |

error[E0425]: cannot find type `String` in this scope
   --> crates/beamr/src/replay/debugger.rs:116:40
    |
116 |     pub boxed_objects_by_tag: BTreeMap<String, usize>,
    |                                        ^^^^^^ not found in this scope
    |
help: consider importing this struct
    |
  3 + use alloc::string::String;
    |

error[E0425]: cannot find type `Vec` in this scope
   --> crates/beamr/src/replay/debugger.rs:125:24
    |
125 |     pub scan_messages: Vec<String>,
    |                        ^^^ not found in this scope
    |
help: consider importing this struct
    |
  3 + use alloc::vec::Vec;
    |

error[E0425]: cannot find type `String` in this scope
   --> crates/beamr/src/replay/debugger.rs:125:28
    |
125 |     pub scan_messages: Vec<String>,
    |                            ^^^^^^ not found in this scope
    |
help: consider importing this struct
    |
  3 + use alloc::string::String;
    |

error[E0425]: cannot find type `Vec` in this scope
   --> crates/beamr/src/replay/debugger.rs:138:16
    |
138 |     snapshots: Vec<ProcessSnapshot>,
    |                ^^^ not found in this scope
    |
help: consider importing this struct
    |
  3 + use alloc::vec::Vec;
    |

error[E0433]: cannot find type `Vec` in this scope
   --> crates/beamr/src/replay/debugger.rs:170:24
    |
170 |             snapshots: Vec::new(),
    |                        ^^^ use of undeclared type `Vec`
    |
help: consider importing this struct
    |
  3 + use alloc::vec::Vec;
    |

error[E0425]: cannot find type `Vec` in this scope
   --> crates/beamr/src/replay/debugger.rs:295:64
    |
295 |     pub fn inspect_registers(&self, atom_table: &AtomTable) -> Vec<RegisterInspection> {
    |                                                                ^^^ not found in this scope
    |
help: consider importing this struct
    |
  3 + use alloc::vec::Vec;
    |

error[E0425]: cannot find type `Vec` in this scope
   --> crates/beamr/src/replay/debugger.rs:303:24
    |
303 |             .collect::<Vec<_>>();
    |                        ^^^ not found in this scope
    |
help: consider importing this struct
    |
  3 + use alloc::vec::Vec;
    |

error[E0425]: cannot find type `Vec` in this scope
   --> crates/beamr/src/replay/debugger.rs:321:60
    |
321 |     pub fn inspect_stack(&self, atom_table: &AtomTable) -> Vec<StackFrameInspection> {
    |                                                            ^^^ not found in this scope
    |
help: consider importing this struct
    |
  3 + use alloc::vec::Vec;
    |

error[E0425]: cannot find type `Vec` in this scope
   --> crates/beamr/src/replay/debugger.rs:484:20
    |
484 |         .collect::<Vec<_>>();
    |                    ^^^ not found in this scope
    |
help: consider importing this struct
    |
  3 + use alloc::vec::Vec;
    |

error[E0425]: cannot find type `Vec` in this scope
  --> crates/beamr/src/replay/driver.rs:29:32
   |
29 | pub(crate) struct DecodedHeaps(Vec<Heap>);
   |                                ^^^ not found in this scope
   |
help: consider importing this struct
   |
 3 + use alloc::vec::Vec;
   |

error[E0425]: cannot find type `String` in this scope
  --> crates/beamr/src/replay/driver.rs:50:13
   |
50 |     output: String,
   |             ^^^^^^ not found in this scope
   |
help: consider importing this struct
   |
 3 + use alloc::string::String;
   |

error[E0425]: cannot find type `String` in this scope
  --> crates/beamr/src/replay/driver.rs:57:30
   |
57 |     pub const fn new(output: String, exit_code: u8) -> Self {
   |                              ^^^^^^ not found in this scope
   |
help: consider importing this struct
   |
 3 + use alloc::string::String;
   |

error[E0425]: cannot find type `Vec` in this scope
  --> crates/beamr/src/replay/driver.rs:77:24
   |
77 |     pub fn new(events: Vec<ReplayEvent>) -> Self {
   |                        ^^^ not found in this scope
   |
help: consider importing this struct
   |
 3 + use alloc::vec::Vec;
   |

error[E0425]: cannot find type `Vec` in this scope
  --> crates/beamr/src/replay/driver.rs:87:36
   |
87 |     pub fn with_cli_result(events: Vec<ReplayEvent>, output: String, exit_code: u8) -> Self {
   |                                    ^^^ not found in this scope
   |
help: consider importing this struct
   |
 3 + use alloc::vec::Vec;
   |

error[E0425]: cannot find type `String` in this scope
  --> crates/beamr/src/replay/driver.rs:87:62
   |
87 |     pub fn with_cli_result(events: Vec<ReplayEvent>, output: String, exit_code: u8) -> Self {
   |                                                              ^^^^^^ not found in this scope
   |
help: consider importing this struct
   |
 3 + use alloc::string::String;
   |

error[E0425]: cannot find type `Vec` in this scope
   --> crates/beamr/src/replay/driver.rs:145:11
    |
145 | impl From<Vec<ReplayEvent>> for ReplayLog {
    |           ^^^ not found in this scope
    |
help: consider importing this struct
    |
  3 + use alloc::vec::Vec;
    |

error[E0425]: cannot find type `Vec` in this scope
   --> crates/beamr/src/replay/driver.rs:146:21
    |
146 |     fn from(events: Vec<ReplayEvent>) -> Self {
    |                     ^^^ not found in this scope
    |
help: consider importing this struct
    |
  3 + use alloc::vec::Vec;
    |

error[E0425]: cannot find type `Vec` in this scope
   --> crates/beamr/src/replay/driver.rs:228:18
    |
228 |     pub expired: Vec<ExpiredTimer>,
    |                  ^^^ not found in this scope
    |
help: consider importing this struct
    |
  3 + use alloc::vec::Vec;
    |

error[E0425]: cannot find type `String` in this scope
   --> crates/beamr/src/replay/driver.rs:282:14
    |
282 |     message: String,
    |              ^^^^^^ not found in this scope
    |
help: consider importing this struct
    |
  3 + use alloc::string::String;
    |

error[E0425]: cannot find type `String` in this scope
   --> crates/beamr/src/replay/driver.rs:286:21
    |
286 |     fn new(message: String) -> Self {
    |                     ^^^^^^ not found in this scope
    |
help: consider importing this struct
    |
  3 + use alloc::string::String;
    |

error[E0433]: cannot find module or crate `std` in this scope
   --> crates/beamr/src/replay/driver.rs:297:6
    |
297 | impl std::error::Error for ReplayMismatch {}
    |      ^^^ use of unresolved module or unlinked crate `std`
    |
    = help: if you wanted to use a crate named `std`, use `cargo add std` to add it to your `Cargo.toml`
help: consider importing one of these modules
    |
  3 + use crate::error;
    |
  3 + use core::error;
    |
help: if you import `error`, refer to it directly
    |
297 - impl std::error::Error for ReplayMismatch {}
297 + impl error::Error for ReplayMismatch {}
    |

error[E0425]: cannot find type `String` in this scope
   --> crates/beamr/src/replay/driver.rs:490:33
    |
490 |     fn mismatch(&self, message: String) -> ReplayMismatch {
    |                                 ^^^^^^ not found in this scope
    |
help: consider importing this struct
    |
  3 + use alloc::string::String;
    |

error[E0425]: cannot find type `Vec` in this scope
   --> crates/beamr/src/replay/driver.rs:539:36
    |
539 | impl From<RecordedTimerExpiry> for Vec<ExpiredTimer> {
    |                                    ^^^ not found in this scope
    |
help: consider importing this struct
    |
  3 + use alloc::vec::Vec;
    |

error[E0425]: cannot find type `Vec` in this scope
  --> crates/beamr/src/replay/recorder.rs:15:13
   |
15 |     events: Vec<ReplayEvent>,
   |             ^^^ not found in this scope
   |
help: consider importing this struct
   |
 6 + use alloc::vec::Vec;
   |

error[E0433]: cannot find type `Vec` in this scope
  --> crates/beamr/src/replay/recorder.rs:24:21
   |
24 |             events: Vec::new(),
   |                     ^^^ use of undeclared type `Vec`
   |
help: consider importing this struct
   |
 6 + use alloc::vec::Vec;
   |

error[E0425]: cannot find type `String` in this scope
  --> crates/beamr/src/scheduler/exit_capture.rs:32:17
   |
32 |     pub module: String,
   |                 ^^^^^^ not found in this scope
   |
help: consider importing this struct
   |
10 + use alloc::string::String;
   |

error[E0425]: cannot find type `String` in this scope
  --> crates/beamr/src/scheduler/exit_capture.rs:34:19
   |
34 |     pub function: String,
   |                   ^^^^^^ not found in this scope
   |
help: consider importing this struct
   |
10 + use alloc::string::String;
   |

error[E0425]: cannot find type `Vec` in this scope
  --> crates/beamr/src/scheduler/exit_capture.rs:48:13
   |
48 |     frames: Vec<CapturedFrame>,
   |             ^^^ not found in this scope
   |
help: consider importing this struct
   |
10 + use alloc::vec::Vec;
   |

error[E0425]: cannot find type `String` in this scope
  --> crates/beamr/src/scheduler/exit_capture.rs:87:77
   |
87 |     pub fn format_with_atoms(&self, atom_table: &crate::atom::AtomTable) -> String {
   |                                                                             ^^^^^^ not found in this scope
   |
help: consider importing this struct
   |
10 + use alloc::string::String;
   |

error[E0425]: cannot find type `Vec` in this scope
  --> crates/beamr/src/scheduler/wasm.rs:94:18
   |
94 |     pub yielded: Vec<u64>,
   |                  ^^^ not found in this scope
   |
help: consider importing this struct
   |
 7 + use alloc::vec::Vec;
   |

error[E0425]: cannot find type `Vec` in this scope
  --> crates/beamr/src/scheduler/wasm.rs:96:18
   |
96 |     pub waiting: Vec<u64>,
   |                  ^^^ not found in this scope
   |
help: consider importing this struct
   |
 7 + use alloc::vec::Vec;
   |

error[E0425]: cannot find type `Vec` in this scope
  --> crates/beamr/src/scheduler/wasm.rs:98:17
   |
98 |     pub exited: Vec<u64>,
   |                 ^^^ not found in this scope
   |
help: consider importing this struct
   |
 7 + use alloc::vec::Vec;
   |

error[E0425]: cannot find type `Vec` in this scope
   --> crates/beamr/src/scheduler/wasm.rs:100:18
    |
100 |     pub errored: Vec<u64>,
    |                  ^^^ not found in this scope
    |
help: consider importing this struct
    |
  7 + use alloc::vec::Vec;
    |

error[E0433]: cannot find type `Vec` in this scope
   --> crates/beamr/src/scheduler/wasm.rs:110:22
    |
110 |             yielded: Vec::new(),
    |                      ^^^ use of undeclared type `Vec`
    |
help: consider importing this struct
    |
  7 + use alloc::vec::Vec;
    |

error[E0433]: cannot find type `Vec` in this scope
   --> crates/beamr/src/scheduler/wasm.rs:111:22
    |
111 |             waiting: Vec::new(),
    |                      ^^^ use of undeclared type `Vec`
    |
help: consider importing this struct
    |
  7 + use alloc::vec::Vec;
    |

error[E0433]: cannot find type `Vec` in this scope
   --> crates/beamr/src/scheduler/wasm.rs:112:21
    |
112 |             exited: Vec::new(),
    |                     ^^^ use of undeclared type `Vec`
    |
help: consider importing this struct
    |
  7 + use alloc::vec::Vec;
    |

error[E0433]: cannot find type `Vec` in this scope
   --> crates/beamr/src/scheduler/wasm.rs:113:22
    |
113 |             errored: Vec::new(),
    |                      ^^^ use of undeclared type `Vec`
    |
help: consider importing this struct
    |
  7 + use alloc::vec::Vec;
    |

error[E0425]: cannot find type `Vec` in this scope
   --> crates/beamr/src/scheduler/wasm.rs:130:30
    |
130 |     pending_timer_schedules: Vec<WasmScheduledTimer>,
    |                              ^^^ not found in this scope
    |
help: consider importing this struct
    |
  7 + use alloc::vec::Vec;
    |

error[E0425]: cannot find type `Vec` in this scope
   --> crates/beamr/src/scheduler/wasm.rs:131:34
    |
131 |     pending_timer_cancellations: Vec<u64>,
    |                                  ^^^ not found in this scope
    |
help: consider importing this struct
    |
  7 + use alloc::vec::Vec;
    |

error[E0433]: cannot find type `Vec` in this scope
   --> crates/beamr/src/scheduler/wasm.rs:182:38
    |
182 |             pending_timer_schedules: Vec::new(),
    |                                      ^^^ use of undeclared type `Vec`
    |
help: consider importing this struct
    |
  7 + use alloc::vec::Vec;
    |

error[E0433]: cannot find type `Vec` in this scope
   --> crates/beamr/src/scheduler/wasm.rs:183:42
    |
183 |             pending_timer_cancellations: Vec::new(),
    |                                          ^^^ use of undeclared type `Vec`
    |
help: consider importing this struct
    |
  7 + use alloc::vec::Vec;
    |

error[E0425]: cannot find type `Vec` in this scope
   --> crates/beamr/src/scheduler/wasm.rs:229:55
    |
229 |     pub fn take_pending_timer_schedules(&mut self) -> Vec<WasmScheduledTimer> {
    |                                                       ^^^ not found in this scope
    |
help: consider importing this struct
    |
  7 + use alloc::vec::Vec;
    |

error[E0433]: cannot find module or crate `std` in this scope
   --> crates/beamr/src/scheduler/wasm.rs:230:9
    |
230 |         std::mem::take(&mut self.pending_timer_schedules)
    |         ^^^ use of unresolved module or unlinked crate `std`
    |
    = help: if you wanted to use a crate named `std`, use `cargo add std` to add it to your `Cargo.toml`
help: consider importing this module
    |
  7 + use core::mem;
    |
help: if you import `mem`, refer to it directly
    |
230 -         std::mem::take(&mut self.pending_timer_schedules)
230 +         mem::take(&mut self.pending_timer_schedules)
    |

error[E0425]: cannot find type `Vec` in this scope
   --> crates/beamr/src/scheduler/wasm.rs:234:59
    |
234 |     pub fn take_pending_timer_cancellations(&mut self) -> Vec<u64> {
    |                                                           ^^^ not found in this scope
    |
help: consider importing this struct
    |
  7 + use alloc::vec::Vec;
    |

error[E0433]: cannot find module or crate `std` in this scope
   --> crates/beamr/src/scheduler/wasm.rs:235:9
    |
235 |         std::mem::take(&mut self.pending_timer_cancellations)
    |         ^^^ use of unresolved module or unlinked crate `std`
    |
    = help: if you wanted to use a crate named `std`, use `cargo add std` to add it to your `Cargo.toml`
help: consider importing this module
    |
  7 + use core::mem;
    |
help: if you import `mem`, refer to it directly
    |
235 -         std::mem::take(&mut self.pending_timer_cancellations)
235 +         mem::take(&mut self.pending_timer_cancellations)
    |

error[E0425]: cannot find type `Vec` in this scope
   --> crates/beamr/src/scheduler/wasm.rs:282:15
    |
282 |         args: Vec<Term>,
    |               ^^^ not found in this scope
    |
help: consider importing this struct
    |
  7 + use alloc::vec::Vec;
    |

error[E0425]: cannot find type `Vec` in this scope
   --> crates/beamr/src/scheduler/wasm.rs:292:15
    |
292 |         args: Vec<OwnedTerm>,
    |               ^^^ not found in this scope
    |
help: consider importing this struct
    |
  7 + use alloc::vec::Vec;
    |

error[E0425]: cannot find type `Vec` in this scope
   --> crates/beamr/src/scheduler/wasm.rs:304:15
    |
304 |         args: Vec<Term>,
    |               ^^^ not found in this scope
    |
help: consider importing this struct
    |
  7 + use alloc::vec::Vec;
    |

error[E0425]: cannot find type `Vec` in this scope
   --> crates/beamr/src/scheduler/wasm.rs:349:15
    |
349 |         args: Vec<OwnedTerm>,
    |               ^^^ not found in this scope
    |
help: consider importing this struct
    |
  7 + use alloc::vec::Vec;
    |

error[E0425]: cannot find type `Vec` in this scope
   --> crates/beamr/src/scheduler/wasm.rs:468:45
    |
468 |     pub fn tick_native_timers(&mut self) -> Vec<u64> {
    |                                             ^^^ not found in this scope
    |
help: consider importing this struct
    |
  7 + use alloc::vec::Vec;
    |

error[E0433]: cannot find type `Vec` in this scope
   --> crates/beamr/src/scheduler/wasm.rs:472:24
    |
472 |                 return Vec::new();
    |                        ^^^ use of undeclared type `Vec`
    |
help: consider importing this struct
    |
  7 + use alloc::vec::Vec;
    |

error[E0425]: cannot find type `Vec` in this scope
   --> crates/beamr/src/scheduler/wasm.rs:487:72
    |
487 |     pub fn tick_native_timers_at(&mut self, now: web_time::Instant) -> Vec<u64> {
    |                                                                        ^^^ not found in this scope
    |
help: consider importing this struct
    |
  7 + use alloc::vec::Vec;
    |

error[E0425]: cannot find type `Vec` in this scope
   --> crates/beamr/src/scheduler/wasm.rs:498:18
    |
498 |         expired: Vec<crate::timer::ExpiredTimer>,
    |                  ^^^ not found in this scope
    |
help: consider importing this struct
    |
  7 + use alloc::vec::Vec;
    |

error[E0425]: cannot find type `Vec` in this scope
   --> crates/beamr/src/scheduler/wasm.rs:499:10
    |
499 |     ) -> Vec<u64> {
    |          ^^^ not found in this scope
    |
help: consider importing this struct
    |
  7 + use alloc::vec::Vec;
    |

error[E0433]: cannot find type `Vec` in this scope
   --> crates/beamr/src/scheduler/wasm.rs:500:25
    |
500 |         let mut woken = Vec::new();
    |                         ^^^ use of undeclared type `Vec`
    |
help: consider importing this struct
    |
  7 + use alloc::vec::Vec;
    |

error[E0433]: cannot find type `Vec` in this scope
   --> crates/beamr/src/scheduler/wasm.rs:533:37
    |
533 |         let mut yielded_next_tick = Vec::new();
    |                                     ^^^ use of undeclared type `Vec`
    |
help: consider importing this struct
    |
  7 + use alloc::vec::Vec;
    |

error[E0433]: cannot find module or crate `std` in this scope
   --> crates/beamr/src/scheduler/wasm.rs:677:9
    |
677 |         std::mem::take(&mut self.external_runnable_edge_pending)
    |         ^^^ use of unresolved module or unlinked crate `std`
    |
    = help: if you wanted to use a crate named `std`, use `cargo add std` to add it to your `Cargo.toml`
help: consider importing this module
    |
  7 + use core::mem;
    |
help: if you import `mem`, refer to it directly
    |
677 -         std::mem::take(&mut self.external_runnable_edge_pending)
677 +         mem::take(&mut self.external_runnable_edge_pending)
    |

error[E0425]: cannot find type `Vec` in this scope
   --> crates/beamr/src/scheduler/wasm.rs:693:35
    |
693 |     pub fn exit_results(&self) -> Vec<(u64, Term)> {
    |                                   ^^^ not found in this scope
    |
help: consider importing this struct
    |
  7 + use alloc::vec::Vec;
    |

error[E0425]: cannot find type `Vec` in this scope
  --> crates/beamr/src/scheduler/wasm_native.rs:63:11
   |
63 |     args: Vec<OwnedTerm>,
   |           ^^^ not found in this scope
   |
help: consider importing this struct
   |
25 + use alloc::vec::Vec;
   |

error[E0425]: cannot find type `Vec` in this scope
  --> crates/beamr/src/scheduler/wasm_native.rs:80:13
   |
80 |     spawns: Vec<DeferredSpawn>,
   |             ^^^ not found in this scope
   |
help: consider importing this struct
   |
25 + use alloc::vec::Vec;
   |

error[E0425]: cannot find type `Vec` in this scope
  --> crates/beamr/src/scheduler/wasm_native.rs:81:17
   |
81 |     mfa_spawns: Vec<DeferredMfaSpawn>,
   |                 ^^^ not found in this scope
   |
help: consider importing this struct
   |
25 + use alloc::vec::Vec;
   |

error[E0425]: cannot find type `Vec` in this scope
  --> crates/beamr/src/scheduler/wasm_native.rs:82:12
   |
82 |     sends: Vec<DeferredSend>,
   |            ^^^ not found in this scope
   |
help: consider importing this struct
   |
25 + use alloc::vec::Vec;
   |

error[E0425]: cannot find type `Vec` in this scope
   --> crates/beamr/src/scheduler/wasm_native.rs:103:15
    |
103 |         args: Vec<Term>,
    |               ^^^ not found in this scope
    |
help: consider importing this struct
    |
 25 + use alloc::vec::Vec;
    |

error[E0433]: cannot find type `Vec` in this scope
   --> crates/beamr/src/scheduler/wasm_native.rs:117:30
    |
117 |         let mut owned_args = Vec::with_capacity(args.len());
    |                              ^^^ use of undeclared type `Vec`
    |
help: consider importing this struct
    |
 25 + use alloc::vec::Vec;
    |

error[E0425]: cannot find type `Vec` in this scope
   --> crates/beamr/src/scheduler/wasm_native.rs:162:16
    |
162 |         _args: Vec<Term>,
    |                ^^^ not found in this scope
    |
help: consider importing this struct
    |
 25 + use alloc::vec::Vec;
    |

error[E0425]: cannot find type `Vec` in this scope
   --> crates/beamr/src/scheduler/wasm_native.rs:191:16
    |
191 |         _args: Vec<Term>,
    |                ^^^ not found in this scope
    |
help: consider importing this struct
    |
 25 + use alloc::vec::Vec;
    |

error[E0425]: cannot find type `Vec` in this scope
   --> crates/beamr/src/scheduler/wasm_native.rs:301:48
    |
301 |     pub fn run_native_until_idle(&mut self) -> Vec<u64> {
    |                                                ^^^ not found in this scope
    |
help: consider importing this struct
    |
 25 + use alloc::vec::Vec;
    |

error[E0433]: cannot find type `Vec` in this scope
   --> crates/beamr/src/scheduler/wasm_native.rs:302:26
    |
302 |         let mut exited = Vec::new();
    |                          ^^^ use of undeclared type `Vec`
    |
help: consider importing this struct
    |
 25 + use alloc::vec::Vec;
    |

error[E0425]: cannot find type `Vec` in this scope
   --> crates/beamr/src/scheduler/wasm_native.rs:367:33
    |
367 |         yielded_next_tick: &mut Vec<(u64, Priority)>,
    |                                 ^^^ not found in this scope
    |
help: consider importing this struct
    |
 25 + use alloc::vec::Vec;
    |

error[E0433]: cannot find module or crate `std` in this scope
   --> crates/beamr/src/scheduler/wasm_native.rs:458:13
    |
458 |             std::mem::take(&mut *guard)
    |             ^^^ use of unresolved module or unlinked crate `std`
    |
    = help: if you wanted to use a crate named `std`, use `cargo add std` to add it to your `Cargo.toml`
help: consider importing this module
    |
 25 + use core::mem;
    |
help: if you import `mem`, refer to it directly
    |
458 -             std::mem::take(&mut *guard)
458 +             mem::take(&mut *guard)
    |

error[E0433]: cannot find module or crate `std` in this scope
   --> crates/beamr/src/scheduler/wasm_native.rs:509:13
    |
509 |             std::mem::take(&mut *guard)
    |             ^^^ use of unresolved module or unlinked crate `std`
    |
    = help: if you wanted to use a crate named `std`, use `cargo add std` to add it to your `Cargo.toml`
help: consider importing this module
    |
 25 + use core::mem;
    |
help: if you import `mem`, refer to it directly
    |
509 -             std::mem::take(&mut *guard)
509 +             mem::take(&mut *guard)
    |

error[E0425]: cannot find type `Vec` in this scope
   --> crates/beamr/src/supervision/link.rs:125:10
    |
125 |     ) -> Vec<(u64, u64, ExitReason)> {
    |          ^^^ not found in this scope
    |
help: consider importing this struct
    |
  9 + use alloc::vec::Vec;
    |

error[E0433]: cannot find module or crate `std` in this scope
   --> crates/beamr/src/supervision/link.rs:272:26
    |
272 |     let words = unsafe { std::slice::from_raw_parts_mut(words, 1 + elements.len()) };
    |                          ^^^ use of unresolved module or unlinked crate `std`
    |
    = help: if you wanted to use a crate named `std`, use `cargo add std` to add it to your `Cargo.toml`
help: consider importing one of these modules
    |
  9 + use core::slice;
    |
  9 + use alloc::slice;
    |
help: if you import `slice`, refer to it directly
    |
272 -     let words = unsafe { std::slice::from_raw_parts_mut(words, 1 + elements.len()) };
272 +     let words = unsafe { slice::from_raw_parts_mut(words, 1 + elements.len()) };
    |

error[E0425]: cannot find type `Vec` in this scope
  --> crates/beamr/src/supervision/monitor.rs:26:15
   |
26 |     monitors: Vec<Monitor>,
   |               ^^^ not found in this scope
   |
help: consider importing this struct
   |
 9 + use alloc::vec::Vec;
   |

error[E0425]: cannot find type `Vec` in this scope
  --> crates/beamr/src/supervision/monitor.rs:27:29
   |
27 |     by_target: HashMap<u64, Vec<Reference>>,
   |                             ^^^ not found in this scope
   |
help: consider importing this struct
   |
 9 + use alloc::vec::Vec;
   |

error[E0425]: cannot find type `Vec` in this scope
   --> crates/beamr/src/supervision/monitor.rs:130:10
    |
130 |     ) -> Vec<(u64, Reference)> {
    |          ^^^ not found in this scope
    |
help: consider importing this struct
    |
  9 + use alloc::vec::Vec;
    |

error[E0433]: cannot find type `Vec` in this scope
   --> crates/beamr/src/supervision/monitor.rs:133:28
    |
133 |         let mut watchers = Vec::with_capacity(references.len());
    |                            ^^^ use of undeclared type `Vec`
    |
help: consider importing this struct
    |
  9 + use alloc::vec::Vec;
    |

error[E0433]: cannot find module or crate `std` in this scope
   --> crates/beamr/src/supervision/monitor.rs:290:36
    |
290 |     let reference_words = unsafe { std::slice::from_raw_parts_mut(reference_words, 2) };
    |                                    ^^^ use of unresolved module or unlinked crate `std`
    |
    = help: if you wanted to use a crate named `std`, use `cargo add std` to add it to your `Cargo.toml`
help: consider importing one of these modules
    |
  9 + use core::slice;
    |
  9 + use alloc::slice;
    |
help: if you import `slice`, refer to it directly
    |
290 -     let reference_words = unsafe { std::slice::from_raw_parts_mut(reference_words, 2) };
290 +     let reference_words = unsafe { slice::from_raw_parts_mut(reference_words, 2) };
    |

error[E0433]: cannot find module or crate `std` in this scope
   --> crates/beamr/src/supervision/monitor.rs:305:26
    |
305 |     let words = unsafe { std::slice::from_raw_parts_mut(words, 1 + elements.len()) };
    |                          ^^^ use of unresolved module or unlinked crate `std`
    |
    = help: if you wanted to use a crate named `std`, use `cargo add std` to add it to your `Cargo.toml`
help: consider importing one of these modules
    |
  9 + use core::slice;
    |
  9 + use alloc::slice;
    |
help: if you import `slice`, refer to it directly
    |
305 -     let words = unsafe { std::slice::from_raw_parts_mut(words, 1 + elements.len()) };
305 +     let words = unsafe { slice::from_raw_parts_mut(words, 1 + elements.len()) };
    |

error[E0433]: cannot find type `Vec` in this scope
  --> crates/beamr/src/term/bigint_convert.rs:19:21
   |
19 |     let mut limbs = Vec::with_capacity(magnitude_le.len().div_ceil(8));
   |                     ^^^ use of undeclared type `Vec`
   |
help: consider importing this struct
   |
 8 + use alloc::vec::Vec;
   |

error[E0425]: cannot find type `Vec` in this scope
  --> crates/beamr/src/term/bigint_convert.rs:30:60
   |
30 | pub fn to_sign_magnitude_le(value: &BigIntValue) -> (bool, Vec<u8>) {
   |                                                            ^^^ not found in this scope
   |
help: consider importing this struct
   |
 8 + use alloc::vec::Vec;
   |

error[E0433]: cannot find type `Vec` in this scope
  --> crates/beamr/src/term/bigint_convert.rs:31:21
   |
31 |     let mut bytes = Vec::with_capacity(value.limbs().len() * 8);
   |                     ^^^ use of undeclared type `Vec`
   |
help: consider importing this struct
   |
 8 + use alloc::vec::Vec;
   |

error[E0425]: cannot find type `String` in this scope
  --> crates/beamr/src/term/bigint_convert.rs:58:67
   |
58 | pub fn to_string_radix(value: &BigIntValue, radix: u32) -> Option<String> {
   |                                                                   ^^^^^^ not found in this scope
   |
help: consider importing this struct
   |
 8 + use alloc::string::String;
   |

error[E0433]: cannot find type `Vec` in this scope
  --> crates/beamr/src/term/bigint_convert.rs:66:22
   |
66 |     let mut digits = Vec::new();
   |                      ^^^ use of undeclared type `Vec`
   |
help: consider importing this struct
   |
 8 + use alloc::vec::Vec;
   |

error[E0433]: cannot find type `String` in this scope
  --> crates/beamr/src/term/bigint_convert.rs:76:5
   |
76 |     String::from_utf8(digits).ok()
   |     ^^^^^^ use of undeclared type `String`
   |
help: consider importing this struct
   |
 8 + use alloc::string::String;
   |

error[E0425]: cannot find type `Vec` in this scope
  --> crates/beamr/src/term/bigint_convert.rs:97:20
   |
97 |     let mut limbs: Vec<u64> = Vec::new();
   |                    ^^^ not found in this scope
   |
help: consider importing this struct
   |
 8 + use alloc::vec::Vec;
   |

error[E0433]: cannot find type `Vec` in this scope
  --> crates/beamr/src/term/bigint_convert.rs:97:31
   |
97 |     let mut limbs: Vec<u64> = Vec::new();
   |                               ^^^ use of undeclared type `Vec`
   |
help: consider importing this struct
   |
 8 + use alloc::vec::Vec;
   |

error[E0425]: cannot find type `String` in this scope
   --> crates/beamr/src/term/bigint_convert.rs:109:71
    |
109 | pub fn integer_term_to_string_radix(term: Term, radix: u32) -> Option<String> {
    |                                                                       ^^^^^^ not found in this scope
    |
help: consider importing this struct
    |
  8 + use alloc::string::String;
    |

error[E0425]: cannot find type `Vec` in this scope
   --> crates/beamr/src/term/bigint_convert.rs:120:35
    |
120 | fn div_small_in_place(limbs: &mut Vec<u64>, divisor: u64) -> u64 {
    |                                   ^^^ not found in this scope
    |
help: consider importing this struct
    |
  8 + use alloc::vec::Vec;
    |

error[E0425]: cannot find type `Vec` in this scope
   --> crates/beamr/src/term/bigint_convert.rs:134:39
    |
134 | fn mul_small_add_in_place(limbs: &mut Vec<u64>, factor: u64, addend: u64) {
    |                                       ^^^ not found in this scope
    |
help: consider importing this struct
    |
  8 + use alloc::vec::Vec;
    |

error[E0425]: cannot find type `Vec` in this scope
  --> crates/beamr/src/term/bigint_math.rs:10:12
   |
10 |     limbs: Vec<u64>,
   |            ^^^ not found in this scope
   |
help: consider importing this struct
   |
 3 + use alloc::vec::Vec;
   |

error[E0425]: cannot find type `Vec` in this scope
  --> crates/beamr/src/term/bigint_math.rs:15:39
   |
15 |     pub fn new(negative: bool, limbs: Vec<u64>) -> Self {
   |                                       ^^^ not found in this scope
   |
help: consider importing this struct
   |
 3 + use alloc::vec::Vec;
   |

error[E0433]: cannot find type `Vec` in this scope
  --> crates/beamr/src/term/bigint_math.rs:25:20
   |
25 |             limbs: Vec::new(),
   |                    ^^^ use of undeclared type `Vec`
   |
help: consider importing this struct
   |
 3 + use alloc::vec::Vec;
   |

error[E0425]: cannot find type `Vec` in this scope
   --> crates/beamr/src/term/bigint_math.rs:162:48
    |
162 | pub fn add_abs(left: &[u64], right: &[u64]) -> Vec<u64> {
    |                                                ^^^ not found in this scope
    |
help: consider importing this struct
    |
  3 + use alloc::vec::Vec;
    |

error[E0433]: cannot find type `Vec` in this scope
   --> crates/beamr/src/term/bigint_math.rs:164:19
    |
164 |     let mut out = Vec::with_capacity(len + 1);
    |                   ^^^ use of undeclared type `Vec`
    |
help: consider importing this struct
    |
  3 + use alloc::vec::Vec;
    |

error[E0425]: cannot find type `Vec` in this scope
   --> crates/beamr/src/term/bigint_math.rs:181:48
    |
181 | pub fn sub_abs(left: &[u64], right: &[u64]) -> Vec<u64> {
    |                                                ^^^ not found in this scope
    |
help: consider importing this struct
    |
  3 + use alloc::vec::Vec;
    |

error[E0433]: cannot find type `Vec` in this scope
   --> crates/beamr/src/term/bigint_math.rs:183:19
    |
183 |     let mut out = Vec::with_capacity(left.len());
    |                   ^^^ use of undeclared type `Vec`
    |
help: consider importing this struct
    |
  3 + use alloc::vec::Vec;
    |

error[E0425]: cannot find type `Vec` in this scope
   --> crates/beamr/src/term/bigint_math.rs:202:48
    |
202 | pub fn mul_abs(left: &[u64], right: &[u64]) -> Vec<u64> {
    |                                                ^^^ not found in this scope
    |
help: consider importing this struct
    |
  3 + use alloc::vec::Vec;
    |

error[E0433]: cannot find type `Vec` in this scope
   --> crates/beamr/src/term/bigint_math.rs:204:16
    |
204 |         return Vec::new();
    |                ^^^ use of undeclared type `Vec`
    |
help: consider importing this struct
    |
  3 + use alloc::vec::Vec;
    |

error[E0425]: cannot find type `Vec` in this scope
   --> crates/beamr/src/term/bigint_math.rs:229:52
    |
229 | pub fn divmod_abs(left: &[u64], right: &[u64]) -> (Vec<u64>, Vec<u64>) {
    |                                                    ^^^ not found in this scope
    |
help: consider importing this struct
    |
  3 + use alloc::vec::Vec;
    |

error[E0425]: cannot find type `Vec` in this scope
   --> crates/beamr/src/term/bigint_math.rs:229:62
    |
229 | pub fn divmod_abs(left: &[u64], right: &[u64]) -> (Vec<u64>, Vec<u64>) {
    |                                                              ^^^ not found in this scope
    |
help: consider importing this struct
    |
  3 + use alloc::vec::Vec;
    |

error[E0433]: cannot find type `Vec` in this scope
   --> crates/beamr/src/term/bigint_math.rs:233:17
    |
233 |         return (Vec::new(), Vec::new());
    |                 ^^^ use of undeclared type `Vec`
    |
help: consider importing this struct
    |
  3 + use alloc::vec::Vec;
    |

error[E0433]: cannot find type `Vec` in this scope
   --> crates/beamr/src/term/bigint_math.rs:233:29
    |
233 |         return (Vec::new(), Vec::new());
    |                             ^^^ use of undeclared type `Vec`
    |
help: consider importing this struct
    |
  3 + use alloc::vec::Vec;
    |

error[E0433]: cannot find type `Vec` in this scope
   --> crates/beamr/src/term/bigint_math.rs:236:17
    |
236 |         return (Vec::new(), left.to_vec());
    |                 ^^^ use of undeclared type `Vec`
    |
help: consider importing this struct
    |
  3 + use alloc::vec::Vec;
    |

error[E0433]: cannot find type `Vec` in this scope
   --> crates/beamr/src/term/bigint_math.rs:239:24
    |
239 |     let mut quotient = Vec::new();
    |                        ^^^ use of undeclared type `Vec`
    |
help: consider importing this struct
    |
  3 + use alloc::vec::Vec;
    |

error[E0433]: cannot find type `Vec` in this scope
   --> crates/beamr/src/term/bigint_math.rs:240:25
    |
240 |     let mut remainder = Vec::new();
    |                         ^^^ use of undeclared type `Vec`
    |
help: consider importing this struct
    |
  3 + use alloc::vec::Vec;
    |

error[E0425]: cannot find type `Vec` in this scope
   --> crates/beamr/src/term/bigint_math.rs:273:32
    |
273 | fn normalize_limbs(limbs: &mut Vec<u64>) {
    |                                ^^^ not found in this scope
    |
help: consider importing this struct
    |
  3 + use alloc::vec::Vec;
    |

error[E0425]: cannot find type `Vec` in this scope
   --> crates/beamr/src/term/bigint_math.rs:297:28
    |
297 | pub fn set_bit(limbs: &mut Vec<u64>, bit: usize) {
    |                            ^^^ not found in this scope
    |
help: consider importing this struct
    |
  3 + use alloc::vec::Vec;
    |

error[E0425]: cannot find type `Vec` in this scope
   --> crates/beamr/src/term/bigint_math.rs:307:48
    |
307 | pub fn shl_abs(limbs: &[u64], shift: usize) -> Vec<u64> {
    |                                                ^^^ not found in this scope
    |
help: consider importing this struct
    |
  3 + use alloc::vec::Vec;
    |

error[E0433]: cannot find type `Vec` in this scope
   --> crates/beamr/src/term/bigint_math.rs:310:16
    |
310 |         return Vec::new();
    |                ^^^ use of undeclared type `Vec`
    |
help: consider importing this struct
    |
  3 + use alloc::vec::Vec;
    |

error[E0425]: cannot find type `Vec` in this scope
   --> crates/beamr/src/term/bigint_math.rs:330:38
    |
330 | pub fn low_bits_mask(bits: usize) -> Vec<u64> {
    |                                      ^^^ not found in this scope
    |
help: consider importing this struct
    |
  3 + use alloc::vec::Vec;
    |

error[E0433]: cannot find type `Vec` in this scope
   --> crates/beamr/src/term/bigint_math.rs:332:16
    |
332 |         return Vec::new();
    |                ^^^ use of undeclared type `Vec`
    |
help: consider importing this struct
    |
  3 + use alloc::vec::Vec;
    |

error[E0425]: cannot find type `Vec` in this scope
   --> crates/beamr/src/term/bigint_math.rs:346:51
    |
346 | pub fn bitand_abs(left: &[u64], right: &[u64]) -> Vec<u64> {
    |                                                   ^^^ not found in this scope
    |
help: consider importing this struct
    |
  3 + use alloc::vec::Vec;
    |

error[E0433]: cannot find type `Vec` in this scope
   --> crates/beamr/src/term/bigint_math.rs:348:19
    |
348 |     let mut out = Vec::with_capacity(len);
    |                   ^^^ use of undeclared type `Vec`
    |
help: consider importing this struct
    |
  3 + use alloc::vec::Vec;
    |

error[E0433]: cannot find module or crate `std` in this scope
  --> crates/beamr/src/term/binary.rs:11:27
   |
11 | const WORD_BYTES: usize = std::mem::size_of::<u64>();
   |                           ^^^ use of unresolved module or unlinked crate `std`
   |
   = help: if you wanted to use a crate named `std`, use `cargo add std` to add it to your `Cargo.toml`
help: consider importing this module
   |
 6 + use core::mem;
   |
help: if you import `mem`, refer to it directly
   |
11 - const WORD_BYTES: usize = std::mem::size_of::<u64>();
11 + const WORD_BYTES: usize = mem::size_of::<u64>();
   |

error[E0433]: cannot find module or crate `std` in this scope
  --> crates/beamr/src/term/binary.rs:75:18
   |
75 |         unsafe { std::slice::from_raw_parts(self.ptr.add(2).cast::<u8>(), len) }
   |                  ^^^ use of unresolved module or unlinked crate `std`
   |
   = help: if you wanted to use a crate named `std`, use `cargo add std` to add it to your `Cargo.toml`
help: consider importing one of these modules
   |
 6 + use core::slice;
   |
 6 + use alloc::slice;
   |
help: if you import `slice`, refer to it directly
   |
75 -         unsafe { std::slice::from_raw_parts(self.ptr.add(2).cast::<u8>(), len) }
75 +         unsafe { slice::from_raw_parts(self.ptr.add(2).cast::<u8>(), len) }
   |

error[E0433]: cannot find module or crate `std` in this scope
   --> crates/beamr/src/term/boxed/accessors.rs:117:18
    |
117 |         unsafe { std::slice::from_raw_parts(self.ptr.add(3), count) }
    |                  ^^^ use of unresolved module or unlinked crate `std`
    |
    = help: if you wanted to use a crate named `std`, use `cargo add std` to add it to your `Cargo.toml`
help: consider importing one of these modules
    |
  3 + use core::slice;
    |
  3 + use alloc::slice;
    |
help: if you import `slice`, refer to it directly
    |
117 -         unsafe { std::slice::from_raw_parts(self.ptr.add(3), count) }
117 +         unsafe { slice::from_raw_parts(self.ptr.add(3), count) }
    |

error[E0425]: cannot find type `Vec` in this scope
   --> crates/beamr/src/term/compare/mod.rs:537:6
    |
537 | ) -> Vec<MapEntry> {
    |      ^^^ not found in this scope
    |
help: consider importing this struct
    |
  5 + use alloc::vec::Vec;
    |

error[E0433]: cannot find type `Vec` in this scope
   --> crates/beamr/src/term/compare/mod.rs:538:23
    |
538 |     let mut entries = Vec::with_capacity(map.len());
    |                       ^^^ use of undeclared type `Vec`
    |
help: consider importing this struct
    |
  5 + use alloc::vec::Vec;
    |

error[E0425]: cannot find type `String` in this scope
  --> crates/beamr/src/term/format.rs:20:59
   |
20 | pub fn format_term(term: Term, atom_table: &AtomTable) -> String {
   |                                                           ^^^^^^ not found in this scope
   |
help: consider importing this struct
   |
 7 + use alloc::string::String;
   |

error[E0425]: cannot find type `String` in this scope
  --> crates/beamr/src/term/format.rs:24:78
   |
24 | fn format_term_at_depth(term: Term, atom_table: &AtomTable, depth: usize) -> String {
   |                                                                              ^^^^^^ not found in this scope
   |
help: consider importing this struct
   |
 7 + use alloc::string::String;
   |

error[E0425]: cannot find type `String` in this scope
  --> crates/beamr/src/term/format.rs:48:55
   |
48 | fn format_atom(atom: Atom, atom_table: &AtomTable) -> String {
   |                                                       ^^^^^^ not found in this scope
   |
help: consider importing this struct
   |
 7 + use alloc::string::String;
   |

error[E0425]: cannot find type `String` in this scope
  --> crates/beamr/src/term/format.rs:55:69
   |
55 | fn format_list(term: Term, atom_table: &AtomTable, depth: usize) -> String {
   |                                                                     ^^^^^^ not found in this scope
   |
help: consider importing this struct
   |
 7 + use alloc::string::String;
   |

error[E0433]: cannot find type `Vec` in this scope
  --> crates/beamr/src/term/format.rs:59:24
   |
59 |     let mut elements = Vec::new();
   |                        ^^^ use of undeclared type `Vec`
   |
help: consider importing this struct
   |
 7 + use alloc::vec::Vec;
   |

error[E0425]: cannot find type `String` in this scope
  --> crates/beamr/src/term/format.rs:92:52
   |
92 | fn format_printable_charlist(term: Term) -> Option<String> {
   |                                                    ^^^^^^ not found in this scope
   |
help: consider importing this struct
   |
 7 + use alloc::string::String;
   |

error[E0433]: cannot find type `String` in this scope
  --> crates/beamr/src/term/format.rs:93:19
   |
93 |     let mut out = String::from("\"");
   |                   ^^^^^^ use of undeclared type `String`
   |
help: consider importing this struct
   |
 7 + use alloc::string::String;
   |

error[E0425]: cannot find type `String` in this scope
   --> crates/beamr/src/term/format.rs:114:39
    |
114 | fn push_escaped_latin1_char(out: &mut String, code: u32) -> Option<()> {
    |                                       ^^^^^^ not found in this scope
    |
help: consider importing this struct
    |
  7 + use alloc::string::String;
    |

error[E0425]: cannot find type `String` in this scope
   --> crates/beamr/src/term/format.rs:131:70
    |
131 | fn format_boxed(term: Term, atom_table: &AtomTable, depth: usize) -> String {
    |                                                                      ^^^^^^ not found in this scope
    |
help: consider importing this struct
    |
  7 + use alloc::string::String;
    |

error[E0425]: cannot find type `String` in this scope
   --> crates/beamr/src/term/format.rs:171:72
    |
171 | fn format_tuple(tuple: Tuple, atom_table: &AtomTable, depth: usize) -> String {
    |                                                                        ^^^^^^ not found in this scope
    |
help: consider importing this struct
    |
  7 + use alloc::string::String;
    |

error[E0433]: cannot find type `Vec` in this scope
   --> crates/beamr/src/term/format.rs:172:24
    |
172 |     let mut elements = Vec::with_capacity(tuple.arity());
    |                        ^^^ use of undeclared type `Vec`
    |
help: consider importing this struct
    |
  7 + use alloc::vec::Vec;
    |

error[E0425]: cannot find type `String` in this scope
   --> crates/beamr/src/term/format.rs:183:40
    |
183 | fn format_binary(binary: BinaryRef) -> String {
    |                                        ^^^^^^ not found in this scope
    |
help: consider importing this struct
    |
  7 + use alloc::string::String;
    |

error[E0433]: cannot find module or crate `std` in this scope
   --> crates/beamr/src/term/format.rs:185:11
    |
185 |     match std::str::from_utf8(bytes) {
    |           ^^^ use of unresolved module or unlinked crate `std`
    |
    = help: if you wanted to use a crate named `std`, use `cargo add std` to add it to your `Cargo.toml`
help: consider importing one of these modules
    |
  7 + use core::str;
    |
  7 + use alloc::str;
    |
help: if you import `str`, refer to it directly
    |
185 -     match std::str::from_utf8(bytes) {
185 +     match str::from_utf8(bytes) {
    |

error[E0425]: cannot find type `String` in this scope
   --> crates/beamr/src/term/format.rs:191:33
    |
191 | fn escape_string(text: &str) -> String {
    |                                 ^^^^^^ not found in this scope
    |
help: consider importing this struct
    |
  7 + use alloc::string::String;
    |

error[E0425]: cannot find type `String` in this scope
   --> crates/beamr/src/term/format.rs:195:32
    |
195 | fn format_float(value: f64) -> String {
    |                                ^^^^^^ not found in this scope
    |
help: consider importing this struct
    |
  7 + use alloc::string::String;
    |

error[E0425]: cannot find type `String` in this scope
   --> crates/beamr/src/term/format.rs:204:64
    |
204 | fn format_closure(closure: Closure, atom_table: &AtomTable) -> String {
    |                                                                ^^^^^^ not found in this scope
    |
help: consider importing this struct
    |
  7 + use alloc::string::String;
    |

error[E0425]: cannot find type `String` in this scope
   --> crates/beamr/src/term/format.rs:217:66
    |
217 | fn format_map(map: Map, atom_table: &AtomTable, depth: usize) -> String {
    |                                                                  ^^^^^^ not found in this scope
    |
help: consider importing this struct
    |
  7 + use alloc::string::String;
    |

error[E0433]: cannot find type `Vec` in this scope
   --> crates/beamr/src/term/format.rs:218:23
    |
218 |     let mut entries = Vec::with_capacity(map.len());
    |                       ^^^ use of undeclared type `Vec`
    |
help: consider importing this struct
    |
  7 + use alloc::vec::Vec;
    |

error[E0425]: cannot find type `String` in this scope
   --> crates/beamr/src/term/format.rs:233:48
    |
233 | fn bigint_to_decimal_string(bigint: BigInt) -> String {
    |                                                ^^^^^^ not found in this scope
    |
help: consider importing this struct
    |
  7 + use alloc::string::String;
    |

error[E0425]: cannot find type `Vec` in this scope
   --> crates/beamr/src/term/hash.rs:227:29
    |
227 | fn map_entries(map: Map) -> Vec<MapEntry> {
    |                             ^^^ not found in this scope
    |
help: consider importing this struct
    |
  7 + use alloc::vec::Vec;
    |

error[E0433]: cannot find type `Vec` in this scope
   --> crates/beamr/src/term/hash.rs:228:23
    |
228 |     let mut entries = Vec::with_capacity(map.len());
    |                       ^^^ use of undeclared type `Vec`
    |
help: consider importing this struct
    |
  7 + use alloc::vec::Vec;
    |

error[E0425]: cannot find type `Vec` in this scope
  --> crates/beamr/src/term/shared_binary.rs:36:16
   |
36 |     inner: Arc<Vec<u8>>,
   |                ^^^ not found in this scope
   |
help: consider importing this struct
   |
 7 + use alloc::vec::Vec;
   |

error[E0425]: cannot find type `Vec` in this scope
  --> crates/beamr/src/term/shared_binary.rs:41:23
   |
41 |     pub fn new(bytes: Vec<u8>) -> Self {
   |                       ^^^ not found in this scope
   |
help: consider importing this struct
   |
 7 + use alloc::vec::Vec;
   |

error[E0425]: cannot find type `Vec` in this scope
  --> crates/beamr/src/term/shared_binary.rs:68:33
   |
68 |         let ptr = raw as *const Vec<u8>;
   |                                 ^^^ not found in this scope
   |
help: consider importing this struct
   |
 7 + use alloc::vec::Vec;
   |

error[E0425]: cannot find type `Vec` in this scope
  --> crates/beamr/src/term/shared_binary.rs:80:33
   |
80 |         let ptr = raw as *const Vec<u8>;
   |                                 ^^^ not found in this scope
   |
help: consider importing this struct
   |
 7 + use alloc::vec::Vec;
   |

error[E0433]: cannot find module or crate `std` in this scope
  --> crates/beamr/src/term/mod.rs:74:51
   |
74 |     fn partial_cmp(&self, other: &Self) -> Option<std::cmp::Ordering> {
   |                                                   ^^^ use of unresolved module or unlinked crate `std`
   |
   = help: if you wanted to use a crate named `std`, use `cargo add std` to add it to your `Cargo.toml`
help: consider importing this module
   |
23 + use core::cmp;
   |
help: if you import `cmp`, refer to it directly
   |
74 -     fn partial_cmp(&self, other: &Self) -> Option<std::cmp::Ordering> {
74 +     fn partial_cmp(&self, other: &Self) -> Option<cmp::Ordering> {
   |

error[E0433]: cannot find module or crate `std` in this scope
  --> crates/beamr/src/term/mod.rs:80:36
   |
80 |     fn cmp(&self, other: &Self) -> std::cmp::Ordering {
   |                                    ^^^ use of unresolved module or unlinked crate `std`
   |
   = help: if you wanted to use a crate named `std`, use `cargo add std` to add it to your `Cargo.toml`
help: consider importing this module
   |
23 + use core::cmp;
   |
help: if you import `cmp`, refer to it directly
   |
80 -     fn cmp(&self, other: &Self) -> std::cmp::Ordering {
80 +     fn cmp(&self, other: &Self) -> cmp::Ordering {
   |

error[E0425]: cannot find type `Vec` in this scope
  --> crates/beamr/src/timer.rs:85:14
   |
85 |     buckets: Vec<Vec<TimerRef>>,
   |              ^^^ not found in this scope
   |
help: consider importing this struct
   |
 8 + use alloc::vec::Vec;
   |

error[E0425]: cannot find type `Vec` in this scope
  --> crates/beamr/src/timer.rs:85:18
   |
85 |     buckets: Vec<Vec<TimerRef>>,
   |                  ^^^ not found in this scope
   |
help: consider importing this struct
   |
 8 + use alloc::vec::Vec;
   |

error[E0433]: cannot find type `Vec` in this scope
   --> crates/beamr/src/timer.rs:103:49
    |
103 |         let buckets = (0..bucket_count).map(|_| Vec::new()).collect();
    |                                                 ^^^ use of undeclared type `Vec`
    |
help: consider importing this struct
    |
  8 + use alloc::vec::Vec;
    |

error[E0425]: cannot find type `Vec` in this scope
   --> crates/beamr/src/timer.rs:202:31
    |
202 |     pub fn tick(&mut self) -> Vec<ExpiredTimer> {
    |                               ^^^ not found in this scope
    |
help: consider importing this struct
    |
  8 + use alloc::vec::Vec;
    |

error[E0425]: cannot find type `Vec` in this scope
   --> crates/beamr/src/timer.rs:207:48
    |
207 |     pub fn tick_at(&mut self, now: Instant) -> Vec<ExpiredTimer> {
    |                                                ^^^ not found in this scope
    |
help: consider importing this struct
    |
  8 + use alloc::vec::Vec;
    |

error[E0433]: cannot find type `Vec` in this scope
   --> crates/beamr/src/timer.rs:208:27
    |
208 |         let mut expired = Vec::new();
    |                           ^^^ use of undeclared type `Vec`
    |
help: consider importing this struct
    |
  8 + use alloc::vec::Vec;
    |

error[E0425]: cannot find type `Vec` in this scope
   --> crates/beamr/src/timer.rs:263:23
    |
263 |         expired: &mut Vec<ExpiredTimer>,
    |                       ^^^ not found in this scope
    |
help: consider importing this struct
    |
  8 + use alloc::vec::Vec;
    |

warning: unused import: `packed_word_count`
  --> crates/beamr/src/constant_pool/mod.rs:15:27
   |
15 | use crate::term::binary::{packed_word_count, write_binary};
   |                           ^^^^^^^^^^^^^^^^^
   |
   = note: `#[warn(unused_imports)]` (part of `#[warn(unused)]`) on by default

warning: unused import: `TimerRef`
  --> crates/beamr/src/replay/driver.rs:12:34
   |
12 | use crate::timer::{ExpiredTimer, TimerRef};
   |                                  ^^^^^^^^

Some errors have detailed explanations: E0425, E0432, E0433.
For more information about an error, try `rustc --explain E0425`.
warning: `beamr` (lib) generated 2 warnings
error: could not compile `beamr` (lib) due to 1075 previous errors; 2 warnings emitted
